
/media/diogo/linux_rootfs_2/PhD_osyx/performance_profiling/guests/baremetal/build/zcu104/cache_stressor/bandwidth_benchmark/baremetal_cache_w-C3-W1M.elf:     file format elf64-littleaarch64
/media/diogo/linux_rootfs_2/PhD_osyx/performance_profiling/guests/baremetal/build/zcu104/cache_stressor/bandwidth_benchmark/baremetal_cache_w-C3-W1M.elf
architecture: aarch64, flags 0x00000112:
EXEC_P, HAS_SYMS, D_PAGED
start address 0x0000000000000000

Program Header:
    LOAD off    0x0000000000010000 vaddr 0x0000000000000000 paddr 0x0000000000000000 align 2**16
         filesz 0x0000000000018000 memsz 0x0000000000018000 flags rwx
    LOAD off    0x0000000000000000 vaddr 0x0000000000100000 paddr 0x0000000000100000 align 2**20
         filesz 0x0000000000000000 memsz 0x0000000000300470 flags rw-
private flags = 0x0:

Sections:
Idx Name            Size      VMA               LMA               File off  Algn  Flags
  0 .start          00000148  0000000000000000  0000000000000000  00010000  2**3  CONTENTS, ALLOC, LOAD, READONLY, CODE
  1 .text           0000f570  0000000000000800  0000000000000800  00010800  2**11  CONTENTS, ALLOC, LOAD, READONLY, CODE
  2 .rodata         00000e01  000000000000fd70  000000000000fd70  0001fd70  2**4  CONTENTS, ALLOC, LOAD, READONLY, DATA
  3 .eh_frame       000000cc  0000000000010b78  0000000000010b78  00020b78  2**3  CONTENTS, ALLOC, LOAD, READONLY, DATA
  4 .data           00000ca8  0000000000010c50  0000000000010c50  00020c50  2**4  CONTENTS, ALLOC, LOAD, DATA
  5 .page_tables    00006000  0000000000012000  0000000000012000  00022000  2**12  CONTENTS, ALLOC, LOAD, DATA
  6 .bss            00300470  0000000000100000  0000000000100000  00100000  2**20  ALLOC
  7 .debug_info     00027ea4  0000000000000000  0000000000000000  00028000  2**0  CONTENTS, READONLY, DEBUGGING, OCTETS
  8 .debug_abbrev   0000941e  0000000000000000  0000000000000000  0004fea4  2**0  CONTENTS, READONLY, DEBUGGING, OCTETS
  9 .debug_loclists 000161dd  0000000000000000  0000000000000000  000592c2  2**0  CONTENTS, READONLY, DEBUGGING, OCTETS
 10 .debug_aranges  000013b0  0000000000000000  0000000000000000  0006f4a0  2**4  CONTENTS, READONLY, DEBUGGING, OCTETS
 11 .debug_macro    000044a2  0000000000000000  0000000000000000  00070850  2**0  CONTENTS, READONLY, DEBUGGING, OCTETS
 12 .debug_line     00010387  0000000000000000  0000000000000000  00074cf2  2**0  CONTENTS, READONLY, DEBUGGING, OCTETS
 13 .debug_str      00010ec5  0000000000000000  0000000000000000  00085079  2**0  CONTENTS, READONLY, DEBUGGING, OCTETS
 14 .debug_line_str 00002c37  0000000000000000  0000000000000000  00095f3e  2**0  CONTENTS, READONLY, DEBUGGING, OCTETS
 15 .comment        00000045  0000000000000000  0000000000000000  00098b75  2**0  CONTENTS, READONLY
 16 .debug_frame    000028a8  0000000000000000  0000000000000000  00098bc0  2**3  CONTENTS, READONLY, DEBUGGING, OCTETS
 17 .debug_rnglists 00001671  0000000000000000  0000000000000000  0009b468  2**0  CONTENTS, READONLY, DEBUGGING, OCTETS
SYMBOL TABLE:
0000000000000000 l    d  .start	0000000000000000 .start
0000000000000800 l    d  .text	0000000000000000 .text
000000000000fd70 l    d  .rodata	0000000000000000 .rodata
0000000000010b78 l    d  .eh_frame	0000000000000000 .eh_frame
0000000000010c50 l    d  .data	0000000000000000 .data
0000000000012000 l    d  .page_tables	0000000000000000 .page_tables
0000000000100000 l    d  .bss	0000000000000000 .bss
0000000000000000 l    d  .debug_info	0000000000000000 .debug_info
0000000000000000 l    d  .debug_abbrev	0000000000000000 .debug_abbrev
0000000000000000 l    d  .debug_loclists	0000000000000000 .debug_loclists
0000000000000000 l    d  .debug_aranges	0000000000000000 .debug_aranges
0000000000000000 l    d  .debug_macro	0000000000000000 .debug_macro
0000000000000000 l    d  .debug_line	0000000000000000 .debug_line
0000000000000000 l    d  .debug_str	0000000000000000 .debug_str
0000000000000000 l    d  .debug_line_str	0000000000000000 .debug_line_str
0000000000000000 l    d  .comment	0000000000000000 .comment
0000000000000000 l    d  .debug_frame	0000000000000000 .debug_frame
0000000000000000 l    d  .debug_rnglists	0000000000000000 .debug_rnglists
0000000000000000 l    df *ABS*	0000000000000000 start.o
0000000000000060 l       .start	0000000000000000 _enter_el1
00000000000000f8 l       .start	0000000000000000 clear
0000000000010c70 l       .data	0000000000000000 wait_flag
0000000000000000 l    df *ABS*	0000000000000000 irq.c
0000000000000000 l    df *ABS*	0000000000000000 retarget.c
0000000000010c50 l     O .data	0000000000000008 heap_end.0
0000000000102000 l     O .bss	0000000000000004 init_lock
0000000000102004 l     O .bss	0000000000000001 init_done
0000000000000000 l    df *ABS*	0000000000000000 virtio_console.c
00000000000103e8 l     O .rodata	0000000000000017 __func__.2
0000000000010400 l     O .rodata	0000000000000016 __func__.1
0000000000010418 l     O .rodata	0000000000000014 __func__.0
0000000000000000 l    df *ABS*	0000000000000000 zcu.c
0000000000000000 l    df *ABS*	0000000000000000 zynq_uart.c
0000000000000000 l    df *ABS*	0000000000000000 init.c
0000000000000000 l    df *ABS*	0000000000000000 psci.c
0000000000000000 l    df *ABS*	0000000000000000 irq.c
0000000000000000 l    df *ABS*	0000000000000000 timer.c
0000000000000000 l    df *ABS*	0000000000000000 gicv2.c
0000000000000000 l    df *ABS*	0000000000000000 main.c
0000000000200008 l     O .bss	0000000000000008 buf_index_ticket.0
0000000000000000 l    df *ABS*	0000000000000000 exceptions.o
0000000000002000 l       .text	0000000000000000 curr_el_sp0_sync
0000000000002080 l       .text	0000000000000000 curr_el_sp0_irq
0000000000002100 l       .text	0000000000000000 curr_el_sp0_fiq
0000000000002180 l       .text	0000000000000000 curr_el_sp0_serror
0000000000002200 l       .text	0000000000000000 curr_el_spx_sync
0000000000002280 l       .text	0000000000000000 curr_el_spx_irq
0000000000002300 l       .text	0000000000000000 curr_el_spx_fiq
0000000000002380 l       .text	0000000000000000 curr_el_spx_serror
0000000000002400 l       .text	0000000000000000 lower_el_aarch64_sync
0000000000002480 l       .text	0000000000000000 lower_el_aarch64_irq
0000000000002500 l       .text	0000000000000000 lower_el_aarch64_fiq
0000000000002580 l       .text	0000000000000000 lower_el_aarch64_serror
0000000000002600 l       .text	0000000000000000 lower_el_aarch32_sync
0000000000002680 l       .text	0000000000000000 lower_el_aarch32_irq
0000000000002700 l       .text	0000000000000000 lower_el_aarch32_fiq
0000000000002780 l       .text	0000000000000000 lower_el_aarch32_serror
0000000000000000 l    df *ABS*	0000000000000000 page_tables.o
0000000000012000 l       .page_tables	0000000000000000 l2_page_tables
0000000100000000 l       *ABS*	0000000000000000 ADDR
00000000000007c0 l       *ABS*	0000000000000000 COUNT
0000000000016000 l       .page_tables	0000000000000000 l1_page_table
0000000000000000 l    df *ABS*	0000000000000000 puts.c
0000000000000000 l    df *ABS*	0000000000000000 findfp.c
0000000000002910 l     F .text	000000000000001c stdio_exit_handler
0000000000002930 l     F .text	0000000000000074 cleanup_stdio
00000000000029b0 l     F .text	0000000000000034 __fp_lock
00000000000029f0 l     F .text	0000000000000034 __fp_unlock
0000000000002a30 l     F .text	0000000000000158 global_stdio_init.part.0
0000000000000000 l    df *ABS*	0000000000000000 libc_a-strcpy.o
0000000000000000 l    df *ABS*	0000000000000000 libc_a-strlen.o
0000000000000000 l    df *ABS*	0000000000000000 stdio.c
0000000000000000 l    df *ABS*	0000000000000000 mallocr.c
0000000000000000 l    df *ABS*	0000000000000000 assert.c
0000000000000000 l    df *ABS*	0000000000000000 sbrkr.c
0000000000000000 l    df *ABS*	0000000000000000 errno.c
0000000000000000 l    df *ABS*	0000000000000000 fvwrite.c
0000000000000000 l    df *ABS*	0000000000000000 fwalk.c
0000000000000000 l    df *ABS*	0000000000000000 wsetup.c
0000000000000000 l    df *ABS*	0000000000000000 mlock.c
0000000000000000 l    df *ABS*	0000000000000000 lock.c
0000000000000000 l    df *ABS*	0000000000000000 libc_a-memchr.o
0000000000000000 l    df *ABS*	0000000000000000 libc_a-memcpy.o
0000000000000000 l    df *ABS*	0000000000000000 makebuf.c
0000000000000000 l    df *ABS*	0000000000000000 printf.c
0000000000000000 l    df *ABS*	0000000000000000 reallocr.c
0000000000000000 l    df *ABS*	0000000000000000 freer.c
0000000000000000 l    df *ABS*	0000000000000000 closer.c
0000000000000000 l    df *ABS*	0000000000000000 reent.c
0000000000000000 l    df *ABS*	0000000000000000 fclose.c
0000000000000000 l    df *ABS*	0000000000000000 impure.c
0000000000000000 l    df *ABS*	0000000000000000 fiprintf.c
0000000000000000 l    df *ABS*	0000000000000000 fflush.c
0000000000000000 l    df *ABS*	0000000000000000 libc_a-memset.o
0000000000000000 l    df *ABS*	0000000000000000 fstatr.c
0000000000000000 l    df *ABS*	0000000000000000 isattyr.c
0000000000000000 l    df *ABS*	0000000000000000 lseekr.c
0000000000000000 l    df *ABS*	0000000000000000 readr.c
0000000000000000 l    df *ABS*	0000000000000000 vfprintf.c
0000000000008df0 l     F .text	00000000000000e0 __sbprintf
0000000000010500 l     O .rodata	0000000000000010 zeroes.0
0000000000010510 l     O .rodata	0000000000000010 blanks.1
0000000000000000 l    df *ABS*	0000000000000000 vfiprintf.c
000000000000a970 l     F .text	00000000000000e0 __sbprintf
00000000000105e0 l     O .rodata	0000000000000010 zeroes.0
00000000000105f0 l     O .rodata	0000000000000010 blanks.1
0000000000000000 l    df *ABS*	0000000000000000 abort.c
0000000000000000 l    df *ABS*	0000000000000000 wcrtomb.c
0000000000000000 l    df *ABS*	0000000000000000 wcsrtombs.c
0000000000000000 l    df *ABS*	0000000000000000 dtoa.c
000000000000abe0 l     F .text	00000000000001a4 quorem
0000000000000000 l    df *ABS*	0000000000000000 locale.c
000000000000bf30 l     F .text	00000000000000c4 currentlocale
0000000000011630 l     O .data	00000000000000e7 global_locale_string
0000000000010850 l     O .rodata	0000000000000038 categories
0000000000400380 l     O .bss	00000000000000e0 new_categories.1
00000000004002a0 l     O .bss	00000000000000e0 saved_categories.0
0000000000000000 l    df *ABS*	0000000000000000 localeconv.c
0000000000000000 l    df *ABS*	0000000000000000 sprint_r.c
0000000000000000 l    df *ABS*	0000000000000000 s_frexp.c
0000000000000000 l    df *ABS*	0000000000000000 strtol.c
000000000000ccf0 l     F .text	0000000000000184 _strtol_l.part.0
0000000000000000 l    df *ABS*	0000000000000000 getenv_r.c
0000000000000000 l    df *ABS*	0000000000000000 strlcpy.c
0000000000000000 l    df *ABS*	0000000000000000 signal.c
0000000000000000 l    df *ABS*	0000000000000000 libc_a-strchr.o
0000000000000000 l    df *ABS*	0000000000000000 strncasecmp.c
0000000000000000 l    df *ABS*	0000000000000000 wctomb_r.c
0000000000000000 l    df *ABS*	0000000000000000 strncpy.c
0000000000000000 l    df *ABS*	0000000000000000 libc_a-strcmp.o
0000000000000000 l    df *ABS*	0000000000000000 libc_a-strncmp.o
0000000000000000 l    df *ABS*	0000000000000000 mbtowc_r.c
0000000000010890 l     O .rodata	0000000000000048 JIS_action_table
00000000000108e0 l     O .rodata	0000000000000048 JIS_state_table
0000000000000000 l    df *ABS*	0000000000000000 signalr.c
0000000000000000 l    df *ABS*	0000000000000000 mprec.c
0000000000010928 l     O .rodata	000000000000000c p05.0
0000000000000000 l    df *ABS*	0000000000000000 callocr.c
0000000000000000 l    df *ABS*	0000000000000000 wcsnrtombs.c
0000000000000000 l    df *ABS*	0000000000000000 strcasecmp.c
0000000000000000 l    df *ABS*	0000000000000000 strcat.c
0000000000000000 l    df *ABS*	0000000000000000 ctype_.c
0000000000000000 l    df *ABS*	0000000000000000 environ.c
0000000000400468 l     O .bss	0000000000000008 initial_env
0000000000000000 l    df *ABS*	0000000000000000 envlock.c
0000000000000000 l    df *ABS*	0000000000000000 trunctfdf2.c
0000000000000000 l    df *ABS*	0000000000000000 sfp-exceptions.c
000000000000fd00 g     F .text	0000000000000070 .hidden __sfp_handle_exceptions
000000000000f430 g     F .text	0000000000000030 _mprec_log10
0000000000001c30 g     F .text	0000000000000020 gic_is_pending
000000000000f4d0 g     F .text	000000000000006c __any_on
00000000000059a0 g     F .text	000000000000004c _isatty_r
0000000000010940 g     O .rodata	0000000000000028 __mprec_tinytens
0000000000002e00 g     F .text	000000000000012c strcpy
0000000000000a50 g     F .text	0000000000000008 _getpid
0000000000002800 g     F .text	00000000000000f4 _puts_r
0000000000400470 g       .bss	0000000000000000 _stack_base
00000000000059f0 g     F .text	0000000000000054 _lseek_r
00000000000017f4 g     F .text	000000000000001c psci_cpu_suspend
0000000000001ce4 g     F .text	0000000000000040 gic_handle
000000000000e4a0 g     F .text	0000000000000050 _kill_r
0000000000004790 g     F .text	0000000000000080 printf
0000000000400290 g     O .bss	0000000000000001 __lock___atexit_recursive_mutex
0000000000001920 g     F .text	0000000000000084 gicc_init
000000000000aa70 g     F .text	0000000000000088 _wcrtomb_r
000000000000d110 g     F .text	0000000000000078 _signal_r
0000000000003140 g     F .text	0000000000000050 __sseek
0000000000002ce0 g     F .text	0000000000000064 __sinit
000000000000c810 g     F .text	00000000000003b0 _setlocale_r
00000000000017e0 g     F .text	0000000000000014 psci_version
0000000000004130 g     F .text	000000000000000c __malloc_unlock
0000000000400260 g     O .bss	0000000000000001 __lock___arc4random_mutex
00000000000015f0 g     F .text	000000000000005c xil_uart_init
000000000000f900 g     F .text	0000000000000010 __set_ctype
0000000000001670 g     F .text	0000000000000034 xil_uart_set_baud_rate
0000000000004300 g     F .text	0000000000000000 memmove
000000000000e500 g     F .text	000000000000008c _Balloc
0000000000010c60 g     O .data	0000000000000008 gicd
0000000000001850 g     F .text	000000000000001c psci_affinity_info
0000000000001ba0 g     F .text	0000000000000024 gic_send_sgi
00000000000017d0 g     F .text	0000000000000008 smc_call
0000000000003a70 g     F .text	000000000000000c __errno
0000000000004160 g     F .text	0000000000000004 __retarget_lock_close
000000000000cbf0 g     F .text	0000000000000008 __localeconv_l
0000000000400218 g     O .bss	0000000000000008 __stdio_exit_handler
0000000000000ae0 g     F .text	0000000000000234 virtio_console_mmio_init
000000000000d810 g     F .text	0000000000000084 __sjis_wctomb
0000000000005950 g     F .text	0000000000000050 _fstat_r
00000000000000f4 g       .start	0000000000000000 psci_wake_up
00000000000014f0 g     F .text	0000000000000008 virtio_console_rx_get_buffer
000000000040029c g     O .bss	0000000000000004 errno
00000000000030c0 g     F .text	0000000000000008 __seofread
0000000000001870 g     F .text	0000000000000048 irq_enable
0000000000001710 g     F .text	0000000000000014 xil_uart_enable_irq
0000000000001660 g     F .text	0000000000000010 xil_uart_disable
000000000000d8a0 g     F .text	00000000000000a8 __eucjp_wctomb
0000000000004300 g     F .text	000000000000022c memcpy
0000000000001cc4 g     F .text	0000000000000020 gic_is_active
0000000000000800 g     F .text	0000000000000018 irq_set_handler
0000000000002900 g     F .text	0000000000000010 puts
000000000000f3a0 g     F .text	0000000000000088 __ratio
0000000000000820 g     F .text	0000000000000028 irq_handle
0000000000004720 g     F .text	0000000000000070 _printf_r
000000000000d190 g     F .text	00000000000000a4 _raise_r
00000000000009f0 g     F .text	0000000000000010 _fstat
00000000000039a0 g     F .text	0000000000000054 __assert_func
00000000000109a0 g     O .rodata	00000000000000c8 __mprec_tens
0000000000400258 g     O .bss	0000000000000008 __malloc_top_pad
000000000000e4f0 g     F .text	0000000000000004 _getpid_r
000000000000cc00 g     F .text	000000000000000c _localeconv_r
000000000000e910 g     F .text	00000000000000b8 __i2b
0000000000003a80 g     F .text	00000000000004cc __sfvwrite_r
000000000000d240 g     F .text	00000000000000c0 __sigtramp_r
00000000000015c0 g     F .text	000000000000002c uart_clear_rxirq
0000000000003a20 g     F .text	000000000000004c _sbrk_r
0000000000408470 g       .bss	0000000000000000 _heap_base
0000000000001b00 g     F .text	000000000000006c gic_set_trgt
0000000000005a50 g     F .text	0000000000000060 _read_r
0000000000005260 g     F .text	000000000000013c _fclose_r
0000000000000850  w    F .text	0000000000000004 irq_clear_ipi
0000000000005760 g     F .text	00000000000000b8 fflush
0000000000400250 g     O .bss	0000000000000008 __malloc_max_sbrked_mem
0000000000200010 g     O .bss	0000000000000960 accesses_per_sample
000000000000f130 g     F .text	000000000000012c __b2d
0000000000400278 g     O .bss	0000000000000001 __lock___env_recursive_mutex
0000000000000a00 g     F .text	0000000000000024 _isatty
0000000000004810 g     F .text	0000000000000524 _realloc_r
000000000000d650 g     F .text	000000000000007c strncasecmp
0000000000400470 g       .bss	0000000000000000 __bss_end
000000000000ceb0 g     F .text	0000000000000048 strtol_l
000000000000f7d0 g     F .text	0000000000000038 wcsnrtombs
0000000000010970 g     O .rodata	0000000000000028 __mprec_bigtens
000000000000e6c0 g     F .text	0000000000000130 __s2b
000000000000aa50 g     F .text	0000000000000018 abort
0000000000000a24 g     F .text	0000000000000018 _sbrk
000000000000ee50 g     F .text	0000000000000050 __mcmp
0000000000002d70 g     F .text	0000000000000030 __fp_lock_all
0000000000000a84  w    F .text	0000000000000050 _init
000000000000cf00 g     F .text	0000000000000048 strtol
000000000000d950 g     F .text	00000000000000bc __jis_wctomb
0000000000005190 g     F .text	00000000000000cc _reclaim_reent
00000000000016e0 g     F .text	0000000000000028 xil_uart_puts
000000000000e7f0 g     F .text	0000000000000080 __hi0bits
0000000000400280 g     O .bss	0000000000000001 __lock___malloc_recursive_mutex
0000000000001590 g     F .text	000000000000001c uart_getchar
00000000003ffff0 g     O .bss	0000000000000228 __sf
00000000000118f0 g     O .data	0000000000000008 environ
000000000000f880 g     F .text	0000000000000074 strcat
0000000000001b70 g     F .text	000000000000002c gic_get_trgt
000000000000ebc0 g     F .text	0000000000000120 __pow5mult
00000000000041d0 g     F .text	0000000000000004 __retarget_lock_release_recursive
0000000000001810 g     F .text	0000000000000018 psci_cpu_off
00000000000106a0 g     O .rodata	00000000000001a8 __C_locale
0000000000001a54 g     F .text	0000000000000024 gic_init
00000000000041b0 g     F .text	0000000000000008 __retarget_lock_try_acquire_recursive
0000000000001724 g     F .text	0000000000000008 xil_uart_clear_irq
0000000000200000 g     O .bss	0000000000000004 cpu_ticket_lock
0000000000001550 g     F .text	0000000000000028 uart_init
000000000000c790 g     F .text	000000000000007c __get_locale_env
0000000000002d50 g     F .text	000000000000000c __sfp_lock_acquire
0000000000004200 g     F .text	00000000000000dc memchr
0000000000004e60 g     F .text	00000000000002e0 _free_r
000000000000cbc0 g     F .text	000000000000000c __locale_mb_cur_max
000000000000aba0 g     F .text	0000000000000010 _wcsrtombs_r
0000000000001c50 g     F .text	0000000000000074 gic_set_pending
00000000000118d0 g     O .data	0000000000000020 __default_locale
0000000000010c90 g     O .data	0000000000000008 __malloc_sbrk_base
0000000000000000 g       .start	0000000000000000 _start
00000000000041a0 g     F .text	0000000000000008 __retarget_lock_try_acquire
0000000000200970 g     O .bss	0000000000000960 sample_elapsed_ticks
00000000000009c0 g     F .text	0000000000000024 _lseek
000000000000ece0 g     F .text	0000000000000168 __lshift
000000000000d3b0 g     F .text	0000000000000088 signal
0000000000000d14 g     F .text	000000000000033c virtio_console_init
0000000000001a80 g     F .text	000000000000007c gic_set_enable
0000000000100000 g     O .bss	0000000000002000 irq_handlers
000000000000e0e0 g     F .text	00000000000000cc __sjis_mbtowc
000000000000d070 g     F .text	000000000000003c strlcpy
00000000000018c0 g     F .text	0000000000000008 irq_set_prio
000000000000dc00 g     F .text	00000000000001b4 strncmp
000000000000abb0 g     F .text	0000000000000028 wcsrtombs
000000000000e9d0 g     F .text	00000000000001e4 __multiply
000000000000da10 g     F .text	0000000000000090 strncpy
0000000000400220 g     O .bss	0000000000000028 __malloc_current_mallinfo
000000000000f260 g     F .text	000000000000013c __d2b
000000000000f810 g     F .text	000000000000006c strcasecmp
00000000000018d0 g     F .text	0000000000000050 irq_send_ipi
0000000000102010 g     O .bss	0000000000000004 gicd_lock
0000000000005140 g     F .text	000000000000004c _close_r
0000000000004170 g     F .text	0000000000000004 __retarget_lock_close_recursive
0000000000003ff0 g     F .text	0000000000000130 __swsetup_r
0000000000002b90 g     F .text	0000000000000144 __sfp
000000000000f460 g     F .text	0000000000000068 __copybits
0000000000010ca0 g     O .data	0000000000000810 __malloc_av_
0000000000003070 g     F .text	0000000000000050 __sread
0000000000004120 g     F .text	000000000000000c __malloc_lock
00000000000056a0 g     F .text	00000000000000b8 _fflush_r
0000000000001830 g     F .text	000000000000001c psci_cpu_on
000000000000de20 g     F .text	00000000000002b8 __utf8_mbtowc
000000000000f540 g     F .text	00000000000000c0 _calloc_r
0000000000004190 g     F .text	0000000000000004 __retarget_lock_acquire_recursive
0000000000100000 g       .bss	0000000000000000 __bss_start
0000000000005840 g     F .text	0000000000000104 memset
0000000000001d30 g     F .text	00000000000001c4 main
0000000000400248 g     O .bss	0000000000000008 __malloc_max_total_mem
0000000000004150 g     F .text	0000000000000004 __retarget_lock_init_recursive
000000000000e1b0 g     F .text	0000000000000124 __eucjp_mbtowc
0000000000001580 g     F .text	0000000000000010 uart_putc
0000000000003190 g     F .text	0000000000000008 __sclose
00000000000053a0 g     F .text	0000000000000010 fclose
000000000000ce80 g     F .text	0000000000000030 _strtol_r
000000000000cf50 g     F .text	00000000000000fc _findenv_r
000000000000ad90 g     F .text	0000000000001198 _dtoa_r
00000000000031a0 g     F .text	00000000000007f4 _malloc_r
000000000000d6e0 g     F .text	0000000000000034 __ascii_wctomb
000000000000d720 g     F .text	00000000000000e4 __utf8_wctomb
00000000000053b0 g     F .text	0000000000000068 _fiprintf_r
000000000000d440 g     F .text	0000000000000060 _init_signal
000000000000f920 g     F .text	000000000000000c __env_unlock
000000000000ddc0 g     F .text	0000000000000010 _mbtowc_r
0000000000004d40 g     F .text	0000000000000118 _malloc_trim_r
000000000000f600 g     F .text	00000000000001a4 _wcsnrtombs_l
000000000000dac0 g     F .text	0000000000000134 strcmp
000000000000a930 g     F .text	0000000000000034 vfiprintf
0000000000004140 g     F .text	0000000000000004 __retarget_lock_init
0000000000002000 g       .text	0000000000000000 _exception_vector
0000000000400460 g     O .bss	0000000000000008 _PathLocale
000000000000f7b0 g     F .text	0000000000000014 _wcsnrtombs_r
0000000000000924 g     F .text	0000000000000094 _write_r
000000000000cbd0 g     F .text	0000000000000014 setlocale
00000000000114b0 g     O .data	0000000000000008 _impure_ptr
00000000000054a0 g     F .text	0000000000000200 __sflush_r
0000000000003f50 g     F .text	00000000000000a0 _fwalk_sglue
000000000000c000 g     F .text	0000000000000790 __loadlocale
00000000000019a4 g     F .text	00000000000000b0 gicd_init
000000000000ddd0 g     F .text	0000000000000048 __ascii_mbtowc
000000000000f0a0 g     F .text	0000000000000084 __ulp
00000000000016c0 g     F .text	0000000000000018 xil_uart_putc
0000000000002da0 g     F .text	0000000000000030 __fp_unlock_all
0000000000010c68 g     O .data	0000000000000008 gicc
00000000000016a4 g     F .text	0000000000000014 xil_uart_getc
000000000000cc10 g     F .text	000000000000000c localeconv
0000000000004680 g     F .text	0000000000000094 __swhatbuf_r
0000000000001500 g     F .text	0000000000000048 virtio_console_rx_print_buffer
0000000000010c78 g     O .data	0000000000000018 __sglue
00000000000008b0 g     F .text	0000000000000074 _write
0000000000400288 g     O .bss	0000000000000001 __lock___at_quick_exit_mutex
0000000000001750  w    F .text	0000000000000078 arch_init
00000000000030d0 g     F .text	000000000000006c __swrite
0000000000010c98 g     O .data	0000000000000008 __malloc_trim_threshold
0000000000005420 g     F .text	000000000000007c fiprintf
0000000000008ed0 g     F .text	0000000000001a60 _vfiprintf_r
000000000000e2e0 g     F .text	00000000000001c0 __jis_mbtowc
000000000000eea0 g     F .text	0000000000000200 __mdiff
0000000000000a60 g     F .text	0000000000000024 _kill
00000000000114b8 g     O .data	0000000000000178 _impure_data
0000000000010c58 g     O .data	0000000000000008 uart
0000000000002d60 g     F .text	000000000000000c __sfp_lock_release
0000000000102008 g     O .bss	0000000000000008 TIMER_FREQ
0000000000010a70 g     O .rodata	0000000000000101 _ctype_
0000000000000860 g     F .text	000000000000004c _read
0000000000004180 g     F .text	0000000000000004 __retarget_lock_acquire
00000000000041c0 g     F .text	0000000000000004 __retarget_lock_release
0000000000001650 g     F .text	0000000000000010 xil_uart_enable
00000000000015b0 g     F .text	0000000000000010 uart_enable_rxirq
0000000000000a40 g     F .text	0000000000000010 _exit
0000000000001260 g     F .text	0000000000000288 virtio_console_receive
0000000000400268 g     O .bss	0000000000000001 __lock___dd_hash_mutex
0000000000004530 g     F .text	0000000000000150 __smakebuf_r
0000000000400270 g     O .bss	0000000000000001 __lock___tz_mutex
0000000000002f40 g     F .text	0000000000000130 strlen
000000000000d0b0 g     F .text	000000000000005c _init_signal_r
00000000002012d0 g     O .bss	0000000000000004 print_lock
0000000000017000 g       .page_tables	0000000000000000 root_page_table
0000000000003a00 g     F .text	0000000000000014 __assert
000000000000cc20 g     F .text	0000000000000044 __sprint_r
000000000000d580 g     F .text	00000000000000cc strchr
0000000000001730 g     F .text	0000000000000020 xil_uart_clear_rxbuf
000000000000d6d0 g     F .text	0000000000000010 _wctomb_r
000000000000f910 g     F .text	000000000000000c __env_lock
0000000000005ab0 g     F .text	00000000000032fc _vfprintf_r
000000000000e870 g     F .text	000000000000009c __lo0bits
0000000000001bc4 g     F .text	000000000000006c gic_set_prio
000000000000d4a0 g     F .text	00000000000000c0 __sigtramp
000000000000ab00 g     F .text	000000000000009c wcrtomb
0000000000001050 g     F .text	0000000000000208 virtio_console_transmit
000000000000cc70 g     F .text	0000000000000078 frexp
0000000000011720 g     O .data	00000000000001a8 __global_locale
0000000000300000 g     O .bss	00000000000ffff0 cpu_interf_buf
0000000000008db0 g     F .text	0000000000000034 vfprintf
000000000000f930 g     F .text	00000000000003c4 .hidden __trunctfdf2
0000000000400298 g     O .bss	0000000000000001 __lock___sfp_recursive_mutex
000000000000d300 g     F .text	00000000000000a4 raise
00000000000009e4 g     F .text	0000000000000008 _close
000000000000e5b0 g     F .text	0000000000000110 __multadd
000000000000e590 g     F .text	000000000000001c _Bfree
000000000000d050 g     F .text	0000000000000018 _getenv_r



Disassembly of section .start:

0000000000000000 <_start>:
   0:	d53800a0 	mrs	x0, mpidr_el1
   4:	92401c00 	and	x0, x0, #0xff
   8:	d5384241 	mrs	x1, currentel
   c:	d342fc21 	lsr	x1, x1, #2
  10:	f100003f 	cmp	x1, #0x0
  14:	54000000 	b.eq	14 <_start+0x14>  // b.none
  18:	f1000c3f 	cmp	x1, #0x3
  1c:	54000000 	b.eq	1c <_start+0x1c>  // b.none
  20:	f100043f 	cmp	x1, #0x1
  24:	540001e0 	b.eq	60 <_enter_el1>  // b.none
  28:	d53800a1 	mrs	x1, mpidr_el1
  2c:	d51c00a1 	msr	vmpidr_el2, x1
  30:	d2800001 	mov	x1, #0x0                   	// #0
  34:	b2610021 	orr	x1, x1, #0x80000000
  38:	d51c2141 	msr	vtcr_el2, x1
  3c:	1000fe21 	adr	x1, 2000 <_exception_vector>
  40:	d51cc001 	msr	vbar_el2, x1
  44:	d2807881 	mov	x1, #0x3c4                 	// #964
  48:	d51c4001 	msr	spsr_el2, x1
  4c:	d2b00001 	mov	x1, #0x80000000            	// #2147483648
  50:	d51c1101 	msr	hcr_el2, x1
  54:	10000061 	adr	x1, 60 <_enter_el1>
  58:	d51c4021 	msr	elr_el2, x1
  5c:	d69f03e0 	eret

0000000000000060 <_enter_el1>:
  60:	1000fd01 	adr	x1, 2000 <_exception_vector>
  64:	d518c001 	msr	vbar_el1, x1
  68:	58000541 	ldr	x1, 110 <clear+0x18>
  6c:	d518a201 	msr	mair_el1, x1
  70:	d2a00601 	mov	x1, #0x300000              	// #3145728
  74:	d5181041 	msr	cpacr_el1, x1
  78:	58000501 	ldr	x1, 118 <clear+0x20>
  7c:	d5182041 	msr	tcr_el1, x1
  80:	100b7c01 	adr	x1, 17000 <root_page_table>
  84:	d5182001 	msr	ttbr0_el1, x1
  88:	d508871f 	tlbi	vmalle1
  8c:	d503379f 	dsb	nsh
  90:	d5033fdf 	isb
  94:	58000461 	ldr	x1, 120 <clear+0x28>
  98:	d5181001 	msr	sctlr_el1, x1
  9c:	d508871f 	tlbi	vmalle1
  a0:	d503379f 	dsb	nsh
  a4:	d5033fdf 	isb
  a8:	b50000e0 	cbnz	x0, c4 <_enter_el1+0x64>
  ac:	580003f0 	ldr	x16, 128 <clear+0x30>
  b0:	58000411 	ldr	x17, 130 <clear+0x38>
  b4:	94000011 	bl	f8 <clear>
  b8:	10085dc1 	adr	x1, 10c70 <wait_flag>
  bc:	d2800022 	mov	x2, #0x1                   	// #1
  c0:	f9000022 	str	x2, [x1]
  c4:	10085d61 	adr	x1, 10c70 <wait_flag>
  c8:	f9400022 	ldr	x2, [x1]
  cc:	b4ffffc2 	cbz	x2, c4 <_enter_el1+0x64>
  d0:	d2800023 	mov	x3, #0x1                   	// #1
  d4:	d5184203 	msr	spsel, x3
  d8:	58000301 	ldr	x1, 138 <clear+0x40>
  dc:	58000322 	ldr	x2, 140 <clear+0x48>
  e0:	8b020021 	add	x1, x1, x2
  e4:	9b020401 	madd	x1, x0, x2, x1
  e8:	9100003f 	mov	sp, x1
  ec:	14000266 	b	a84 <_init>
  f0:	14000254 	b	a40 <_exit>

00000000000000f4 <psci_wake_up>:
  f4:	14000000 	b	f4 <psci_wake_up>

00000000000000f8 <clear>:
  f8:	eb11021f 	cmp	x16, x17
  fc:	5400006a 	b.ge	108 <clear+0x10>  // b.tcont
 100:	f800861f 	str	xzr, [x16], #8
 104:	17fffffd 	b	f8 <clear>
 108:	d65f03c0 	ret
 10c:	00000000 	udf	#0
 110:	0004ff00 	.word	0x0004ff00
 114:	00000000 	.word	0x00000000
 118:	00802510 	.word	0x00802510
 11c:	00000000 	.word	0x00000000
 120:	30c51835 	.word	0x30c51835
 124:	00000000 	.word	0x00000000
 128:	00100000 	.word	0x00100000
 12c:	00000000 	.word	0x00000000
 130:	00400470 	.word	0x00400470
 134:	00000000 	.word	0x00000000
 138:	00400470 	.word	0x00400470
 13c:	00000000 	.word	0x00000000
 140:	00001000 	.word	0x00001000
 144:	00000000 	.word	0x00000000

Disassembly of section .text:

0000000000000800 <irq_set_handler>:
     800:	710ffc1f 	cmp	w0, #0x3ff
     804:	54000088 	b.hi	814 <irq_set_handler+0x14>  // b.pmore
     808:	90000802 	adrp	x2, 100000 <irq_handlers>
     80c:	91000042 	add	x2, x2, #0x0
     810:	f8205841 	str	x1, [x2, w0, uxtw #3]
     814:	d65f03c0 	ret
     818:	d503201f 	nop
     81c:	d503201f 	nop

0000000000000820 <irq_handle>:
     820:	2a0003e1 	mov	w1, w0
     824:	710ffc1f 	cmp	w0, #0x3ff
     828:	540000e8 	b.hi	844 <irq_handle+0x24>  // b.pmore
     82c:	90000802 	adrp	x2, 100000 <irq_handlers>
     830:	91000042 	add	x2, x2, #0x0
     834:	f8615841 	ldr	x1, [x2, w1, uxtw #3]
     838:	b4000061 	cbz	x1, 844 <irq_handle+0x24>
     83c:	aa0103f0 	mov	x16, x1
     840:	d61f0200 	br	x16
     844:	d65f03c0 	ret
     848:	d503201f 	nop
     84c:	d503201f 	nop

0000000000000850 <irq_clear_ipi>:
     850:	d65f03c0 	ret
	...

0000000000000860 <_read>:
     860:	a9bd7bfd 	stp	x29, x30, [sp, #-48]!
     864:	910003fd 	mov	x29, sp
     868:	f90013f5 	str	x21, [sp, #32]
     86c:	2a0203f5 	mov	w21, w2
     870:	7100005f 	cmp	w2, #0x0
     874:	5400014d 	b.le	89c <_read+0x3c>
     878:	a90153f3 	stp	x19, x20, [sp, #16]
     87c:	aa0103f3 	mov	x19, x1
     880:	8b22c034 	add	x20, x1, w2, sxtw
     884:	d503201f 	nop
     888:	94000342 	bl	1590 <uart_getchar>
     88c:	38001660 	strb	w0, [x19], #1
     890:	eb14027f 	cmp	x19, x20
     894:	54ffffa1 	b.ne	888 <_read+0x28>  // b.any
     898:	a94153f3 	ldp	x19, x20, [sp, #16]
     89c:	2a1503e0 	mov	w0, w21
     8a0:	f94013f5 	ldr	x21, [sp, #32]
     8a4:	a8c37bfd 	ldp	x29, x30, [sp], #48
     8a8:	d65f03c0 	ret
     8ac:	d503201f 	nop

00000000000008b0 <_write>:
     8b0:	a9bd7bfd 	stp	x29, x30, [sp, #-48]!
     8b4:	910003fd 	mov	x29, sp
     8b8:	a90153f3 	stp	x19, x20, [sp, #16]
     8bc:	8b22c034 	add	x20, x1, w2, sxtw
     8c0:	f90013f5 	str	x21, [sp, #32]
     8c4:	2a0203f5 	mov	w21, w2
     8c8:	7100005f 	cmp	w2, #0x0
     8cc:	5400022d 	b.le	910 <_write+0x60>
     8d0:	aa0103f3 	mov	x19, x1
     8d4:	14000005 	b	8e8 <_write+0x38>
     8d8:	91000673 	add	x19, x19, #0x1
     8dc:	94000329 	bl	1580 <uart_putc>
     8e0:	eb14027f 	cmp	x19, x20
     8e4:	54000160 	b.eq	910 <_write+0x60>  // b.none
     8e8:	39400260 	ldrb	w0, [x19]
     8ec:	7100281f 	cmp	w0, #0xa
     8f0:	54ffff41 	b.ne	8d8 <_write+0x28>  // b.any
     8f4:	528001a0 	mov	w0, #0xd                   	// #13
     8f8:	94000322 	bl	1580 <uart_putc>
     8fc:	39400260 	ldrb	w0, [x19]
     900:	91000673 	add	x19, x19, #0x1
     904:	9400031f 	bl	1580 <uart_putc>
     908:	eb14027f 	cmp	x19, x20
     90c:	54fffee1 	b.ne	8e8 <_write+0x38>  // b.any
     910:	a94153f3 	ldp	x19, x20, [sp, #16]
     914:	2a1503e0 	mov	w0, w21
     918:	f94013f5 	ldr	x21, [sp, #32]
     91c:	a8c37bfd 	ldp	x29, x30, [sp], #48
     920:	d65f03c0 	ret

0000000000000924 <_write_r>:
     924:	b4000402 	cbz	x2, 9a4 <_write_r+0x80>
     928:	a9bd7bfd 	stp	x29, x30, [sp, #-48]!
     92c:	910003fd 	mov	x29, sp
     930:	f90013f5 	str	x21, [sp, #32]
     934:	aa0303f5 	mov	x21, x3
     938:	7100007f 	cmp	w3, #0x0
     93c:	540002cd 	b.le	994 <_write_r+0x70>
     940:	51000460 	sub	w0, w3, #0x1
     944:	a90153f3 	stp	x19, x20, [sp, #16]
     948:	91000454 	add	x20, x2, #0x1
     94c:	aa0203f3 	mov	x19, x2
     950:	8b000294 	add	x20, x20, x0
     954:	14000005 	b	968 <_write_r+0x44>
     958:	91000673 	add	x19, x19, #0x1
     95c:	94000309 	bl	1580 <uart_putc>
     960:	eb14027f 	cmp	x19, x20
     964:	54000160 	b.eq	990 <_write_r+0x6c>  // b.none
     968:	39400260 	ldrb	w0, [x19]
     96c:	7100281f 	cmp	w0, #0xa
     970:	54ffff41 	b.ne	958 <_write_r+0x34>  // b.any
     974:	528001a0 	mov	w0, #0xd                   	// #13
     978:	94000302 	bl	1580 <uart_putc>
     97c:	39400260 	ldrb	w0, [x19]
     980:	91000673 	add	x19, x19, #0x1
     984:	940002ff 	bl	1580 <uart_putc>
     988:	eb14027f 	cmp	x19, x20
     98c:	54fffee1 	b.ne	968 <_write_r+0x44>  // b.any
     990:	a94153f3 	ldp	x19, x20, [sp, #16]
     994:	93407ea0 	sxtw	x0, w21
     998:	f94013f5 	ldr	x21, [sp, #32]
     99c:	a8c37bfd 	ldp	x29, x30, [sp], #48
     9a0:	d65f03c0 	ret
     9a4:	b4000060 	cbz	x0, 9b0 <_write_r+0x8c>
     9a8:	528002c1 	mov	w1, #0x16                  	// #22
     9ac:	b9000001 	str	w1, [x0]
     9b0:	92800000 	mov	x0, #0xffffffffffffffff    	// #-1
     9b4:	d65f03c0 	ret
     9b8:	d503201f 	nop
     9bc:	d503201f 	nop

00000000000009c0 <_lseek>:
     9c0:	a9bf7bfd 	stp	x29, x30, [sp, #-16]!
     9c4:	910003fd 	mov	x29, sp
     9c8:	94000c2a 	bl	3a70 <__errno>
     9cc:	aa0003e1 	mov	x1, x0
     9d0:	528003a2 	mov	w2, #0x1d                  	// #29
     9d4:	12800000 	mov	w0, #0xffffffff            	// #-1
     9d8:	b9000022 	str	w2, [x1]
     9dc:	a8c17bfd 	ldp	x29, x30, [sp], #16
     9e0:	d65f03c0 	ret

00000000000009e4 <_close>:
     9e4:	12800000 	mov	w0, #0xffffffff            	// #-1
     9e8:	d65f03c0 	ret
     9ec:	d503201f 	nop

00000000000009f0 <_fstat>:
     9f0:	52840002 	mov	w2, #0x2000                	// #8192
     9f4:	52800000 	mov	w0, #0x0                   	// #0
     9f8:	b9000422 	str	w2, [x1, #4]
     9fc:	d65f03c0 	ret

0000000000000a00 <_isatty>:
     a00:	a9bf7bfd 	stp	x29, x30, [sp, #-16]!
     a04:	910003fd 	mov	x29, sp
     a08:	94000c1a 	bl	3a70 <__errno>
     a0c:	aa0003e1 	mov	x1, x0
     a10:	52800322 	mov	w2, #0x19                  	// #25
     a14:	52800000 	mov	w0, #0x0                   	// #0
     a18:	b9000022 	str	w2, [x1]
     a1c:	a8c17bfd 	ldp	x29, x30, [sp], #16
     a20:	d65f03c0 	ret

0000000000000a24 <_sbrk>:
     a24:	90000082 	adrp	x2, 10000 <__sfp_handle_exceptions+0x300>
     a28:	2a0003e1 	mov	w1, w0
     a2c:	f9462840 	ldr	x0, [x2, #3152]
     a30:	8b21c001 	add	x1, x0, w1, sxtw
     a34:	f9062841 	str	x1, [x2, #3152]
     a38:	d65f03c0 	ret
     a3c:	d503201f 	nop

0000000000000a40 <_exit>:
     a40:	d5033bbf 	dmb	ish
     a44:	d503201f 	nop
     a48:	d503207f 	wfi
     a4c:	17ffffff 	b	a48 <_exit+0x8>

0000000000000a50 <_getpid>:
     a50:	52800020 	mov	w0, #0x1                   	// #1
     a54:	d65f03c0 	ret
     a58:	d503201f 	nop
     a5c:	d503201f 	nop

0000000000000a60 <_kill>:
     a60:	a9bf7bfd 	stp	x29, x30, [sp, #-16]!
     a64:	910003fd 	mov	x29, sp
     a68:	94000c02 	bl	3a70 <__errno>
     a6c:	aa0003e1 	mov	x1, x0
     a70:	528002c2 	mov	w2, #0x16                  	// #22
     a74:	12800000 	mov	w0, #0xffffffff            	// #-1
     a78:	b9000022 	str	w2, [x1]
     a7c:	a8c17bfd 	ldp	x29, x30, [sp], #16
     a80:	d65f03c0 	ret

0000000000000a84 <_init>:
     a84:	a9bd7bfd 	stp	x29, x30, [sp, #-48]!
     a88:	d0000800 	adrp	x0, 102000 <init_lock>
     a8c:	52800021 	mov	w1, #0x1                   	// #1
     a90:	910003fd 	mov	x29, sp
     a94:	f9000bf3 	str	x19, [sp, #16]
     a98:	91000013 	add	x19, x0, #0x0
     a9c:	885ffe62 	ldaxr	w2, [x19]
     aa0:	35ffffe2 	cbnz	w2, a9c <_init+0x18>
     aa4:	88027e61 	stxr	w2, w1, [x19]
     aa8:	35ffffa2 	cbnz	w2, a9c <_init+0x18>
     aac:	39401260 	ldrb	w0, [x19, #4]
     ab0:	b9002fe2 	str	w2, [sp, #44]
     ab4:	360000a0 	tbz	w0, #0, ac8 <_init+0x44>
     ab8:	889ffe7f 	stlr	wzr, [x19]
     abc:	94000325 	bl	1750 <arch_init>
     ac0:	9400049c 	bl	1d30 <main>
     ac4:	97ffffdf 	bl	a40 <_exit>
     ac8:	39001261 	strb	w1, [x19, #4]
     acc:	940002a1 	bl	1550 <uart_init>
     ad0:	17fffffa 	b	ab8 <_init+0x34>
	...

0000000000000ae0 <virtio_console_mmio_init>:
     ae0:	a9bf7bfd 	stp	x29, x30, [sp, #-16]!
     ae4:	528d2ec2 	mov	w2, #0x6976                	// #26998
     ae8:	72ae8e42 	movk	w2, #0x7472, lsl #16
     aec:	910003fd 	mov	x29, sp
     af0:	f9404001 	ldr	x1, [x0, #128]
     af4:	b9400023 	ldr	w3, [x1]
     af8:	6b02007f 	cmp	w3, w2
     afc:	54000b61 	b.ne	c68 <virtio_console_mmio_init+0x188>  // b.any
     b00:	b9400422 	ldr	w2, [x1, #4]
     b04:	7100085f 	cmp	w2, #0x2
     b08:	54000a21 	b.ne	c4c <virtio_console_mmio_init+0x16c>  // b.any
     b0c:	79435002 	ldrh	w2, [x0, #424]
     b10:	b9400823 	ldr	w3, [x1, #8]
     b14:	6b02007f 	cmp	w3, w2
     b18:	54000e21 	b.ne	cdc <virtio_console_mmio_init+0x1fc>  // b.any
     b1c:	b900703f 	str	wzr, [x1, #112]
     b20:	b9407022 	ldr	w2, [x1, #112]
     b24:	32000042 	orr	w2, w2, #0x1
     b28:	b9007022 	str	w2, [x1, #112]
     b2c:	b9407022 	ldr	w2, [x1, #112]
     b30:	321f0042 	orr	w2, w2, #0x2
     b34:	b9007022 	str	w2, [x1, #112]
     b38:	b9407022 	ldr	w2, [x1, #112]
     b3c:	71000c5f 	cmp	w2, #0x3
     b40:	54000c01 	b.ne	cc0 <virtio_console_mmio_init+0x1e0>  // b.any
     b44:	f940d805 	ldr	x5, [x0, #432]
     b48:	b900143f 	str	wzr, [x1, #20]
     b4c:	b900243f 	str	wzr, [x1, #36]
     b50:	52800023 	mov	w3, #0x1                   	// #1
     b54:	d2c00064 	mov	x4, #0x300000000           	// #12884901888
     b58:	b9401022 	ldr	w2, [x1, #16]
     b5c:	b900203f 	str	wzr, [x1, #32]
     b60:	b9001423 	str	w3, [x1, #20]
     b64:	b9002423 	str	w3, [x1, #36]
     b68:	b9401022 	ldr	w2, [x1, #16]
     b6c:	12000442 	and	w2, w2, #0x3
     b70:	b9002022 	str	w2, [x1, #32]
     b74:	aa0280a2 	orr	x2, x5, x2, lsl #32
     b78:	f900d802 	str	x2, [x0, #432]
     b7c:	eb04005f 	cmp	x2, x4
     b80:	54000821 	b.ne	c84 <virtio_console_mmio_init+0x1a4>  // b.any
     b84:	b9410024 	ldr	w4, [x1, #256]
     b88:	aa0003e2 	mov	x2, x0
     b8c:	b9410025 	ldr	w5, [x1, #256]
     b90:	52800006 	mov	w6, #0x0                   	// #0
     b94:	b9410427 	ldr	w7, [x1, #260]
     b98:	b9008c07 	str	w7, [x0, #140]
     b9c:	79011004 	strh	w4, [x0, #136]
     ba0:	53107ca5 	lsr	w5, w5, #16
     ba4:	b9410827 	ldr	w7, [x1, #264]
     ba8:	b9407024 	ldr	w4, [x1, #112]
     bac:	79011405 	strh	w5, [x0, #138]
     bb0:	b9009007 	str	w7, [x0, #144]
     bb4:	321d0080 	orr	w0, w4, #0x8
     bb8:	b9007020 	str	w0, [x1, #112]
     bbc:	b9407020 	ldr	w0, [x1, #112]
     bc0:	71002c1f 	cmp	w0, #0xb
     bc4:	540007e1 	b.ne	cc0 <virtio_console_mmio_init+0x1e0>  // b.any
     bc8:	b9003026 	str	w6, [x1, #48]
     bcc:	b9404420 	ldr	w0, [x1, #68]
     bd0:	350002a0 	cbnz	w0, c24 <virtio_console_mmio_init+0x144>
     bd4:	b9403420 	ldr	w0, [x1, #52]
     bd8:	34000900 	cbz	w0, cf8 <virtio_console_mmio_init+0x218>
     bdc:	a9401440 	ldp	x0, x5, [x2]
     be0:	91010042 	add	x2, x2, #0x40
     be4:	f85d0044 	ldur	x4, [x2, #-48]
     be8:	b9008020 	str	w0, [x1, #128]
     bec:	d360fc00 	lsr	x0, x0, #32
     bf0:	b9008420 	str	w0, [x1, #132]
     bf4:	b9009025 	str	w5, [x1, #144]
     bf8:	d360fca0 	lsr	x0, x5, #32
     bfc:	b9009420 	str	w0, [x1, #148]
     c00:	d360fc80 	lsr	x0, x4, #32
     c04:	b900a024 	str	w4, [x1, #160]
     c08:	b900a420 	str	w0, [x1, #164]
     c0c:	b9004423 	str	w3, [x1, #68]
     c10:	35000486 	cbnz	w6, ca0 <virtio_console_mmio_init+0x1c0>
     c14:	52800026 	mov	w6, #0x1                   	// #1
     c18:	b9003026 	str	w6, [x1, #48]
     c1c:	b9404420 	ldr	w0, [x1, #68]
     c20:	34fffda0 	cbz	w0, bd4 <virtio_console_mmio_init+0xf4>
     c24:	b9407022 	ldr	w2, [x1, #112]
     c28:	f0000060 	adrp	x0, f000 <__mdiff+0x160>
     c2c:	91390000 	add	x0, x0, #0xe40
     c30:	32190042 	orr	w2, w2, #0x80
     c34:	b9007022 	str	w2, [x1, #112]
     c38:	94000732 	bl	2900 <puts>
     c3c:	d503201f 	nop
     c40:	52800000 	mov	w0, #0x0                   	// #0
     c44:	a8c17bfd 	ldp	x29, x30, [sp], #16
     c48:	d65f03c0 	ret
     c4c:	b9407022 	ldr	w2, [x1, #112]
     c50:	f0000060 	adrp	x0, f000 <__mdiff+0x160>
     c54:	91368000 	add	x0, x0, #0xda0
     c58:	32190042 	orr	w2, w2, #0x80
     c5c:	b9007022 	str	w2, [x1, #112]
     c60:	94000728 	bl	2900 <puts>
     c64:	17fffff7 	b	c40 <virtio_console_mmio_init+0x160>
     c68:	b9407022 	ldr	w2, [x1, #112]
     c6c:	f0000060 	adrp	x0, f000 <__mdiff+0x160>
     c70:	9135c000 	add	x0, x0, #0xd70
     c74:	32190042 	orr	w2, w2, #0x80
     c78:	b9007022 	str	w2, [x1, #112]
     c7c:	94000721 	bl	2900 <puts>
     c80:	17fffff0 	b	c40 <virtio_console_mmio_init+0x160>
     c84:	b9407022 	ldr	w2, [x1, #112]
     c88:	f0000060 	adrp	x0, f000 <__mdiff+0x160>
     c8c:	91386000 	add	x0, x0, #0xe18
     c90:	32190042 	orr	w2, w2, #0x80
     c94:	b9007022 	str	w2, [x1, #112]
     c98:	9400071a 	bl	2900 <puts>
     c9c:	17ffffe9 	b	c40 <virtio_console_mmio_init+0x160>
     ca0:	b9407022 	ldr	w2, [x1, #112]
     ca4:	52800020 	mov	w0, #0x1                   	// #1
     ca8:	321e0042 	orr	w2, w2, #0x4
     cac:	b9007022 	str	w2, [x1, #112]
     cb0:	b9407022 	ldr	w2, [x1, #112]
     cb4:	71003c5f 	cmp	w2, #0xf
     cb8:	54fffc60 	b.eq	c44 <virtio_console_mmio_init+0x164>  // b.none
     cbc:	d503201f 	nop
     cc0:	b9407022 	ldr	w2, [x1, #112]
     cc4:	f0000060 	adrp	x0, f000 <__mdiff+0x160>
     cc8:	9137c000 	add	x0, x0, #0xdf0
     ccc:	32190042 	orr	w2, w2, #0x80
     cd0:	b9007022 	str	w2, [x1, #112]
     cd4:	9400070b 	bl	2900 <puts>
     cd8:	17ffffda 	b	c40 <virtio_console_mmio_init+0x160>
     cdc:	b9407022 	ldr	w2, [x1, #112]
     ce0:	f0000060 	adrp	x0, f000 <__mdiff+0x160>
     ce4:	91372000 	add	x0, x0, #0xdc8
     ce8:	32190042 	orr	w2, w2, #0x80
     cec:	b9007022 	str	w2, [x1, #112]
     cf0:	94000704 	bl	2900 <puts>
     cf4:	17ffffd3 	b	c40 <virtio_console_mmio_init+0x160>
     cf8:	b9407022 	ldr	w2, [x1, #112]
     cfc:	f0000060 	adrp	x0, f000 <__mdiff+0x160>
     d00:	9139c000 	add	x0, x0, #0xe70
     d04:	32190042 	orr	w2, w2, #0x80
     d08:	b9007022 	str	w2, [x1, #112]
     d0c:	940006fd 	bl	2900 <puts>
     d10:	17ffffcc 	b	c40 <virtio_console_mmio_init+0x160>

0000000000000d14 <virtio_console_init>:
     d14:	a9be7bfd 	stp	x29, x30, [sp, #-32]!
     d18:	aa0103e3 	mov	x3, x1
     d1c:	52800024 	mov	w4, #0x1                   	// #1
     d20:	910003fd 	mov	x29, sp
     d24:	f9000bf3 	str	x19, [sp, #16]
     d28:	aa0003f3 	mov	x19, x0
     d2c:	52800060 	mov	w0, #0x3                   	// #3
     d30:	b901a27f 	str	wzr, [x19, #416]
     d34:	f9000261 	str	x1, [x19]
     d38:	f9004262 	str	x2, [x19, #128]
     d3c:	3902527f 	strb	wzr, [x19, #148]
     d40:	f900ce7f 	str	xzr, [x19, #408]
     d44:	b901a67f 	str	wzr, [x19, #420]
     d48:	79035260 	strh	w0, [x19, #424]
     d4c:	f900da7f 	str	xzr, [x19, #432]
     d50:	3906e27f 	strb	wzr, [x19, #440]
     d54:	d503201f 	nop
     d58:	f900007f 	str	xzr, [x3]
     d5c:	11000482 	add	w2, w4, #0x1
     d60:	b900087f 	str	wzr, [x3, #8]
     d64:	91004063 	add	x3, x3, #0x10
     d68:	781fc07f 	sturh	wzr, [x3, #-4]
     d6c:	781fe064 	sturh	w4, [x3, #-2]
     d70:	12003c44 	and	w4, w2, #0xffff
     d74:	7110049f 	cmp	w4, #0x401
     d78:	54ffff01 	b.ne	d58 <virtio_console_init+0x44>  // b.any
     d7c:	91401024 	add	x4, x1, #0x4, lsl #12
     d80:	52a08000 	mov	w0, #0x4000000             	// #67108864
     d84:	52800002 	mov	w2, #0x0                   	// #0
     d88:	781fe09f 	sturh	wzr, [x4, #-2]
     d8c:	f9000664 	str	x4, [x19, #8]
     d90:	b801a260 	stur	w0, [x19, #26]
     d94:	7900009f 	strh	wzr, [x4]
     d98:	7900049f 	strh	wzr, [x4, #2]
     d9c:	d503201f 	nop
     da0:	8b22c483 	add	x3, x4, w2, sxtw #1
     da4:	11000442 	add	w2, w2, #0x1
     da8:	7900087f 	strh	wzr, [x3, #4]
     dac:	7110005f 	cmp	w2, #0x400
     db0:	54ffff81 	b.ne	da0 <virtio_console_init+0x8c>  // b.any
     db4:	91401420 	add	x0, x1, #0x5, lsl #12
     db8:	f9000a60 	str	x0, [x19, #16]
     dbc:	79003e7f 	strh	wzr, [x19, #30]
     dc0:	52800003 	mov	w3, #0x0                   	// #0
     dc4:	7900001f 	strh	wzr, [x0]
     dc8:	7900041f 	strh	wzr, [x0, #2]
     dcc:	d503201f 	nop
     dd0:	8b23cc22 	add	x2, x1, w3, sxtw #3
     dd4:	11000463 	add	w3, w3, #0x1
     dd8:	91401042 	add	x2, x2, #0x4, lsl #12
     ddc:	b910045f 	str	wzr, [x2, #4100]
     de0:	b910085f 	str	wzr, [x2, #4104]
     de4:	7110007f 	cmp	w3, #0x400
     de8:	54ffff41 	b.ne	dd0 <virtio_console_init+0xbc>  // b.any
     dec:	9100a267 	add	x7, x19, #0x28
     df0:	91402022 	add	x2, x1, #0x8, lsl #12
     df4:	7900327f 	strh	wzr, [x19, #24]
     df8:	d2a00023 	mov	x3, #0x10000               	// #65536
     dfc:	7900427f 	strh	wzr, [x19, #32]
     e00:	d2800020 	mov	x0, #0x1                   	// #1
     e04:	f9001662 	str	x2, [x19, #40]
     e08:	a900fce3 	stp	x3, xzr, [x7, #8]
     e0c:	3900005f 	strb	wzr, [x2]
     e10:	f94000e2 	ldr	x2, [x7]
     e14:	3820685f 	strb	wzr, [x2, x0]
     e18:	91000400 	add	x0, x0, #0x1
     e1c:	f140401f 	cmp	x0, #0x10, lsl #12
     e20:	54ffff81 	b.ne	e10 <virtio_console_init+0xfc>  // b.any
     e24:	91406020 	add	x0, x1, #0x18, lsl #12
     e28:	52800023 	mov	w3, #0x1                   	// #1
     e2c:	aa0003e2 	mov	x2, x0
     e30:	f9002260 	str	x0, [x19, #64]
     e34:	d503201f 	nop
     e38:	f900005f 	str	xzr, [x2]
     e3c:	11000464 	add	w4, w3, #0x1
     e40:	b900085f 	str	wzr, [x2, #8]
     e44:	91004042 	add	x2, x2, #0x10
     e48:	781fc05f 	sturh	wzr, [x2, #-4]
     e4c:	781fe043 	sturh	w3, [x2, #-2]
     e50:	12003c83 	and	w3, w4, #0xffff
     e54:	7110047f 	cmp	w3, #0x401
     e58:	54ffff01 	b.ne	e38 <virtio_console_init+0x124>  // b.any
     e5c:	91407024 	add	x4, x1, #0x1c, lsl #12
     e60:	91010260 	add	x0, x19, #0x40
     e64:	52a08003 	mov	w3, #0x4000000             	// #67108864
     e68:	52800002 	mov	w2, #0x0                   	// #0
     e6c:	781fe09f 	sturh	wzr, [x4, #-2]
     e70:	b805a263 	stur	w3, [x19, #90]
     e74:	f9000404 	str	x4, [x0, #8]
     e78:	7900009f 	strh	wzr, [x4]
     e7c:	7900049f 	strh	wzr, [x4, #2]
     e80:	8b22c483 	add	x3, x4, w2, sxtw #1
     e84:	11000442 	add	w2, w2, #0x1
     e88:	7900087f 	strh	wzr, [x3, #4]
     e8c:	7110005f 	cmp	w2, #0x400
     e90:	54ffff81 	b.ne	e80 <virtio_console_init+0x16c>  // b.any
     e94:	91407422 	add	x2, x1, #0x1d, lsl #12
     e98:	f9000802 	str	x2, [x0, #16]
     e9c:	79003c1f 	strh	wzr, [x0, #30]
     ea0:	52800003 	mov	w3, #0x0                   	// #0
     ea4:	7900005f 	strh	wzr, [x2]
     ea8:	7900045f 	strh	wzr, [x2, #2]
     eac:	d503201f 	nop
     eb0:	8b23cc22 	add	x2, x1, w3, sxtw #3
     eb4:	11000463 	add	w3, w3, #0x1
     eb8:	91407042 	add	x2, x2, #0x1c, lsl #12
     ebc:	b910045f 	str	wzr, [x2, #4100]
     ec0:	b910085f 	str	wzr, [x2, #4104]
     ec4:	7110007f 	cmp	w3, #0x400
     ec8:	54ffff41 	b.ne	eb0 <virtio_console_init+0x19c>  // b.any
     ecc:	9101a262 	add	x2, x19, #0x68
     ed0:	91408021 	add	x1, x1, #0x20, lsl #12
     ed4:	52800023 	mov	w3, #0x1                   	// #1
     ed8:	79003003 	strh	w3, [x0, #24]
     edc:	7900401f 	strh	wzr, [x0, #32]
     ee0:	d2a00023 	mov	x3, #0x10000               	// #65536
     ee4:	f9003661 	str	x1, [x19, #104]
     ee8:	d2800020 	mov	x0, #0x1                   	// #1
     eec:	a900fc43 	stp	x3, xzr, [x2, #8]
     ef0:	3900003f 	strb	wzr, [x1]
     ef4:	d503201f 	nop
     ef8:	f9400041 	ldr	x1, [x2]
     efc:	3820683f 	strb	wzr, [x1, x0]
     f00:	91000400 	add	x0, x0, #0x1
     f04:	f140401f 	cmp	x0, #0x10, lsl #12
     f08:	54ffff81 	b.ne	ef8 <virtio_console_init+0x1e4>  // b.any
     f0c:	79403a65 	ldrh	w5, [x19, #28]
     f10:	34000445 	cbz	w5, f98 <virtio_console_init+0x284>
     f14:	f940026a 	ldr	x10, [x19]
     f18:	5280080c 	mov	w12, #0x40                  	// #64
     f1c:	f94004eb 	ldr	x11, [x7, #8]
     f20:	79403666 	ldrh	w6, [x19, #26]
     f24:	d503201f 	nop
     f28:	d37c24c9 	ubfiz	x9, x6, #4, #10
     f2c:	2a0603ed 	mov	w13, w6
     f30:	8b090144 	add	x4, x10, x9
     f34:	510004a5 	sub	w5, w5, #0x1
     f38:	12003ca5 	and	w5, w5, #0xffff
     f3c:	79401c86 	ldrh	w6, [x4, #14]
     f40:	79003a65 	strh	w5, [x19, #28]
     f44:	12003cc6 	and	w6, w6, #0xffff
     f48:	79003666 	strh	w6, [x19, #26]
     f4c:	f100fd7f 	cmp	x11, #0x3f
     f50:	540001e9 	b.ls	f8c <virtio_console_init+0x278>  // b.plast
     f54:	f94008e3 	ldr	x3, [x7, #16]
     f58:	91010062 	add	x2, x3, #0x40
     f5c:	eb02017f 	cmp	x11, x2
     f60:	54000623 	b.cc	1024 <virtio_console_init+0x310>  // b.lo, b.ul, b.last
     f64:	f94000e8 	ldr	x8, [x7]
     f68:	8b030103 	add	x3, x8, x3
     f6c:	8b020108 	add	x8, x8, x2
     f70:	aa0303e1 	mov	x1, x3
     f74:	14000003 	b	f80 <virtio_console_init+0x26c>
     f78:	eb01011f 	cmp	x8, x1
     f7c:	540001c0 	b.eq	fb4 <virtio_console_init+0x2a0>  // b.none
     f80:	39400020 	ldrb	w0, [x1]
     f84:	91000421 	add	x1, x1, #0x1
     f88:	34ffff80 	cbz	w0, f78 <virtio_console_init+0x264>
     f8c:	f0000060 	adrp	x0, f000 <__mdiff+0x160>
     f90:	913a8000 	add	x0, x0, #0xea0
     f94:	9400065b 	bl	2900 <puts>
     f98:	aa1303e0 	mov	x0, x19
     f9c:	97fffed1 	bl	ae0 <virtio_console_mmio_init>
     fa0:	52800021 	mov	w1, #0x1                   	// #1
     fa4:	3906e261 	strb	w1, [x19, #440]
     fa8:	f9400bf3 	ldr	x19, [sp, #16]
     fac:	a8c27bfd 	ldp	x29, x30, [sp], #32
     fb0:	d65f03c0 	ret
     fb4:	f90008e2 	str	x2, [x7, #16]
     fb8:	b4fffea3 	cbz	x3, f8c <virtio_console_init+0x278>
     fbc:	f8296943 	str	x3, [x10, x9]
     fc0:	f9400661 	ldr	x1, [x19, #8]
     fc4:	b900088c 	str	w12, [x4, #8]
     fc8:	7900189f 	strh	wzr, [x4, #12]
     fcc:	79001c9f 	strh	wzr, [x4, #14]
     fd0:	79401880 	ldrh	w0, [x4, #12]
     fd4:	12003c00 	and	w0, w0, #0xffff
     fd8:	321f0000 	orr	w0, w0, #0x2
     fdc:	79001880 	strh	w0, [x4, #12]
     fe0:	79400420 	ldrh	w0, [x1, #2]
     fe4:	d37f2400 	ubfiz	x0, x0, #1, #10
     fe8:	8b000020 	add	x0, x1, x0
     fec:	7900080d 	strh	w13, [x0, #4]
     ff0:	79400420 	ldrh	w0, [x1, #2]
     ff4:	12003c00 	and	w0, w0, #0xffff
     ff8:	11000400 	add	w0, w0, #0x1
     ffc:	12003c00 	and	w0, w0, #0xffff
    1000:	79000420 	strh	w0, [x1, #2]
    1004:	35fff925 	cbnz	w5, f28 <virtio_console_init+0x214>
    1008:	aa1303e0 	mov	x0, x19
    100c:	97fffeb5 	bl	ae0 <virtio_console_mmio_init>
    1010:	52800021 	mov	w1, #0x1                   	// #1
    1014:	3906e261 	strb	w1, [x19, #440]
    1018:	f9400bf3 	ldr	x19, [sp, #16]
    101c:	a8c27bfd 	ldp	x29, x30, [sp], #32
    1020:	d65f03c0 	ret
    1024:	f100fc7f 	cmp	x3, #0x3f
    1028:	54fffb29 	b.ls	f8c <virtio_console_init+0x278>  // b.plast
    102c:	f94000e3 	ldr	x3, [x7]
    1030:	d2800002 	mov	x2, #0x0                   	// #0
    1034:	14000003 	b	1040 <virtio_console_init+0x32c>
    1038:	f101005f 	cmp	x2, #0x40
    103c:	54fffbc0 	b.eq	fb4 <virtio_console_init+0x2a0>  // b.none
    1040:	38626860 	ldrb	w0, [x3, x2]
    1044:	91000442 	add	x2, x2, #0x1
    1048:	34ffff80 	cbz	w0, 1038 <virtio_console_init+0x324>
    104c:	17ffffd0 	b	f8c <virtio_console_init+0x278>

0000000000001050 <virtio_console_transmit>:
    1050:	a9b97bfd 	stp	x29, x30, [sp, #-112]!
    1054:	910003fd 	mov	x29, sp
    1058:	a90153f3 	stp	x19, x20, [sp, #16]
    105c:	aa0003f3 	mov	x19, x0
    1060:	aa0103e0 	mov	x0, x1
    1064:	a90363f7 	stp	x23, x24, [sp, #48]
    1068:	aa0103f7 	mov	x23, x1
    106c:	940007b5 	bl	2f40 <strlen>
    1070:	3946e262 	ldrb	w2, [x19, #440]
    1074:	36000d62 	tbz	w2, #0, 1220 <virtio_console_transmit+0x1d0>
    1078:	aa0003f4 	mov	x20, x0
    107c:	34000ae0 	cbz	w0, 11d8 <virtio_console_transmit+0x188>
    1080:	52800020 	mov	w0, #0x1                   	// #1
    1084:	a9025bf5 	stp	x21, x22, [sp, #32]
    1088:	91069275 	add	x21, x19, #0x1a4
    108c:	a9046bf9 	stp	x25, x26, [sp, #64]
    1090:	f9002bfb 	str	x27, [sp, #80]
    1094:	885ffea1 	ldaxr	w1, [x21]
    1098:	35ffffe1 	cbnz	w1, 1094 <virtio_console_transmit+0x44>
    109c:	88017ea0 	stxr	w1, w0, [x21]
    10a0:	35ffffa1 	cbnz	w1, 1094 <virtio_console_transmit+0x44>
    10a4:	7940ba62 	ldrh	w2, [x19, #92]
    10a8:	91010278 	add	x24, x19, #0x40
    10ac:	b9006fe1 	str	w1, [sp, #108]
    10b0:	34000c42 	cbz	w2, 1238 <virtio_console_transmit+0x1e8>
    10b4:	79403719 	ldrh	w25, [x24, #26]
    10b8:	51000442 	sub	w2, w2, #0x1
    10bc:	f940227b 	ldr	x27, [x19, #64]
    10c0:	9101a260 	add	x0, x19, #0x68
    10c4:	d37c273a 	ubfiz	x26, x25, #4, #10
    10c8:	93407e84 	sxtw	x4, w20
    10cc:	8b1a0376 	add	x22, x27, x26
    10d0:	f9400401 	ldr	x1, [x0, #8]
    10d4:	79401ec3 	ldrh	w3, [x22, #14]
    10d8:	79003703 	strh	w3, [x24, #26]
    10dc:	79003b02 	strh	w2, [x24, #28]
    10e0:	eb34c03f 	cmp	x1, w20, sxtw
    10e4:	540001e3 	b.cc	1120 <virtio_console_transmit+0xd0>  // b.lo, b.ul, b.last
    10e8:	f9400802 	ldr	x2, [x0, #16]
    10ec:	8b020086 	add	x6, x4, x2
    10f0:	eb06003f 	cmp	x1, x6
    10f4:	540007e3 	b.cc	11f0 <virtio_console_transmit+0x1a0>  // b.lo, b.ul, b.last
    10f8:	f9403665 	ldr	x5, [x19, #104]
    10fc:	8b0200a5 	add	x5, x5, x2
    1100:	8b050084 	add	x4, x4, x5
    1104:	aa0503e2 	mov	x2, x5
    1108:	14000004 	b	1118 <virtio_console_transmit+0xc8>
    110c:	91000442 	add	x2, x2, #0x1
    1110:	eb02009f 	cmp	x4, x2
    1114:	540001e0 	b.eq	1150 <virtio_console_transmit+0x100>  // b.none
    1118:	39400043 	ldrb	w3, [x2]
    111c:	34ffff83 	cbz	w3, 110c <virtio_console_transmit+0xbc>
    1120:	d0000060 	adrp	x0, f000 <__mdiff+0x160>
    1124:	913a8000 	add	x0, x0, #0xea0
    1128:	940005f6 	bl	2900 <puts>
    112c:	889ffebf 	stlr	wzr, [x21]
    1130:	a94153f3 	ldp	x19, x20, [sp, #16]
    1134:	a9425bf5 	ldp	x21, x22, [sp, #32]
    1138:	a94363f7 	ldp	x23, x24, [sp, #48]
    113c:	a9446bf9 	ldp	x25, x26, [sp, #64]
    1140:	f9402bfb 	ldr	x27, [sp, #80]
    1144:	a8c77bfd 	ldp	x29, x30, [sp], #112
    1148:	d65f03c0 	ret
    114c:	aa0403e6 	mov	x6, x4
    1150:	f9000806 	str	x6, [x0, #16]
    1154:	b4fffe65 	cbz	x5, 1120 <virtio_console_transmit+0xd0>
    1158:	aa1703e1 	mov	x1, x23
    115c:	aa0503e0 	mov	x0, x5
    1160:	94000728 	bl	2e00 <strcpy>
    1164:	f83a6b60 	str	x0, [x27, x26]
    1168:	f9400701 	ldr	x1, [x24, #8]
    116c:	529fffa3 	mov	w3, #0xfffd                	// #65533
    1170:	f9404262 	ldr	x2, [x19, #128]
    1174:	b9000ad4 	str	w20, [x22, #8]
    1178:	79001adf 	strh	wzr, [x22, #12]
    117c:	79001edf 	strh	wzr, [x22, #14]
    1180:	79401ac0 	ldrh	w0, [x22, #12]
    1184:	0a030000 	and	w0, w0, w3
    1188:	79001ac0 	strh	w0, [x22, #12]
    118c:	79403303 	ldrh	w3, [x24, #24]
    1190:	79400420 	ldrh	w0, [x1, #2]
    1194:	d37f2400 	ubfiz	x0, x0, #1, #10
    1198:	8b000020 	add	x0, x1, x0
    119c:	79000819 	strh	w25, [x0, #4]
    11a0:	79400420 	ldrh	w0, [x1, #2]
    11a4:	12003c00 	and	w0, w0, #0xffff
    11a8:	11000400 	add	w0, w0, #0x1
    11ac:	12003c00 	and	w0, w0, #0xffff
    11b0:	79000420 	strh	w0, [x1, #2]
    11b4:	b9005043 	str	w3, [x2, #80]
    11b8:	889ffebf 	stlr	wzr, [x21]
    11bc:	a94153f3 	ldp	x19, x20, [sp, #16]
    11c0:	a9425bf5 	ldp	x21, x22, [sp, #32]
    11c4:	a94363f7 	ldp	x23, x24, [sp, #48]
    11c8:	a9446bf9 	ldp	x25, x26, [sp, #64]
    11cc:	f9402bfb 	ldr	x27, [sp, #80]
    11d0:	a8c77bfd 	ldp	x29, x30, [sp], #112
    11d4:	d65f03c0 	ret
    11d8:	a94153f3 	ldp	x19, x20, [sp, #16]
    11dc:	d0000060 	adrp	x0, f000 <__mdiff+0x160>
    11e0:	a94363f7 	ldp	x23, x24, [sp, #48]
    11e4:	913be000 	add	x0, x0, #0xef8
    11e8:	a8c77bfd 	ldp	x29, x30, [sp], #112
    11ec:	140005c5 	b	2900 <puts>
    11f0:	eb02009f 	cmp	x4, x2
    11f4:	54fff968 	b.hi	1120 <virtio_console_transmit+0xd0>  // b.pmore
    11f8:	f9403665 	ldr	x5, [x19, #104]
    11fc:	aa0503e2 	mov	x2, x5
    1200:	8b050081 	add	x1, x4, x5
    1204:	14000004 	b	1214 <virtio_console_transmit+0x1c4>
    1208:	91000442 	add	x2, x2, #0x1
    120c:	eb01005f 	cmp	x2, x1
    1210:	54fff9e0 	b.eq	114c <virtio_console_transmit+0xfc>  // b.none
    1214:	39400043 	ldrb	w3, [x2]
    1218:	34ffff83 	cbz	w3, 1208 <virtio_console_transmit+0x1b8>
    121c:	17ffffc1 	b	1120 <virtio_console_transmit+0xd0>
    1220:	a94153f3 	ldp	x19, x20, [sp, #16]
    1224:	d0000060 	adrp	x0, f000 <__mdiff+0x160>
    1228:	a94363f7 	ldp	x23, x24, [sp, #48]
    122c:	913b4000 	add	x0, x0, #0xed0
    1230:	a8c77bfd 	ldp	x29, x30, [sp], #112
    1234:	140005b3 	b	2900 <puts>
    1238:	d0000063 	adrp	x3, f000 <__mdiff+0x160>
    123c:	f0000062 	adrp	x2, 10000 <__sfp_handle_exceptions+0x300>
    1240:	d0000060 	adrp	x0, f000 <__mdiff+0x160>
    1244:	913c4063 	add	x3, x3, #0xf10
    1248:	910fa042 	add	x2, x2, #0x3e8
    124c:	913cc000 	add	x0, x0, #0xf30
    1250:	528017c1 	mov	w1, #0xbe                  	// #190
    1254:	940009d3 	bl	39a0 <__assert_func>
    1258:	d503201f 	nop
    125c:	d503201f 	nop

0000000000001260 <virtio_console_receive>:
    1260:	3946e001 	ldrb	w1, [x0, #440]
    1264:	360000a1 	tbz	w1, #0, 1278 <virtio_console_receive+0x18>
    1268:	f9404002 	ldr	x2, [x0, #128]
    126c:	b9406041 	ldr	w1, [x2, #96]
    1270:	b9006441 	str	w1, [x2, #100]
    1274:	36080061 	tbz	w1, #1, 1280 <virtio_console_receive+0x20>
    1278:	52800000 	mov	w0, #0x0                   	// #0
    127c:	d65f03c0 	ret
    1280:	a9be7bfd 	stp	x29, x30, [sp, #-32]!
    1284:	91068008 	add	x8, x0, #0x1a0
    1288:	52800021 	mov	w1, #0x1                   	// #1
    128c:	910003fd 	mov	x29, sp
    1290:	885ffd02 	ldaxr	w2, [x8]
    1294:	35ffffe2 	cbnz	w2, 1290 <virtio_console_receive+0x30>
    1298:	88027d01 	stxr	w2, w1, [x8]
    129c:	35ffffa2 	cbnz	w2, 1290 <virtio_console_receive+0x30>
    12a0:	b90017e2 	str	w2, [sp, #20]
    12a4:	3902501f 	strb	wzr, [x0, #148]
    12a8:	f900cc1f 	str	xzr, [x0, #408]
    12ac:	889ffd1f 	stlr	wzr, [x8]
    12b0:	aa0003e1 	mov	x1, x0
    12b4:	52800009 	mov	w9, #0x0                   	// #0
    12b8:	f9400823 	ldr	x3, [x1, #16]
    12bc:	79404022 	ldrh	w2, [x1, #32]
    12c0:	79400464 	ldrh	w4, [x3, #2]
    12c4:	6b24205f 	cmp	w2, w4, uxth
    12c8:	54000b80 	b.eq	1438 <virtio_console_receive+0x1d8>  // b.none
    12cc:	79400464 	ldrh	w4, [x3, #2]
    12d0:	5280002a 	mov	w10, #0x1                   	// #1
    12d4:	528007cc 	mov	w12, #0x3e                  	// #62
    12d8:	d280128b 	mov	x11, #0x94                  	// #148
    12dc:	6b24205f 	cmp	w2, w4, uxth
    12e0:	54000ac0 	b.eq	1438 <virtio_console_receive+0x1d8>  // b.none
    12e4:	d503201f 	nop
    12e8:	79400464 	ldrh	w4, [x3, #2]
    12ec:	6b24205f 	cmp	w2, w4, uxth
    12f0:	54000d80 	b.eq	14a0 <virtio_console_receive+0x240>  // b.none
    12f4:	d37d2445 	ubfiz	x5, x2, #3, #10
    12f8:	79403824 	ldrh	w4, [x1, #28]
    12fc:	8b050063 	add	x3, x3, x5
    1300:	11000442 	add	w2, w2, #0x1
    1304:	f9400025 	ldr	x5, [x1]
    1308:	79004022 	strh	w2, [x1, #32]
    130c:	b9400463 	ldr	w3, [x3, #4]
    1310:	12003c62 	and	w2, w3, #0xffff
    1314:	d37c2463 	ubfiz	x3, x3, #4, #10
    1318:	8b0300a6 	add	x6, x5, x3
    131c:	710ffc9f 	cmp	w4, #0x3ff
    1320:	54000d28 	b.hi	14c4 <virtio_console_receive+0x264>  // b.pmore
    1324:	79403427 	ldrh	w7, [x1, #26]
    1328:	11000484 	add	w4, w4, #0x1
    132c:	79001cc7 	strh	w7, [x6, #14]
    1330:	79003422 	strh	w2, [x1, #26]
    1334:	79003824 	strh	w4, [x1, #28]
    1338:	34000229 	cbz	w9, 137c <virtio_console_receive+0x11c>
    133c:	f86368a5 	ldr	x5, [x5, x3]
    1340:	f9401422 	ldr	x2, [x1, #40]
    1344:	b94008c4 	ldr	w4, [x6, #8]
    1348:	eb0200bf 	cmp	x5, x2
    134c:	540000e3 	b.cc	1368 <virtio_console_receive+0x108>  // b.lo, b.ul, b.last
    1350:	f9401826 	ldr	x6, [x1, #48]
    1354:	2a0403e4 	mov	w4, w4
    1358:	8b060043 	add	x3, x2, x6
    135c:	eb0300bf 	cmp	x5, x3
    1360:	fa463082 	ccmp	x4, x6, #0x2, cc	// cc = lo, ul, last
    1364:	54000449 	b.ls	13ec <virtio_console_receive+0x18c>  // b.plast
    1368:	d0000060 	adrp	x0, f000 <__mdiff+0x160>
    136c:	913fa000 	add	x0, x0, #0xfe8
    1370:	94000564 	bl	2900 <puts>
    1374:	52800000 	mov	w0, #0x0                   	// #0
    1378:	14000048 	b	1498 <virtio_console_receive+0x238>
    137c:	f86368a2 	ldr	x2, [x5, x3]
    1380:	885ffd04 	ldaxr	w4, [x8]
    1384:	35ffffe4 	cbnz	w4, 1380 <virtio_console_receive+0x120>
    1388:	88047d0a 	stxr	w4, w10, [x8]
    138c:	35ffffa4 	cbnz	w4, 1380 <virtio_console_receive+0x120>
    1390:	f940cc0e 	ldr	x14, [x0, #408]
    1394:	b9001be4 	str	w4, [sp, #24]
    1398:	f102fddf 	cmp	x14, #0xbf
    139c:	54000588 	b.hi	144c <virtio_console_receive+0x1ec>  // b.pmore
    13a0:	7100f9df 	cmp	w14, #0x3e
    13a4:	540001cc 	b.gt	13dc <virtio_console_receive+0x17c>
    13a8:	4b0e0187 	sub	w7, w12, w14
    13ac:	cb02016d 	sub	x13, x11, x2
    13b0:	8b0200e7 	add	x7, x7, x2
    13b4:	910005c4 	add	x4, x14, #0x1
    13b8:	8b0400e7 	add	x7, x7, x4
    13bc:	8b0d000d 	add	x13, x0, x13
    13c0:	8b0e0042 	add	x2, x2, x14
    13c4:	d503201f 	nop
    13c8:	39400044 	ldrb	w4, [x2]
    13cc:	382269a4 	strb	w4, [x13, x2]
    13d0:	91000442 	add	x2, x2, #0x1
    13d4:	eb07005f 	cmp	x2, x7
    13d8:	54ffff81 	b.ne	13c8 <virtio_console_receive+0x168>  // b.any
    13dc:	9100fdce 	add	x14, x14, #0x3f
    13e0:	f900cc0e 	str	x14, [x0, #408]
    13e4:	889ffd1f 	stlr	wzr, [x8]
    13e8:	17ffffd5 	b	133c <virtio_console_receive+0xdc>
    13ec:	cb0200a3 	sub	x3, x5, x2
    13f0:	eb0300df 	cmp	x6, x3
    13f4:	54fffba9 	b.ls	1368 <virtio_console_receive+0x108>  // b.plast
    13f8:	b4000164 	cbz	x4, 1424 <virtio_console_receive+0x1c4>
    13fc:	390000bf 	strb	wzr, [x5]
    1400:	91000462 	add	x2, x3, #0x1
    1404:	8b030083 	add	x3, x4, x3
    1408:	f100049f 	cmp	x4, #0x1
    140c:	540000c0 	b.eq	1424 <virtio_console_receive+0x1c4>  // b.none
    1410:	f9401424 	ldr	x4, [x1, #40]
    1414:	3822689f 	strb	wzr, [x4, x2]
    1418:	91000442 	add	x2, x2, #0x1
    141c:	eb02007f 	cmp	x3, x2
    1420:	54ffff81 	b.ne	1410 <virtio_console_receive+0x1b0>  // b.any
    1424:	f9400823 	ldr	x3, [x1, #16]
    1428:	79404022 	ldrh	w2, [x1, #32]
    142c:	79400464 	ldrh	w4, [x3, #2]
    1430:	6b24205f 	cmp	w2, w4, uxth
    1434:	54fff5a1 	b.ne	12e8 <virtio_console_receive+0x88>  // b.any
    1438:	91010021 	add	x1, x1, #0x40
    143c:	52800022 	mov	w2, #0x1                   	// #1
    1440:	350000c9 	cbnz	w9, 1458 <virtio_console_receive+0x1f8>
    1444:	2a0203e9 	mov	w9, w2
    1448:	17ffff9c 	b	12b8 <virtio_console_receive+0x58>
    144c:	889ffd1f 	stlr	wzr, [x8]
    1450:	52800000 	mov	w0, #0x0                   	// #0
    1454:	14000011 	b	1498 <virtio_console_receive+0x238>
    1458:	91068001 	add	x1, x0, #0x1a0
    145c:	885ffc23 	ldaxr	w3, [x1]
    1460:	35ffffe3 	cbnz	w3, 145c <virtio_console_receive+0x1fc>
    1464:	88037c22 	stxr	w3, w2, [x1]
    1468:	35ffffa3 	cbnz	w3, 145c <virtio_console_receive+0x1fc>
    146c:	f940cc01 	ldr	x1, [x0, #408]
    1470:	b9001fe3 	str	w3, [sp, #28]
    1474:	f103f83f 	cmp	x1, #0xfe
    1478:	54fffea8 	b.hi	144c <virtio_console_receive+0x1ec>  // b.pmore
    147c:	8b010002 	add	x2, x0, x1
    1480:	91000421 	add	x1, x1, #0x1
    1484:	3902505f 	strb	wzr, [x2, #148]
    1488:	f900cc01 	str	x1, [x0, #408]
    148c:	889ffd1f 	stlr	wzr, [x8]
    1490:	f100043f 	cmp	x1, #0x1
    1494:	1a9f97e0 	cset	w0, hi	// hi = pmore
    1498:	a8c27bfd 	ldp	x29, x30, [sp], #32
    149c:	d65f03c0 	ret
    14a0:	f0000062 	adrp	x2, 10000 <__sfp_handle_exceptions+0x300>
    14a4:	910fa042 	add	x2, x2, #0x3e8
    14a8:	d0000063 	adrp	x3, f000 <__mdiff+0x160>
    14ac:	d0000060 	adrp	x0, f000 <__mdiff+0x160>
    14b0:	91006042 	add	x2, x2, #0x18
    14b4:	913ec063 	add	x3, x3, #0xfb0
    14b8:	913cc000 	add	x0, x0, #0xf30
    14bc:	52802aa1 	mov	w1, #0x155                 	// #341
    14c0:	94000938 	bl	39a0 <__assert_func>
    14c4:	f0000062 	adrp	x2, 10000 <__sfp_handle_exceptions+0x300>
    14c8:	910fa042 	add	x2, x2, #0x3e8
    14cc:	d0000063 	adrp	x3, f000 <__mdiff+0x160>
    14d0:	d0000060 	adrp	x0, f000 <__mdiff+0x160>
    14d4:	9100c042 	add	x2, x2, #0x30
    14d8:	913f2063 	add	x3, x3, #0xfc8
    14dc:	913cc000 	add	x0, x0, #0xf30
    14e0:	52801981 	mov	w1, #0xcc                  	// #204
    14e4:	9400092f 	bl	39a0 <__assert_func>
    14e8:	d503201f 	nop
    14ec:	d503201f 	nop

00000000000014f0 <virtio_console_rx_get_buffer>:
    14f0:	91025000 	add	x0, x0, #0x94
    14f4:	d65f03c0 	ret
    14f8:	d503201f 	nop
    14fc:	d503201f 	nop

0000000000001500 <virtio_console_rx_print_buffer>:
    1500:	a9bd7bfd 	stp	x29, x30, [sp, #-48]!
    1504:	52800021 	mov	w1, #0x1                   	// #1
    1508:	910003fd 	mov	x29, sp
    150c:	f9000bf3 	str	x19, [sp, #16]
    1510:	91068013 	add	x19, x0, #0x1a0
    1514:	885ffe62 	ldaxr	w2, [x19]
    1518:	35ffffe2 	cbnz	w2, 1514 <virtio_console_rx_print_buffer+0x14>
    151c:	88027e61 	stxr	w2, w1, [x19]
    1520:	35ffffa2 	cbnz	w2, 1514 <virtio_console_rx_print_buffer+0x14>
    1524:	f0000063 	adrp	x3, 10000 <__sfp_handle_exceptions+0x300>
    1528:	91025001 	add	x1, x0, #0x94
    152c:	91006060 	add	x0, x3, #0x18
    1530:	b9002fe2 	str	w2, [sp, #44]
    1534:	94000c97 	bl	4790 <printf>
    1538:	889ffe7f 	stlr	wzr, [x19]
    153c:	f9400bf3 	ldr	x19, [sp, #16]
    1540:	a8c37bfd 	ldp	x29, x30, [sp], #48
    1544:	d65f03c0 	ret
	...

0000000000001550 <uart_init>:
    1550:	a9be7bfd 	stp	x29, x30, [sp, #-32]!
    1554:	910003fd 	mov	x29, sp
    1558:	f9000bf3 	str	x19, [sp, #16]
    155c:	f0000073 	adrp	x19, 10000 <__sfp_handle_exceptions+0x300>
    1560:	f9462e60 	ldr	x0, [x19, #3160]
    1564:	94000023 	bl	15f0 <xil_uart_init>
    1568:	f9462e60 	ldr	x0, [x19, #3160]
    156c:	f9400bf3 	ldr	x19, [sp, #16]
    1570:	a8c27bfd 	ldp	x29, x30, [sp], #32
    1574:	14000037 	b	1650 <xil_uart_enable>
    1578:	d503201f 	nop
    157c:	d503201f 	nop

0000000000001580 <uart_putc>:
    1580:	f0000062 	adrp	x2, 10000 <__sfp_handle_exceptions+0x300>
    1584:	2a0003e1 	mov	w1, w0
    1588:	f9462c40 	ldr	x0, [x2, #3160]
    158c:	1400004d 	b	16c0 <xil_uart_putc>

0000000000001590 <uart_getchar>:
    1590:	a9bf7bfd 	stp	x29, x30, [sp, #-16]!
    1594:	f0000060 	adrp	x0, 10000 <__sfp_handle_exceptions+0x300>
    1598:	910003fd 	mov	x29, sp
    159c:	f9462c00 	ldr	x0, [x0, #3160]
    15a0:	94000041 	bl	16a4 <xil_uart_getc>
    15a4:	a8c17bfd 	ldp	x29, x30, [sp], #16
    15a8:	d65f03c0 	ret
    15ac:	d503201f 	nop

00000000000015b0 <uart_enable_rxirq>:
    15b0:	f0000060 	adrp	x0, 10000 <__sfp_handle_exceptions+0x300>
    15b4:	52800021 	mov	w1, #0x1                   	// #1
    15b8:	f9462c00 	ldr	x0, [x0, #3160]
    15bc:	14000055 	b	1710 <xil_uart_enable_irq>

00000000000015c0 <uart_clear_rxirq>:
    15c0:	a9be7bfd 	stp	x29, x30, [sp, #-32]!
    15c4:	910003fd 	mov	x29, sp
    15c8:	f9000bf3 	str	x19, [sp, #16]
    15cc:	f0000073 	adrp	x19, 10000 <__sfp_handle_exceptions+0x300>
    15d0:	f9462e60 	ldr	x0, [x19, #3160]
    15d4:	94000057 	bl	1730 <xil_uart_clear_rxbuf>
    15d8:	f9462e60 	ldr	x0, [x19, #3160]
    15dc:	12800001 	mov	w1, #0xffffffff            	// #-1
    15e0:	f9400bf3 	ldr	x19, [sp, #16]
    15e4:	a8c27bfd 	ldp	x29, x30, [sp], #32
    15e8:	1400004f 	b	1724 <xil_uart_clear_irq>
    15ec:	00000000 	udf	#0

00000000000015f0 <xil_uart_init>:
    15f0:	aa0003e1 	mov	x1, x0
    15f4:	52800504 	mov	w4, #0x28                  	// #40
    15f8:	528011e0 	mov	w0, #0x8f                  	// #143
    15fc:	528000a3 	mov	w3, #0x5                   	// #5
    1600:	52800066 	mov	w6, #0x3                   	// #3
    1604:	52800285 	mov	w5, #0x14                  	// #20
    1608:	b9000024 	str	w4, [x1]
    160c:	52800022 	mov	w2, #0x1                   	// #1
    1610:	b9001820 	str	w0, [x1, #24]
    1614:	12800004 	mov	w4, #0xffffffff            	// #-1
    1618:	b9003423 	str	w3, [x1, #52]
    161c:	2a0203e0 	mov	w0, w2
    1620:	b9000026 	str	w6, [x1]
    1624:	52802063 	mov	w3, #0x103                 	// #259
    1628:	b9000025 	str	w5, [x1]
    162c:	b9002022 	str	w2, [x1, #32]
    1630:	b9001c3f 	str	wzr, [x1, #28]
    1634:	b9001424 	str	w4, [x1, #20]
    1638:	b9000822 	str	w2, [x1, #8]
    163c:	b9400022 	ldr	w2, [x1]
    1640:	2a030042 	orr	w2, w2, w3
    1644:	b9000022 	str	w2, [x1]
    1648:	d65f03c0 	ret
    164c:	d503201f 	nop

0000000000001650 <xil_uart_enable>:
    1650:	b9400002 	ldr	w2, [x0]
    1654:	528022e1 	mov	w1, #0x117                 	// #279
    1658:	b9000001 	str	w1, [x0]
    165c:	d65f03c0 	ret

0000000000001660 <xil_uart_disable>:
    1660:	b9400002 	ldr	w2, [x0]
    1664:	52802501 	mov	w1, #0x128                 	// #296
    1668:	b9000001 	str	w1, [x0]
    166c:	d65f03c0 	ret

0000000000001670 <xil_uart_set_baud_rate>:
    1670:	aa0003e1 	mov	x1, x0
    1674:	52800506 	mov	w6, #0x28                  	// #40
    1678:	528011e5 	mov	w5, #0x8f                  	// #143
    167c:	528000a4 	mov	w4, #0x5                   	// #5
    1680:	52800063 	mov	w3, #0x3                   	// #3
    1684:	52800282 	mov	w2, #0x14                  	// #20
    1688:	b9000026 	str	w6, [x1]
    168c:	52800020 	mov	w0, #0x1                   	// #1
    1690:	b9001825 	str	w5, [x1, #24]
    1694:	b9003424 	str	w4, [x1, #52]
    1698:	b9000023 	str	w3, [x1]
    169c:	b9000022 	str	w2, [x1]
    16a0:	d65f03c0 	ret

00000000000016a4 <xil_uart_getc>:
    16a4:	d503201f 	nop
    16a8:	b9402c01 	ldr	w1, [x0, #44]
    16ac:	34ffffe1 	cbz	w1, 16a8 <xil_uart_getc+0x4>
    16b0:	b9403000 	ldr	w0, [x0, #48]
    16b4:	d65f03c0 	ret
    16b8:	d503201f 	nop
    16bc:	d503201f 	nop

00000000000016c0 <xil_uart_putc>:
    16c0:	13001c21 	sxtb	w1, w1
    16c4:	d503201f 	nop
    16c8:	b9402c02 	ldr	w2, [x0, #44]
    16cc:	3727ffe2 	tbnz	w2, #4, 16c8 <xil_uart_putc+0x8>
    16d0:	b9003001 	str	w1, [x0, #48]
    16d4:	d65f03c0 	ret
    16d8:	d503201f 	nop
    16dc:	d503201f 	nop

00000000000016e0 <xil_uart_puts>:
    16e0:	39400022 	ldrb	w2, [x1]
    16e4:	34000102 	cbz	w2, 1704 <xil_uart_puts+0x24>
    16e8:	91000421 	add	x1, x1, #0x1
    16ec:	13001c43 	sxtb	w3, w2
    16f0:	b9402c02 	ldr	w2, [x0, #44]
    16f4:	3727ffe2 	tbnz	w2, #4, 16f0 <xil_uart_puts+0x10>
    16f8:	b9003003 	str	w3, [x0, #48]
    16fc:	39400022 	ldrb	w2, [x1]
    1700:	35ffff42 	cbnz	w2, 16e8 <xil_uart_puts+0x8>
    1704:	d65f03c0 	ret
    1708:	d503201f 	nop
    170c:	d503201f 	nop

0000000000001710 <xil_uart_enable_irq>:
    1710:	b9000801 	str	w1, [x0, #8]
    1714:	b9401002 	ldr	w2, [x0, #16]
    1718:	2a010041 	orr	w1, w2, w1
    171c:	b9001001 	str	w1, [x0, #16]
    1720:	d65f03c0 	ret

0000000000001724 <xil_uart_clear_irq>:
    1724:	b9001401 	str	w1, [x0, #20]
    1728:	d65f03c0 	ret
    172c:	d503201f 	nop

0000000000001730 <xil_uart_clear_rxbuf>:
    1730:	b9402c01 	ldr	w1, [x0, #44]
    1734:	360000c1 	tbz	w1, #0, 174c <xil_uart_clear_rxbuf+0x1c>
    1738:	b9402c01 	ldr	w1, [x0, #44]
    173c:	34ffffe1 	cbz	w1, 1738 <xil_uart_clear_rxbuf+0x8>
    1740:	b9403001 	ldr	w1, [x0, #48]
    1744:	b9402c01 	ldr	w1, [x0, #44]
    1748:	3707ff81 	tbnz	w1, #0, 1738 <xil_uart_clear_rxbuf+0x8>
    174c:	d65f03c0 	ret

0000000000001750 <arch_init>:
    1750:	a9bd7bfd 	stp	x29, x30, [sp, #-48]!
    1754:	910003fd 	mov	x29, sp
    1758:	a90153f3 	stp	x19, x20, [sp, #16]
    175c:	d53800b3 	mrs	x19, mpidr_el1
    1760:	940000bd 	bl	1a54 <gic_init>
    1764:	92401e73 	and	x19, x19, #0xff
    1768:	d53be001 	mrs	x1, cntfrq_el0
    176c:	b0000800 	adrp	x0, 102000 <init_lock>
    1770:	f9000401 	str	x1, [x0, #8]
    1774:	d53be320 	mrs	x0, cntv_ctl_el0
    1778:	b27f0000 	orr	x0, x0, #0x2
    177c:	d51be320 	msr	cntv_ctl_el0, x0
    1780:	b50001d3 	cbnz	x19, 17b8 <arch_init+0x68>
    1784:	f0fffff4 	adrp	x20, 0 <_start>
    1788:	91000294 	add	x20, x20, #0x0
    178c:	f90013f5 	str	x21, [sp, #32]
    1790:	d2800035 	mov	x21, #0x1                   	// #1
    1794:	f100027f 	cmp	x19, #0x0
    1798:	aa1403e1 	mov	x1, x20
    179c:	9a951273 	csel	x19, x19, x21, ne	// ne = any
    17a0:	d2800002 	mov	x2, #0x0                   	// #0
    17a4:	aa1303e0 	mov	x0, x19
    17a8:	91000673 	add	x19, x19, #0x1
    17ac:	94000021 	bl	1830 <psci_cpu_on>
    17b0:	34ffff20 	cbz	w0, 1794 <arch_init+0x44>
    17b4:	f94013f5 	ldr	x21, [sp, #32]
    17b8:	d50342ff 	msr	daifclr, #0x2
    17bc:	a94153f3 	ldp	x19, x20, [sp, #16]
    17c0:	a8c37bfd 	ldp	x29, x30, [sp], #48
    17c4:	d65f03c0 	ret
	...

00000000000017d0 <smc_call>:
    17d0:	d4000003 	smc	#0x0
    17d4:	d65f03c0 	ret
    17d8:	d503201f 	nop
    17dc:	d503201f 	nop

00000000000017e0 <psci_version>:
    17e0:	d2b08000 	mov	x0, #0x84000000            	// #2214592512
    17e4:	d2800001 	mov	x1, #0x0                   	// #0
    17e8:	d2800002 	mov	x2, #0x0                   	// #0
    17ec:	d4000003 	smc	#0x0
    17f0:	d65f03c0 	ret

00000000000017f4 <psci_cpu_suspend>:
    17f4:	2a0003e3 	mov	w3, w0
    17f8:	d2800020 	mov	x0, #0x1                   	// #1
    17fc:	aa0103e2 	mov	x2, x1
    1800:	f2b88000 	movk	x0, #0xc400, lsl #16
    1804:	2a0303e1 	mov	w1, w3
    1808:	d4000003 	smc	#0x0
    180c:	d65f03c0 	ret

0000000000001810 <psci_cpu_off>:
    1810:	d2800040 	mov	x0, #0x2                   	// #2
    1814:	d2800001 	mov	x1, #0x0                   	// #0
    1818:	f2b08000 	movk	x0, #0x8400, lsl #16
    181c:	d2800002 	mov	x2, #0x0                   	// #0
    1820:	d4000003 	smc	#0x0
    1824:	d65f03c0 	ret
    1828:	d503201f 	nop
    182c:	d503201f 	nop

0000000000001830 <psci_cpu_on>:
    1830:	aa0003e3 	mov	x3, x0
    1834:	d2800060 	mov	x0, #0x3                   	// #3
    1838:	aa0103e2 	mov	x2, x1
    183c:	f2b88000 	movk	x0, #0xc400, lsl #16
    1840:	aa0303e1 	mov	x1, x3
    1844:	d4000003 	smc	#0x0
    1848:	d65f03c0 	ret
    184c:	d503201f 	nop

0000000000001850 <psci_affinity_info>:
    1850:	aa0003e3 	mov	x3, x0
    1854:	d2800080 	mov	x0, #0x4                   	// #4
    1858:	2a0103e2 	mov	w2, w1
    185c:	f2b88000 	movk	x0, #0xc400, lsl #16
    1860:	aa0303e1 	mov	x1, x3
    1864:	d4000003 	smc	#0x0
    1868:	d65f03c0 	ret
    186c:	00000000 	udf	#0

0000000000001870 <irq_enable>:
    1870:	a9be7bfd 	stp	x29, x30, [sp, #-32]!
    1874:	52800021 	mov	w1, #0x1                   	// #1
    1878:	910003fd 	mov	x29, sp
    187c:	f9000bf3 	str	x19, [sp, #16]
    1880:	2a0003f3 	mov	w19, w0
    1884:	aa1303e0 	mov	x0, x19
    1888:	9400007e 	bl	1a80 <gic_set_enable>
    188c:	aa1303e0 	mov	x0, x19
    1890:	940000b8 	bl	1b70 <gic_get_trgt>
    1894:	12001c02 	and	w2, w0, #0xff
    1898:	d53800a3 	mrs	x3, mpidr_el1
    189c:	aa1303e0 	mov	x0, x19
    18a0:	52800021 	mov	w1, #0x1                   	// #1
    18a4:	f9400bf3 	ldr	x19, [sp, #16]
    18a8:	1ac32021 	lsl	w1, w1, w3
    18ac:	a8c27bfd 	ldp	x29, x30, [sp], #32
    18b0:	2a010041 	orr	w1, w2, w1
    18b4:	14000093 	b	1b00 <gic_set_trgt>
    18b8:	d503201f 	nop
    18bc:	d503201f 	nop

00000000000018c0 <irq_set_prio>:
    18c0:	2a0003e0 	mov	w0, w0
    18c4:	140000c0 	b	1bc4 <gic_set_prio>
    18c8:	d503201f 	nop
    18cc:	d503201f 	nop

00000000000018d0 <irq_send_ipi>:
    18d0:	a9be7bfd 	stp	x29, x30, [sp, #-32]!
    18d4:	910003fd 	mov	x29, sp
    18d8:	a90153f3 	stp	x19, x20, [sp, #16]
    18dc:	aa0003f4 	mov	x20, x0
    18e0:	d2800013 	mov	x19, #0x0                   	// #0
    18e4:	14000004 	b	18f4 <irq_send_ipi+0x24>
    18e8:	91000673 	add	x19, x19, #0x1
    18ec:	f101027f 	cmp	x19, #0x40
    18f0:	54000120 	b.eq	1914 <irq_send_ipi+0x44>  // b.none
    18f4:	9ad32681 	lsr	x1, x20, x19
    18f8:	3607ff81 	tbz	w1, #0, 18e8 <irq_send_ipi+0x18>
    18fc:	aa1303e0 	mov	x0, x19
    1900:	d2800001 	mov	x1, #0x0                   	// #0
    1904:	91000673 	add	x19, x19, #0x1
    1908:	940000a6 	bl	1ba0 <gic_send_sgi>
    190c:	f101027f 	cmp	x19, #0x40
    1910:	54ffff21 	b.ne	18f4 <irq_send_ipi+0x24>  // b.any
    1914:	a94153f3 	ldp	x19, x20, [sp, #16]
    1918:	a8c27bfd 	ldp	x29, x30, [sp], #32
    191c:	d65f03c0 	ret

0000000000001920 <gicc_init>:
    1920:	f0000061 	adrp	x1, 10000 <__sfp_handle_exceptions+0x300>
    1924:	91318022 	add	x2, x1, #0xc60
    1928:	12800000 	mov	w0, #0xffffffff            	// #-1
    192c:	f9463021 	ldr	x1, [x1, #3168]
    1930:	f9400442 	ldr	x2, [x2, #8]
    1934:	b9018020 	str	w0, [x1, #384]
    1938:	b9028020 	str	w0, [x1, #640]
    193c:	b9038020 	str	w0, [x1, #896]
    1940:	b90f1020 	str	w0, [x1, #3856]
    1944:	b90f1420 	str	w0, [x1, #3860]
    1948:	b90f1820 	str	w0, [x1, #3864]
    194c:	b90f1c20 	str	w0, [x1, #3868]
    1950:	b9040020 	str	w0, [x1, #1024]
    1954:	b9040420 	str	w0, [x1, #1028]
    1958:	b9040820 	str	w0, [x1, #1032]
    195c:	b9040c20 	str	w0, [x1, #1036]
    1960:	b9041020 	str	w0, [x1, #1040]
    1964:	b9041420 	str	w0, [x1, #1044]
    1968:	b9041820 	str	w0, [x1, #1048]
    196c:	b9041c20 	str	w0, [x1, #1052]
    1970:	b9040020 	str	w0, [x1, #1024]
    1974:	b9040420 	str	w0, [x1, #1028]
    1978:	b9040820 	str	w0, [x1, #1032]
    197c:	b9040c20 	str	w0, [x1, #1036]
    1980:	b9041020 	str	w0, [x1, #1040]
    1984:	b9041420 	str	w0, [x1, #1044]
    1988:	b9041820 	str	w0, [x1, #1048]
    198c:	b9041c20 	str	w0, [x1, #1052]
    1990:	b9000440 	str	w0, [x2, #4]
    1994:	b9400040 	ldr	w0, [x2]
    1998:	32000000 	orr	w0, w0, #0x1
    199c:	b9000040 	str	w0, [x2]
    19a0:	d65f03c0 	ret

00000000000019a4 <gicd_init>:
    19a4:	f0000060 	adrp	x0, 10000 <__sfp_handle_exceptions+0x300>
    19a8:	f9463000 	ldr	x0, [x0, #3168]
    19ac:	b9400404 	ldr	w4, [x0, #4]
    19b0:	12001084 	and	w4, w4, #0x1f
    19b4:	11000485 	add	w5, w4, #0x1
    19b8:	aa0503e4 	mov	x4, x5
    19bc:	f10004bf 	cmp	x5, #0x1
    19c0:	54000160 	b.eq	19ec <gicd_init+0x48>  // b.none
    19c4:	52800021 	mov	w1, #0x1                   	// #1
    19c8:	12800003 	mov	w3, #0xffffffff            	// #-1
    19cc:	d503201f 	nop
    19d0:	8b21c802 	add	x2, x0, w1, sxtw #2
    19d4:	11000421 	add	w1, w1, #0x1
    19d8:	b9018043 	str	w3, [x2, #384]
    19dc:	b9028043 	str	w3, [x2, #640]
    19e0:	b9038043 	str	w3, [x2, #896]
    19e4:	6b01009f 	cmp	w4, w1
    19e8:	54ffff41 	b.ne	19d0 <gicd_init+0x2c>  // b.any
    19ec:	531d70a2 	lsl	w2, w5, #3
    19f0:	52800001 	mov	w1, #0x0                   	// #0
    19f4:	12800004 	mov	w4, #0xffffffff            	// #-1
    19f8:	8b21c803 	add	x3, x0, w1, sxtw #2
    19fc:	11000421 	add	w1, w1, #0x1
    1a00:	b9040064 	str	w4, [x3, #1024]
    1a04:	6b02003f 	cmp	w1, w2
    1a08:	54ffff81 	b.ne	19f8 <gicd_init+0x54>  // b.any
    1a0c:	52800001 	mov	w1, #0x0                   	// #0
    1a10:	8b21c803 	add	x3, x0, w1, sxtw #2
    1a14:	11000421 	add	w1, w1, #0x1
    1a18:	b908007f 	str	wzr, [x3, #2048]
    1a1c:	6b02003f 	cmp	w1, w2
    1a20:	54ffff81 	b.ne	1a10 <gicd_init+0x6c>  // b.any
    1a24:	531f78a3 	lsl	w3, w5, #1
    1a28:	52800001 	mov	w1, #0x0                   	// #0
    1a2c:	3201f3e4 	mov	w4, #0xaaaaaaaa            	// #-1431655766
    1a30:	8b21c802 	add	x2, x0, w1, sxtw #2
    1a34:	11000421 	add	w1, w1, #0x1
    1a38:	b90c0044 	str	w4, [x2, #3072]
    1a3c:	6b03003f 	cmp	w1, w3
    1a40:	54ffff81 	b.ne	1a30 <gicd_init+0x8c>  // b.any
    1a44:	b9400001 	ldr	w1, [x0]
    1a48:	32000021 	orr	w1, w1, #0x1
    1a4c:	b9000001 	str	w1, [x0]
    1a50:	d65f03c0 	ret

0000000000001a54 <gic_init>:
    1a54:	d53800a0 	mrs	x0, mpidr_el1
    1a58:	72001c1f 	tst	w0, #0xff
    1a5c:	54000040 	b.eq	1a64 <gic_init+0x10>  // b.none
    1a60:	17ffffb0 	b	1920 <gicc_init>
    1a64:	a9bf7bfd 	stp	x29, x30, [sp, #-16]!
    1a68:	910003fd 	mov	x29, sp
    1a6c:	97ffffce 	bl	19a4 <gicd_init>
    1a70:	a8c17bfd 	ldp	x29, x30, [sp], #16
    1a74:	17ffffab 	b	1920 <gicc_init>
    1a78:	d503201f 	nop
    1a7c:	d503201f 	nop

0000000000001a80 <gic_set_enable>:
    1a80:	b0000802 	adrp	x2, 102000 <init_lock>
    1a84:	d10043ff 	sub	sp, sp, #0x10
    1a88:	12001c21 	and	w1, w1, #0xff
    1a8c:	d345fc03 	lsr	x3, x0, #5
    1a90:	91004046 	add	x6, x2, #0x10
    1a94:	52800024 	mov	w4, #0x1                   	// #1
    1a98:	885ffcc5 	ldaxr	w5, [x6]
    1a9c:	35ffffe5 	cbnz	w5, 1a98 <gic_set_enable+0x18>
    1aa0:	88057cc4 	stxr	w5, w4, [x6]
    1aa4:	35ffffa5 	cbnz	w5, 1a98 <gic_set_enable+0x18>
    1aa8:	12001000 	and	w0, w0, #0x1f
    1aac:	b9000fe5 	str	w5, [sp, #12]
    1ab0:	d2800024 	mov	x4, #0x1                   	// #1
    1ab4:	9ac02080 	lsl	x0, x4, x0
    1ab8:	36000121 	tbz	w1, #0, 1adc <gic_set_enable+0x5c>
    1abc:	f0000061 	adrp	x1, 10000 <__sfp_handle_exceptions+0x300>
    1ac0:	91004042 	add	x2, x2, #0x10
    1ac4:	f9463021 	ldr	x1, [x1, #3168]
    1ac8:	8b030823 	add	x3, x1, x3, lsl #2
    1acc:	b9010060 	str	w0, [x3, #256]
    1ad0:	889ffc5f 	stlr	wzr, [x2]
    1ad4:	910043ff 	add	sp, sp, #0x10
    1ad8:	d65f03c0 	ret
    1adc:	f0000061 	adrp	x1, 10000 <__sfp_handle_exceptions+0x300>
    1ae0:	91004042 	add	x2, x2, #0x10
    1ae4:	f9463021 	ldr	x1, [x1, #3168]
    1ae8:	8b030823 	add	x3, x1, x3, lsl #2
    1aec:	b9018060 	str	w0, [x3, #384]
    1af0:	889ffc5f 	stlr	wzr, [x2]
    1af4:	910043ff 	add	sp, sp, #0x10
    1af8:	d65f03c0 	ret
    1afc:	d503201f 	nop

0000000000001b00 <gic_set_trgt>:
    1b00:	d10043ff 	sub	sp, sp, #0x10
    1b04:	d37df002 	lsl	x2, x0, #3
    1b08:	b0000803 	adrp	x3, 102000 <init_lock>
    1b0c:	12001c21 	and	w1, w1, #0xff
    1b10:	52800024 	mov	w4, #0x1                   	// #1
    1b14:	d37d0400 	ubfiz	x0, x0, #3, #2
    1b18:	91004065 	add	x5, x3, #0x10
    1b1c:	885ffca6 	ldaxr	w6, [x5]
    1b20:	35ffffe6 	cbnz	w6, 1b1c <gic_set_trgt+0x1c>
    1b24:	88067ca4 	stxr	w6, w4, [x5]
    1b28:	35ffffa6 	cbnz	w6, 1b1c <gic_set_trgt+0x1c>
    1b2c:	f0000063 	adrp	x3, 10000 <__sfp_handle_exceptions+0x300>
    1b30:	d345fc42 	lsr	x2, x2, #5
    1b34:	1ac02021 	lsl	w1, w1, w0
    1b38:	b9000fe6 	str	w6, [sp, #12]
    1b3c:	f9463064 	ldr	x4, [x3, #3168]
    1b40:	52801fe3 	mov	w3, #0xff                  	// #255
    1b44:	1ac02063 	lsl	w3, w3, w0
    1b48:	8b020880 	add	x0, x4, x2, lsl #2
    1b4c:	b9480002 	ldr	w2, [x0, #2048]
    1b50:	4a020021 	eor	w1, w1, w2
    1b54:	0a030021 	and	w1, w1, w3
    1b58:	4a020021 	eor	w1, w1, w2
    1b5c:	b9080001 	str	w1, [x0, #2048]
    1b60:	889ffcbf 	stlr	wzr, [x5]
    1b64:	910043ff 	add	sp, sp, #0x10
    1b68:	d65f03c0 	ret
    1b6c:	d503201f 	nop

0000000000001b70 <gic_get_trgt>:
    1b70:	f0000062 	adrp	x2, 10000 <__sfp_handle_exceptions+0x300>
    1b74:	927ee803 	and	x3, x0, #0x1ffffffffffffffc
    1b78:	d37d0400 	ubfiz	x0, x0, #3, #2
    1b7c:	52801fe1 	mov	w1, #0xff                  	// #255
    1b80:	f9463042 	ldr	x2, [x2, #3168]
    1b84:	1ac02021 	lsl	w1, w1, w0
    1b88:	8b030042 	add	x2, x2, x3
    1b8c:	b9480042 	ldr	w2, [x2, #2048]
    1b90:	0a020021 	and	w1, w1, w2
    1b94:	1ac02420 	lsr	w0, w1, w0
    1b98:	d65f03c0 	ret
    1b9c:	d503201f 	nop

0000000000001ba0 <gic_send_sgi>:
    1ba0:	f0000063 	adrp	x3, 10000 <__sfp_handle_exceptions+0x300>
    1ba4:	11004002 	add	w2, w0, #0x10
    1ba8:	12000c21 	and	w1, w1, #0xf
    1bac:	d2800020 	mov	x0, #0x1                   	// #1
    1bb0:	f9463063 	ldr	x3, [x3, #3168]
    1bb4:	9ac22000 	lsl	x0, x0, x2
    1bb8:	2a000021 	orr	w1, w1, w0
    1bbc:	b90f0061 	str	w1, [x3, #3840]
    1bc0:	d65f03c0 	ret

0000000000001bc4 <gic_set_prio>:
    1bc4:	d10043ff 	sub	sp, sp, #0x10
    1bc8:	d37df002 	lsl	x2, x0, #3
    1bcc:	b0000803 	adrp	x3, 102000 <init_lock>
    1bd0:	12001c21 	and	w1, w1, #0xff
    1bd4:	52800024 	mov	w4, #0x1                   	// #1
    1bd8:	d37d0400 	ubfiz	x0, x0, #3, #2
    1bdc:	91004065 	add	x5, x3, #0x10
    1be0:	885ffca6 	ldaxr	w6, [x5]
    1be4:	35ffffe6 	cbnz	w6, 1be0 <gic_set_prio+0x1c>
    1be8:	88067ca4 	stxr	w6, w4, [x5]
    1bec:	35ffffa6 	cbnz	w6, 1be0 <gic_set_prio+0x1c>
    1bf0:	f0000063 	adrp	x3, 10000 <__sfp_handle_exceptions+0x300>
    1bf4:	d345fc42 	lsr	x2, x2, #5
    1bf8:	1ac02021 	lsl	w1, w1, w0
    1bfc:	b9000fe6 	str	w6, [sp, #12]
    1c00:	f9463064 	ldr	x4, [x3, #3168]
    1c04:	52801fe3 	mov	w3, #0xff                  	// #255
    1c08:	1ac02063 	lsl	w3, w3, w0
    1c0c:	8b020880 	add	x0, x4, x2, lsl #2
    1c10:	b9440002 	ldr	w2, [x0, #1024]
    1c14:	4a020021 	eor	w1, w1, w2
    1c18:	0a030021 	and	w1, w1, w3
    1c1c:	4a020021 	eor	w1, w1, w2
    1c20:	b9040001 	str	w1, [x0, #1024]
    1c24:	889ffcbf 	stlr	wzr, [x5]
    1c28:	910043ff 	add	sp, sp, #0x10
    1c2c:	d65f03c0 	ret

0000000000001c30 <gic_is_pending>:
    1c30:	f0000061 	adrp	x1, 10000 <__sfp_handle_exceptions+0x300>
    1c34:	f9463022 	ldr	x2, [x1, #3168]
    1c38:	d345fc01 	lsr	x1, x0, #5
    1c3c:	8b010841 	add	x1, x2, x1, lsl #2
    1c40:	b9420021 	ldr	w1, [x1, #512]
    1c44:	1ac02420 	lsr	w0, w1, w0
    1c48:	12000000 	and	w0, w0, #0x1
    1c4c:	d65f03c0 	ret

0000000000001c50 <gic_set_pending>:
    1c50:	52800024 	mov	w4, #0x1                   	// #1
    1c54:	d345fc03 	lsr	x3, x0, #5
    1c58:	b0000802 	adrp	x2, 102000 <init_lock>
    1c5c:	d10043ff 	sub	sp, sp, #0x10
    1c60:	12001c21 	and	w1, w1, #0xff
    1c64:	91004046 	add	x6, x2, #0x10
    1c68:	1ac02080 	lsl	w0, w4, w0
    1c6c:	885ffcc5 	ldaxr	w5, [x6]
    1c70:	35ffffe5 	cbnz	w5, 1c6c <gic_set_pending+0x1c>
    1c74:	88057cc4 	stxr	w5, w4, [x6]
    1c78:	35ffffa5 	cbnz	w5, 1c6c <gic_set_pending+0x1c>
    1c7c:	b9000fe5 	str	w5, [sp, #12]
    1c80:	36000121 	tbz	w1, #0, 1ca4 <gic_set_pending+0x54>
    1c84:	f0000061 	adrp	x1, 10000 <__sfp_handle_exceptions+0x300>
    1c88:	91004042 	add	x2, x2, #0x10
    1c8c:	f9463021 	ldr	x1, [x1, #3168]
    1c90:	8b030823 	add	x3, x1, x3, lsl #2
    1c94:	b9020060 	str	w0, [x3, #512]
    1c98:	889ffc5f 	stlr	wzr, [x2]
    1c9c:	910043ff 	add	sp, sp, #0x10
    1ca0:	d65f03c0 	ret
    1ca4:	f0000061 	adrp	x1, 10000 <__sfp_handle_exceptions+0x300>
    1ca8:	91004042 	add	x2, x2, #0x10
    1cac:	f9463021 	ldr	x1, [x1, #3168]
    1cb0:	8b030823 	add	x3, x1, x3, lsl #2
    1cb4:	b9028060 	str	w0, [x3, #640]
    1cb8:	889ffc5f 	stlr	wzr, [x2]
    1cbc:	910043ff 	add	sp, sp, #0x10
    1cc0:	d65f03c0 	ret

0000000000001cc4 <gic_is_active>:
    1cc4:	f0000061 	adrp	x1, 10000 <__sfp_handle_exceptions+0x300>
    1cc8:	f9463022 	ldr	x2, [x1, #3168]
    1ccc:	d345fc01 	lsr	x1, x0, #5
    1cd0:	8b010841 	add	x1, x2, x1, lsl #2
    1cd4:	b9430021 	ldr	w1, [x1, #768]
    1cd8:	1ac02420 	lsr	w0, w1, w0
    1cdc:	12000000 	and	w0, w0, #0x1
    1ce0:	d65f03c0 	ret

0000000000001ce4 <gic_handle>:
    1ce4:	a9be7bfd 	stp	x29, x30, [sp, #-32]!
    1ce8:	910003fd 	mov	x29, sp
    1cec:	a90153f3 	stp	x19, x20, [sp, #16]
    1cf0:	f0000073 	adrp	x19, 10000 <__sfp_handle_exceptions+0x300>
    1cf4:	91318273 	add	x19, x19, #0xc60
    1cf8:	f9400660 	ldr	x0, [x19, #8]
    1cfc:	b9400c14 	ldr	w20, [x0, #12]
    1d00:	12002680 	and	w0, w20, #0x3ff
    1d04:	710ff41f 	cmp	w0, #0x3fd
    1d08:	54000088 	b.hi	1d18 <gic_handle+0x34>  // b.pmore
    1d0c:	97fffac5 	bl	820 <irq_handle>
    1d10:	f9400660 	ldr	x0, [x19, #8]
    1d14:	b9001014 	str	w20, [x0, #16]
    1d18:	a94153f3 	ldp	x19, x20, [sp, #16]
    1d1c:	a8c27bfd 	ldp	x29, x30, [sp], #32
    1d20:	d65f03c0 	ret
	...

0000000000001d30 <main>:
    1d30:	a9ba7bfd 	stp	x29, x30, [sp, #-96]!
    1d34:	f0000fe0 	adrp	x0, 200000 <cpu_ticket_lock>
    1d38:	52800021 	mov	w1, #0x1                   	// #1
    1d3c:	910003fd 	mov	x29, sp
    1d40:	a90153f3 	stp	x19, x20, [sp, #16]
    1d44:	91000013 	add	x19, x0, #0x0
    1d48:	885ffe62 	ldaxr	w2, [x19]
    1d4c:	35ffffe2 	cbnz	w2, 1d48 <main+0x18>
    1d50:	88027e61 	stxr	w2, w1, [x19]
    1d54:	35ffffa2 	cbnz	w2, 1d48 <main+0x18>
    1d58:	b9005be2 	str	w2, [sp, #88]
    1d5c:	f9400674 	ldr	x20, [x19, #8]
    1d60:	f9400660 	ldr	x0, [x19, #8]
    1d64:	91000400 	add	x0, x0, #0x1
    1d68:	f9000660 	str	x0, [x19, #8]
    1d6c:	889ffe7f 	stlr	wzr, [x19]
    1d70:	f1000a9f 	cmp	x20, #0x2
    1d74:	54000ba8 	b.hi	1ee8 <main+0x1b8>  // b.pmore
    1d78:	b0000801 	adrp	x1, 102000 <init_lock>
    1d7c:	d290d405 	mov	x5, #0x86a0                	// #34464
    1d80:	f2a00025 	movk	x5, #0x1, lsl #16
    1d84:	d2884804 	mov	x4, #0x4240                	// #16960
    1d88:	f9400427 	ldr	x7, [x1, #8]
    1d8c:	f2a001e4 	movk	x4, #0xf, lsl #16
    1d90:	d2800060 	mov	x0, #0x3                   	// #3
    1d94:	d2800001 	mov	x1, #0x0                   	// #0
    1d98:	f2b0c000 	movk	x0, #0x8600, lsl #16
    1d9c:	d2800002 	mov	x2, #0x0                   	// #0
    1da0:	9b057ce7 	mul	x7, x7, x5
    1da4:	d2800003 	mov	x3, #0x0                   	// #0
    1da8:	a9025bf5 	stp	x21, x22, [sp, #32]
    1dac:	a90363f7 	stp	x23, x24, [sp, #48]
    1db0:	9ac408e7 	udiv	x7, x7, x4
    1db4:	f90023f9 	str	x25, [sp, #64]
    1db8:	d4000002 	hvc	#0x0
    1dbc:	8b14068a 	add	x10, x20, x20, lsl #1
    1dc0:	d2955544 	mov	x4, #0xaaaa                	// #43690
    1dc4:	f00017e2 	adrp	x2, 300000 <cpu_interf_buf>
    1dc8:	d37ffa95 	lsl	x21, x20, #1
    1dcc:	8b0a0e8a 	add	x10, x20, x10, lsl #3
    1dd0:	9b047e84 	mul	x4, x20, x4
    1dd4:	9100426c 	add	x12, x19, #0x10
    1dd8:	9125c26b 	add	x11, x19, #0x970
    1ddc:	d37ef54a 	lsl	x10, x10, #2
    1de0:	91000042 	add	x2, x2, #0x0
    1de4:	d2955605 	mov	x5, #0xaab0                	// #43696
    1de8:	d282aac8 	mov	x8, #0x1556                	// #5462
    1dec:	d53be049 	mrs	x9, cntvct_el0
    1df0:	d2800006 	mov	x6, #0x0                   	// #0
    1df4:	d2800000 	mov	x0, #0x0                   	// #0
    1df8:	8b000081 	add	x1, x4, x0
    1dfc:	f8217840 	str	x0, [x2, x1, lsl #3]
    1e00:	91002000 	add	x0, x0, #0x8
    1e04:	eb05001f 	cmp	x0, x5
    1e08:	54ffff81 	b.ne	1df8 <main+0xc8>  // b.any
    1e0c:	8b0800c6 	add	x6, x6, x8
    1e10:	d53be040 	mrs	x0, cntvct_el0
    1e14:	cb090000 	sub	x0, x0, x9
    1e18:	eb0000ff 	cmp	x7, x0
    1e1c:	54fffec8 	b.hi	1df4 <main+0xc4>  // b.pmore
    1e20:	8b030141 	add	x1, x10, x3
    1e24:	91000463 	add	x3, x3, #0x1
    1e28:	f8217986 	str	x6, [x12, x1, lsl #3]
    1e2c:	f8217960 	str	x0, [x11, x1, lsl #3]
    1e30:	f101907f 	cmp	x3, #0x64
    1e34:	54fffdc1 	b.ne	1dec <main+0xbc>  // b.any
    1e38:	90001016 	adrp	x22, 201000 <sample_elapsed_ticks+0x690>
    1e3c:	910402d6 	add	x22, x22, #0x100
    1e40:	910742c1 	add	x1, x22, #0x1d0
    1e44:	52800020 	mov	w0, #0x1                   	// #1
    1e48:	885ffc24 	ldaxr	w4, [x1]
    1e4c:	35ffffe4 	cbnz	w4, 1e48 <main+0x118>
    1e50:	88047c20 	stxr	w4, w0, [x1]
    1e54:	35ffffa4 	cbnz	w4, 1e48 <main+0x118>
    1e58:	8b1402b5 	add	x21, x21, x20
    1e5c:	aa1403e1 	mov	x1, x20
    1e60:	91004279 	add	x25, x19, #0x10
    1e64:	f0000060 	adrp	x0, 10000 <__sfp_handle_exceptions+0x300>
    1e68:	8b150e94 	add	x20, x20, x21, lsl #3
    1e6c:	b0000818 	adrp	x24, 102000 <init_lock>
    1e70:	f0000077 	adrp	x23, 10000 <__sfp_handle_exceptions+0x300>
    1e74:	91012000 	add	x0, x0, #0x48
    1e78:	9125c273 	add	x19, x19, #0x970
    1e7c:	91002318 	add	x24, x24, #0x8
    1e80:	d37ef694 	lsl	x20, x20, #2
    1e84:	910222f7 	add	x23, x23, #0x88
    1e88:	52800142 	mov	w2, #0xa                   	// #10
    1e8c:	d2800015 	mov	x21, #0x0                   	// #0
    1e90:	b9005fe4 	str	w4, [sp, #92]
    1e94:	94000a3f 	bl	4790 <printf>
    1e98:	8b150283 	add	x3, x20, x21
    1e9c:	aa1503e1 	mov	x1, x21
    1ea0:	aa1703e0 	mov	x0, x23
    1ea4:	f8637b22 	ldr	x2, [x25, x3, lsl #3]
    1ea8:	f8637a64 	ldr	x4, [x19, x3, lsl #3]
    1eac:	d37df045 	lsl	x5, x2, #3
    1eb0:	aa0503e3 	mov	x3, x5
    1eb4:	b40000a4 	cbz	x4, 1ec8 <main+0x198>
    1eb8:	f9400306 	ldr	x6, [x24]
    1ebc:	9b067ca5 	mul	x5, x5, x6
    1ec0:	9ac408a4 	udiv	x4, x5, x4
    1ec4:	d354fc84 	lsr	x4, x4, #20
    1ec8:	910006b5 	add	x21, x21, #0x1
    1ecc:	94000a31 	bl	4790 <printf>
    1ed0:	f10192bf 	cmp	x21, #0x64
    1ed4:	54fffe21 	b.ne	1e98 <main+0x168>  // b.any
    1ed8:	910742c0 	add	x0, x22, #0x1d0
    1edc:	889ffc1f 	stlr	wzr, [x0]
    1ee0:	d503207f 	wfi
    1ee4:	17ffffff 	b	1ee0 <main+0x1b0>
    1ee8:	d503207f 	wfi
    1eec:	d503207f 	wfi
    1ef0:	17fffffe 	b	1ee8 <main+0x1b8>
	...

0000000000002000 <_exception_vector>:
    2000:	14000000 	b	2000 <_exception_vector>
    2004:	d503201f 	nop
    2008:	d503201f 	nop
    200c:	d503201f 	nop
    2010:	d503201f 	nop
    2014:	d503201f 	nop
    2018:	d503201f 	nop
    201c:	d503201f 	nop
    2020:	d503201f 	nop
    2024:	d503201f 	nop
    2028:	d503201f 	nop
    202c:	d503201f 	nop
    2030:	d503201f 	nop
    2034:	d503201f 	nop
    2038:	d503201f 	nop
    203c:	d503201f 	nop
    2040:	d503201f 	nop
    2044:	d503201f 	nop
    2048:	d503201f 	nop
    204c:	d503201f 	nop
    2050:	d503201f 	nop
    2054:	d503201f 	nop
    2058:	d503201f 	nop
    205c:	d503201f 	nop
    2060:	d503201f 	nop
    2064:	d503201f 	nop
    2068:	d503201f 	nop
    206c:	d503201f 	nop
    2070:	d503201f 	nop
    2074:	d503201f 	nop
    2078:	d503201f 	nop
    207c:	d503201f 	nop

0000000000002080 <curr_el_sp0_irq>:
    2080:	14000000 	b	2080 <curr_el_sp0_irq>
    2084:	d503201f 	nop
    2088:	d503201f 	nop
    208c:	d503201f 	nop
    2090:	d503201f 	nop
    2094:	d503201f 	nop
    2098:	d503201f 	nop
    209c:	d503201f 	nop
    20a0:	d503201f 	nop
    20a4:	d503201f 	nop
    20a8:	d503201f 	nop
    20ac:	d503201f 	nop
    20b0:	d503201f 	nop
    20b4:	d503201f 	nop
    20b8:	d503201f 	nop
    20bc:	d503201f 	nop
    20c0:	d503201f 	nop
    20c4:	d503201f 	nop
    20c8:	d503201f 	nop
    20cc:	d503201f 	nop
    20d0:	d503201f 	nop
    20d4:	d503201f 	nop
    20d8:	d503201f 	nop
    20dc:	d503201f 	nop
    20e0:	d503201f 	nop
    20e4:	d503201f 	nop
    20e8:	d503201f 	nop
    20ec:	d503201f 	nop
    20f0:	d503201f 	nop
    20f4:	d503201f 	nop
    20f8:	d503201f 	nop
    20fc:	d503201f 	nop

0000000000002100 <curr_el_sp0_fiq>:
    2100:	14000000 	b	2100 <curr_el_sp0_fiq>
    2104:	d503201f 	nop
    2108:	d503201f 	nop
    210c:	d503201f 	nop
    2110:	d503201f 	nop
    2114:	d503201f 	nop
    2118:	d503201f 	nop
    211c:	d503201f 	nop
    2120:	d503201f 	nop
    2124:	d503201f 	nop
    2128:	d503201f 	nop
    212c:	d503201f 	nop
    2130:	d503201f 	nop
    2134:	d503201f 	nop
    2138:	d503201f 	nop
    213c:	d503201f 	nop
    2140:	d503201f 	nop
    2144:	d503201f 	nop
    2148:	d503201f 	nop
    214c:	d503201f 	nop
    2150:	d503201f 	nop
    2154:	d503201f 	nop
    2158:	d503201f 	nop
    215c:	d503201f 	nop
    2160:	d503201f 	nop
    2164:	d503201f 	nop
    2168:	d503201f 	nop
    216c:	d503201f 	nop
    2170:	d503201f 	nop
    2174:	d503201f 	nop
    2178:	d503201f 	nop
    217c:	d503201f 	nop

0000000000002180 <curr_el_sp0_serror>:
    2180:	14000000 	b	2180 <curr_el_sp0_serror>
    2184:	d503201f 	nop
    2188:	d503201f 	nop
    218c:	d503201f 	nop
    2190:	d503201f 	nop
    2194:	d503201f 	nop
    2198:	d503201f 	nop
    219c:	d503201f 	nop
    21a0:	d503201f 	nop
    21a4:	d503201f 	nop
    21a8:	d503201f 	nop
    21ac:	d503201f 	nop
    21b0:	d503201f 	nop
    21b4:	d503201f 	nop
    21b8:	d503201f 	nop
    21bc:	d503201f 	nop
    21c0:	d503201f 	nop
    21c4:	d503201f 	nop
    21c8:	d503201f 	nop
    21cc:	d503201f 	nop
    21d0:	d503201f 	nop
    21d4:	d503201f 	nop
    21d8:	d503201f 	nop
    21dc:	d503201f 	nop
    21e0:	d503201f 	nop
    21e4:	d503201f 	nop
    21e8:	d503201f 	nop
    21ec:	d503201f 	nop
    21f0:	d503201f 	nop
    21f4:	d503201f 	nop
    21f8:	d503201f 	nop
    21fc:	d503201f 	nop

0000000000002200 <curr_el_spx_sync>:
    2200:	14000000 	b	2200 <curr_el_spx_sync>
    2204:	d503201f 	nop
    2208:	d503201f 	nop
    220c:	d503201f 	nop
    2210:	d503201f 	nop
    2214:	d503201f 	nop
    2218:	d503201f 	nop
    221c:	d503201f 	nop
    2220:	d503201f 	nop
    2224:	d503201f 	nop
    2228:	d503201f 	nop
    222c:	d503201f 	nop
    2230:	d503201f 	nop
    2234:	d503201f 	nop
    2238:	d503201f 	nop
    223c:	d503201f 	nop
    2240:	d503201f 	nop
    2244:	d503201f 	nop
    2248:	d503201f 	nop
    224c:	d503201f 	nop
    2250:	d503201f 	nop
    2254:	d503201f 	nop
    2258:	d503201f 	nop
    225c:	d503201f 	nop
    2260:	d503201f 	nop
    2264:	d503201f 	nop
    2268:	d503201f 	nop
    226c:	d503201f 	nop
    2270:	d503201f 	nop
    2274:	d503201f 	nop
    2278:	d503201f 	nop
    227c:	d503201f 	nop

0000000000002280 <curr_el_spx_irq>:
    2280:	d102c3ff 	sub	sp, sp, #0xb0
    2284:	a90007e0 	stp	x0, x1, [sp]
    2288:	a9010fe2 	stp	x2, x3, [sp, #16]
    228c:	a90217e4 	stp	x4, x5, [sp, #32]
    2290:	a9031fe6 	stp	x6, x7, [sp, #48]
    2294:	a90427e8 	stp	x8, x9, [sp, #64]
    2298:	a9052fea 	stp	x10, x11, [sp, #80]
    229c:	a90637ec 	stp	x12, x13, [sp, #96]
    22a0:	a9073fee 	stp	x14, x15, [sp, #112]
    22a4:	a90847f0 	stp	x16, x17, [sp, #128]
    22a8:	a9094ff2 	stp	x18, x19, [sp, #144]
    22ac:	a90a7bfd 	stp	x29, x30, [sp, #160]
    22b0:	97fffe8d 	bl	1ce4 <gic_handle>
    22b4:	a94007e0 	ldp	x0, x1, [sp]
    22b8:	a9410fe2 	ldp	x2, x3, [sp, #16]
    22bc:	a94217e4 	ldp	x4, x5, [sp, #32]
    22c0:	a9431fe6 	ldp	x6, x7, [sp, #48]
    22c4:	a94427e8 	ldp	x8, x9, [sp, #64]
    22c8:	a9452fea 	ldp	x10, x11, [sp, #80]
    22cc:	a94637ec 	ldp	x12, x13, [sp, #96]
    22d0:	a9473fee 	ldp	x14, x15, [sp, #112]
    22d4:	a94847f0 	ldp	x16, x17, [sp, #128]
    22d8:	a9494ff2 	ldp	x18, x19, [sp, #144]
    22dc:	a94a7bfd 	ldp	x29, x30, [sp, #160]
    22e0:	9102c3ff 	add	sp, sp, #0xb0
    22e4:	d69f03e0 	eret
    22e8:	d503201f 	nop
    22ec:	d503201f 	nop
    22f0:	d503201f 	nop
    22f4:	d503201f 	nop
    22f8:	d503201f 	nop
    22fc:	d503201f 	nop

0000000000002300 <curr_el_spx_fiq>:
    2300:	d102c3ff 	sub	sp, sp, #0xb0
    2304:	a90007e0 	stp	x0, x1, [sp]
    2308:	a9010fe2 	stp	x2, x3, [sp, #16]
    230c:	a90217e4 	stp	x4, x5, [sp, #32]
    2310:	a9031fe6 	stp	x6, x7, [sp, #48]
    2314:	a90427e8 	stp	x8, x9, [sp, #64]
    2318:	a9052fea 	stp	x10, x11, [sp, #80]
    231c:	a90637ec 	stp	x12, x13, [sp, #96]
    2320:	a9073fee 	stp	x14, x15, [sp, #112]
    2324:	a90847f0 	stp	x16, x17, [sp, #128]
    2328:	a9094ff2 	stp	x18, x19, [sp, #144]
    232c:	a90a7bfd 	stp	x29, x30, [sp, #160]
    2330:	97fffe6d 	bl	1ce4 <gic_handle>
    2334:	a94007e0 	ldp	x0, x1, [sp]
    2338:	a9410fe2 	ldp	x2, x3, [sp, #16]
    233c:	a94217e4 	ldp	x4, x5, [sp, #32]
    2340:	a9431fe6 	ldp	x6, x7, [sp, #48]
    2344:	a94427e8 	ldp	x8, x9, [sp, #64]
    2348:	a9452fea 	ldp	x10, x11, [sp, #80]
    234c:	a94637ec 	ldp	x12, x13, [sp, #96]
    2350:	a9473fee 	ldp	x14, x15, [sp, #112]
    2354:	a94847f0 	ldp	x16, x17, [sp, #128]
    2358:	a9494ff2 	ldp	x18, x19, [sp, #144]
    235c:	a94a7bfd 	ldp	x29, x30, [sp, #160]
    2360:	9102c3ff 	add	sp, sp, #0xb0
    2364:	d69f03e0 	eret
    2368:	d503201f 	nop
    236c:	d503201f 	nop
    2370:	d503201f 	nop
    2374:	d503201f 	nop
    2378:	d503201f 	nop
    237c:	d503201f 	nop

0000000000002380 <curr_el_spx_serror>:
    2380:	14000000 	b	2380 <curr_el_spx_serror>
    2384:	d503201f 	nop
    2388:	d503201f 	nop
    238c:	d503201f 	nop
    2390:	d503201f 	nop
    2394:	d503201f 	nop
    2398:	d503201f 	nop
    239c:	d503201f 	nop
    23a0:	d503201f 	nop
    23a4:	d503201f 	nop
    23a8:	d503201f 	nop
    23ac:	d503201f 	nop
    23b0:	d503201f 	nop
    23b4:	d503201f 	nop
    23b8:	d503201f 	nop
    23bc:	d503201f 	nop
    23c0:	d503201f 	nop
    23c4:	d503201f 	nop
    23c8:	d503201f 	nop
    23cc:	d503201f 	nop
    23d0:	d503201f 	nop
    23d4:	d503201f 	nop
    23d8:	d503201f 	nop
    23dc:	d503201f 	nop
    23e0:	d503201f 	nop
    23e4:	d503201f 	nop
    23e8:	d503201f 	nop
    23ec:	d503201f 	nop
    23f0:	d503201f 	nop
    23f4:	d503201f 	nop
    23f8:	d503201f 	nop
    23fc:	d503201f 	nop

0000000000002400 <lower_el_aarch64_sync>:
    2400:	14000000 	b	2400 <lower_el_aarch64_sync>
    2404:	d503201f 	nop
    2408:	d503201f 	nop
    240c:	d503201f 	nop
    2410:	d503201f 	nop
    2414:	d503201f 	nop
    2418:	d503201f 	nop
    241c:	d503201f 	nop
    2420:	d503201f 	nop
    2424:	d503201f 	nop
    2428:	d503201f 	nop
    242c:	d503201f 	nop
    2430:	d503201f 	nop
    2434:	d503201f 	nop
    2438:	d503201f 	nop
    243c:	d503201f 	nop
    2440:	d503201f 	nop
    2444:	d503201f 	nop
    2448:	d503201f 	nop
    244c:	d503201f 	nop
    2450:	d503201f 	nop
    2454:	d503201f 	nop
    2458:	d503201f 	nop
    245c:	d503201f 	nop
    2460:	d503201f 	nop
    2464:	d503201f 	nop
    2468:	d503201f 	nop
    246c:	d503201f 	nop
    2470:	d503201f 	nop
    2474:	d503201f 	nop
    2478:	d503201f 	nop
    247c:	d503201f 	nop

0000000000002480 <lower_el_aarch64_irq>:
    2480:	14000000 	b	2480 <lower_el_aarch64_irq>
    2484:	d503201f 	nop
    2488:	d503201f 	nop
    248c:	d503201f 	nop
    2490:	d503201f 	nop
    2494:	d503201f 	nop
    2498:	d503201f 	nop
    249c:	d503201f 	nop
    24a0:	d503201f 	nop
    24a4:	d503201f 	nop
    24a8:	d503201f 	nop
    24ac:	d503201f 	nop
    24b0:	d503201f 	nop
    24b4:	d503201f 	nop
    24b8:	d503201f 	nop
    24bc:	d503201f 	nop
    24c0:	d503201f 	nop
    24c4:	d503201f 	nop
    24c8:	d503201f 	nop
    24cc:	d503201f 	nop
    24d0:	d503201f 	nop
    24d4:	d503201f 	nop
    24d8:	d503201f 	nop
    24dc:	d503201f 	nop
    24e0:	d503201f 	nop
    24e4:	d503201f 	nop
    24e8:	d503201f 	nop
    24ec:	d503201f 	nop
    24f0:	d503201f 	nop
    24f4:	d503201f 	nop
    24f8:	d503201f 	nop
    24fc:	d503201f 	nop

0000000000002500 <lower_el_aarch64_fiq>:
    2500:	14000000 	b	2500 <lower_el_aarch64_fiq>
    2504:	d503201f 	nop
    2508:	d503201f 	nop
    250c:	d503201f 	nop
    2510:	d503201f 	nop
    2514:	d503201f 	nop
    2518:	d503201f 	nop
    251c:	d503201f 	nop
    2520:	d503201f 	nop
    2524:	d503201f 	nop
    2528:	d503201f 	nop
    252c:	d503201f 	nop
    2530:	d503201f 	nop
    2534:	d503201f 	nop
    2538:	d503201f 	nop
    253c:	d503201f 	nop
    2540:	d503201f 	nop
    2544:	d503201f 	nop
    2548:	d503201f 	nop
    254c:	d503201f 	nop
    2550:	d503201f 	nop
    2554:	d503201f 	nop
    2558:	d503201f 	nop
    255c:	d503201f 	nop
    2560:	d503201f 	nop
    2564:	d503201f 	nop
    2568:	d503201f 	nop
    256c:	d503201f 	nop
    2570:	d503201f 	nop
    2574:	d503201f 	nop
    2578:	d503201f 	nop
    257c:	d503201f 	nop

0000000000002580 <lower_el_aarch64_serror>:
    2580:	14000000 	b	2580 <lower_el_aarch64_serror>
    2584:	d503201f 	nop
    2588:	d503201f 	nop
    258c:	d503201f 	nop
    2590:	d503201f 	nop
    2594:	d503201f 	nop
    2598:	d503201f 	nop
    259c:	d503201f 	nop
    25a0:	d503201f 	nop
    25a4:	d503201f 	nop
    25a8:	d503201f 	nop
    25ac:	d503201f 	nop
    25b0:	d503201f 	nop
    25b4:	d503201f 	nop
    25b8:	d503201f 	nop
    25bc:	d503201f 	nop
    25c0:	d503201f 	nop
    25c4:	d503201f 	nop
    25c8:	d503201f 	nop
    25cc:	d503201f 	nop
    25d0:	d503201f 	nop
    25d4:	d503201f 	nop
    25d8:	d503201f 	nop
    25dc:	d503201f 	nop
    25e0:	d503201f 	nop
    25e4:	d503201f 	nop
    25e8:	d503201f 	nop
    25ec:	d503201f 	nop
    25f0:	d503201f 	nop
    25f4:	d503201f 	nop
    25f8:	d503201f 	nop
    25fc:	d503201f 	nop

0000000000002600 <lower_el_aarch32_sync>:
    2600:	14000000 	b	2600 <lower_el_aarch32_sync>
    2604:	d503201f 	nop
    2608:	d503201f 	nop
    260c:	d503201f 	nop
    2610:	d503201f 	nop
    2614:	d503201f 	nop
    2618:	d503201f 	nop
    261c:	d503201f 	nop
    2620:	d503201f 	nop
    2624:	d503201f 	nop
    2628:	d503201f 	nop
    262c:	d503201f 	nop
    2630:	d503201f 	nop
    2634:	d503201f 	nop
    2638:	d503201f 	nop
    263c:	d503201f 	nop
    2640:	d503201f 	nop
    2644:	d503201f 	nop
    2648:	d503201f 	nop
    264c:	d503201f 	nop
    2650:	d503201f 	nop
    2654:	d503201f 	nop
    2658:	d503201f 	nop
    265c:	d503201f 	nop
    2660:	d503201f 	nop
    2664:	d503201f 	nop
    2668:	d503201f 	nop
    266c:	d503201f 	nop
    2670:	d503201f 	nop
    2674:	d503201f 	nop
    2678:	d503201f 	nop
    267c:	d503201f 	nop

0000000000002680 <lower_el_aarch32_irq>:
    2680:	14000000 	b	2680 <lower_el_aarch32_irq>
    2684:	d503201f 	nop
    2688:	d503201f 	nop
    268c:	d503201f 	nop
    2690:	d503201f 	nop
    2694:	d503201f 	nop
    2698:	d503201f 	nop
    269c:	d503201f 	nop
    26a0:	d503201f 	nop
    26a4:	d503201f 	nop
    26a8:	d503201f 	nop
    26ac:	d503201f 	nop
    26b0:	d503201f 	nop
    26b4:	d503201f 	nop
    26b8:	d503201f 	nop
    26bc:	d503201f 	nop
    26c0:	d503201f 	nop
    26c4:	d503201f 	nop
    26c8:	d503201f 	nop
    26cc:	d503201f 	nop
    26d0:	d503201f 	nop
    26d4:	d503201f 	nop
    26d8:	d503201f 	nop
    26dc:	d503201f 	nop
    26e0:	d503201f 	nop
    26e4:	d503201f 	nop
    26e8:	d503201f 	nop
    26ec:	d503201f 	nop
    26f0:	d503201f 	nop
    26f4:	d503201f 	nop
    26f8:	d503201f 	nop
    26fc:	d503201f 	nop

0000000000002700 <lower_el_aarch32_fiq>:
    2700:	14000000 	b	2700 <lower_el_aarch32_fiq>
    2704:	d503201f 	nop
    2708:	d503201f 	nop
    270c:	d503201f 	nop
    2710:	d503201f 	nop
    2714:	d503201f 	nop
    2718:	d503201f 	nop
    271c:	d503201f 	nop
    2720:	d503201f 	nop
    2724:	d503201f 	nop
    2728:	d503201f 	nop
    272c:	d503201f 	nop
    2730:	d503201f 	nop
    2734:	d503201f 	nop
    2738:	d503201f 	nop
    273c:	d503201f 	nop
    2740:	d503201f 	nop
    2744:	d503201f 	nop
    2748:	d503201f 	nop
    274c:	d503201f 	nop
    2750:	d503201f 	nop
    2754:	d503201f 	nop
    2758:	d503201f 	nop
    275c:	d503201f 	nop
    2760:	d503201f 	nop
    2764:	d503201f 	nop
    2768:	d503201f 	nop
    276c:	d503201f 	nop
    2770:	d503201f 	nop
    2774:	d503201f 	nop
    2778:	d503201f 	nop
    277c:	d503201f 	nop

0000000000002780 <lower_el_aarch32_serror>:
    2780:	14000000 	b	2780 <lower_el_aarch32_serror>
    2784:	d503201f 	nop
    2788:	d503201f 	nop
    278c:	d503201f 	nop
    2790:	d503201f 	nop
    2794:	d503201f 	nop
    2798:	d503201f 	nop
    279c:	d503201f 	nop
    27a0:	d503201f 	nop
    27a4:	d503201f 	nop
    27a8:	d503201f 	nop
    27ac:	d503201f 	nop
    27b0:	d503201f 	nop
    27b4:	d503201f 	nop
    27b8:	d503201f 	nop
    27bc:	d503201f 	nop
    27c0:	d503201f 	nop
    27c4:	d503201f 	nop
    27c8:	d503201f 	nop
    27cc:	d503201f 	nop
    27d0:	d503201f 	nop
    27d4:	d503201f 	nop
    27d8:	d503201f 	nop
    27dc:	d503201f 	nop
    27e0:	d503201f 	nop
    27e4:	d503201f 	nop
    27e8:	d503201f 	nop
    27ec:	d503201f 	nop
    27f0:	d503201f 	nop
    27f4:	d503201f 	nop
    27f8:	d503201f 	nop
    27fc:	d503201f 	nop

0000000000002800 <_puts_r>:
    2800:	a9ba7bfd 	stp	x29, x30, [sp, #-96]!
    2804:	910003fd 	mov	x29, sp
    2808:	a90153f3 	stp	x19, x20, [sp, #16]
    280c:	aa0003f4 	mov	x20, x0
    2810:	aa0103f3 	mov	x19, x1
    2814:	aa0103e0 	mov	x0, x1
    2818:	940001ca 	bl	2f40 <strlen>
    281c:	f9402682 	ldr	x2, [x20, #72]
    2820:	91000404 	add	x4, x0, #0x1
    2824:	910103e6 	add	x6, sp, #0x40
    2828:	d0000061 	adrp	x1, 10000 <__sfp_handle_exceptions+0x300>
    282c:	d2800023 	mov	x3, #0x1                   	// #1
    2830:	91030021 	add	x1, x1, #0xc0
    2834:	52800045 	mov	w5, #0x2                   	// #2
    2838:	f90017e6 	str	x6, [sp, #40]
    283c:	b90033e5 	str	w5, [sp, #48]
    2840:	a903cfe4 	stp	x4, x19, [sp, #56]
    2844:	a90487e0 	stp	x0, x1, [sp, #72]
    2848:	f9002fe3 	str	x3, [sp, #88]
    284c:	f9400a93 	ldr	x19, [x20, #16]
    2850:	b4000482 	cbz	x2, 28e0 <_puts_r+0xe0>
    2854:	b940b261 	ldr	w1, [x19, #176]
    2858:	79c02260 	ldrsh	w0, [x19, #16]
    285c:	37000041 	tbnz	w1, #0, 2864 <_puts_r+0x64>
    2860:	36480360 	tbz	w0, #9, 28cc <_puts_r+0xcc>
    2864:	376800a0 	tbnz	w0, #13, 2878 <_puts_r+0x78>
    2868:	32130000 	orr	w0, w0, #0x2000
    286c:	12127821 	and	w1, w1, #0xffffdfff
    2870:	79002260 	strh	w0, [x19, #16]
    2874:	b900b261 	str	w1, [x19, #176]
    2878:	376803a1 	tbnz	w1, #13, 28ec <_puts_r+0xec>
    287c:	aa1303e1 	mov	x1, x19
    2880:	aa1403e0 	mov	x0, x20
    2884:	9100a3e2 	add	x2, sp, #0x28
    2888:	9400047e 	bl	3a80 <__sfvwrite_r>
    288c:	b940b261 	ldr	w1, [x19, #176]
    2890:	350002e0 	cbnz	w0, 28ec <_puts_r+0xec>
    2894:	52800154 	mov	w20, #0xa                   	// #10
    2898:	37000061 	tbnz	w1, #0, 28a4 <_puts_r+0xa4>
    289c:	79402260 	ldrh	w0, [x19, #16]
    28a0:	364800a0 	tbz	w0, #9, 28b4 <_puts_r+0xb4>
    28a4:	2a1403e0 	mov	w0, w20
    28a8:	a94153f3 	ldp	x19, x20, [sp, #16]
    28ac:	a8c67bfd 	ldp	x29, x30, [sp], #96
    28b0:	d65f03c0 	ret
    28b4:	f9405260 	ldr	x0, [x19, #160]
    28b8:	94000646 	bl	41d0 <__retarget_lock_release_recursive>
    28bc:	2a1403e0 	mov	w0, w20
    28c0:	a94153f3 	ldp	x19, x20, [sp, #16]
    28c4:	a8c67bfd 	ldp	x29, x30, [sp], #96
    28c8:	d65f03c0 	ret
    28cc:	f9405260 	ldr	x0, [x19, #160]
    28d0:	94000630 	bl	4190 <__retarget_lock_acquire_recursive>
    28d4:	79c02260 	ldrsh	w0, [x19, #16]
    28d8:	b940b261 	ldr	w1, [x19, #176]
    28dc:	17ffffe2 	b	2864 <_puts_r+0x64>
    28e0:	aa1403e0 	mov	x0, x20
    28e4:	940000ff 	bl	2ce0 <__sinit>
    28e8:	17ffffdb 	b	2854 <_puts_r+0x54>
    28ec:	12800014 	mov	w20, #0xffffffff            	// #-1
    28f0:	17ffffea 	b	2898 <_puts_r+0x98>
	...

0000000000002900 <puts>:
    2900:	f0000062 	adrp	x2, 11000 <__malloc_av_+0x360>
    2904:	aa0003e1 	mov	x1, x0
    2908:	f9425840 	ldr	x0, [x2, #1200]
    290c:	17ffffbd 	b	2800 <_puts_r>

0000000000002910 <stdio_exit_handler>:
    2910:	d0000062 	adrp	x2, 10000 <__sfp_handle_exceptions+0x300>
    2914:	f0000001 	adrp	x1, 5000 <_free_r+0x1a0>
    2918:	9131e042 	add	x2, x2, #0xc78
    291c:	91098021 	add	x1, x1, #0x260
    2920:	f0000060 	adrp	x0, 11000 <__malloc_av_+0x360>
    2924:	9112e000 	add	x0, x0, #0x4b8
    2928:	1400058a 	b	3f50 <_fwalk_sglue>
    292c:	00000000 	udf	#0

0000000000002930 <cleanup_stdio>:
    2930:	a9be7bfd 	stp	x29, x30, [sp, #-32]!
    2934:	b0001fe2 	adrp	x2, 3ff000 <cpu_interf_buf+0xff000>
    2938:	913fc042 	add	x2, x2, #0xff0
    293c:	910003fd 	mov	x29, sp
    2940:	f9400401 	ldr	x1, [x0, #8]
    2944:	f9000bf3 	str	x19, [sp, #16]
    2948:	aa0003f3 	mov	x19, x0
    294c:	eb02003f 	cmp	x1, x2
    2950:	54000040 	b.eq	2958 <cleanup_stdio+0x28>  // b.none
    2954:	94000a43 	bl	5260 <_fclose_r>
    2958:	f9400a61 	ldr	x1, [x19, #16]
    295c:	d0001fe0 	adrp	x0, 400000 <__sf+0x10>
    2960:	9102a000 	add	x0, x0, #0xa8
    2964:	eb00003f 	cmp	x1, x0
    2968:	54000060 	b.eq	2974 <cleanup_stdio+0x44>  // b.none
    296c:	aa1303e0 	mov	x0, x19
    2970:	94000a3c 	bl	5260 <_fclose_r>
    2974:	f9400e61 	ldr	x1, [x19, #24]
    2978:	d0001fe0 	adrp	x0, 400000 <__sf+0x10>
    297c:	91058000 	add	x0, x0, #0x160
    2980:	eb00003f 	cmp	x1, x0
    2984:	540000a0 	b.eq	2998 <cleanup_stdio+0x68>  // b.none
    2988:	aa1303e0 	mov	x0, x19
    298c:	f9400bf3 	ldr	x19, [sp, #16]
    2990:	a8c27bfd 	ldp	x29, x30, [sp], #32
    2994:	14000a33 	b	5260 <_fclose_r>
    2998:	f9400bf3 	ldr	x19, [sp, #16]
    299c:	a8c27bfd 	ldp	x29, x30, [sp], #32
    29a0:	d65f03c0 	ret
	...

00000000000029b0 <__fp_lock>:
    29b0:	b940b020 	ldr	w0, [x1, #176]
    29b4:	37000060 	tbnz	w0, #0, 29c0 <__fp_lock+0x10>
    29b8:	79402020 	ldrh	w0, [x1, #16]
    29bc:	36480060 	tbz	w0, #9, 29c8 <__fp_lock+0x18>
    29c0:	52800000 	mov	w0, #0x0                   	// #0
    29c4:	d65f03c0 	ret
    29c8:	a9bf7bfd 	stp	x29, x30, [sp, #-16]!
    29cc:	910003fd 	mov	x29, sp
    29d0:	f9405020 	ldr	x0, [x1, #160]
    29d4:	940005ef 	bl	4190 <__retarget_lock_acquire_recursive>
    29d8:	52800000 	mov	w0, #0x0                   	// #0
    29dc:	a8c17bfd 	ldp	x29, x30, [sp], #16
    29e0:	d65f03c0 	ret
	...

00000000000029f0 <__fp_unlock>:
    29f0:	b940b020 	ldr	w0, [x1, #176]
    29f4:	37000060 	tbnz	w0, #0, 2a00 <__fp_unlock+0x10>
    29f8:	79402020 	ldrh	w0, [x1, #16]
    29fc:	36480060 	tbz	w0, #9, 2a08 <__fp_unlock+0x18>
    2a00:	52800000 	mov	w0, #0x0                   	// #0
    2a04:	d65f03c0 	ret
    2a08:	a9bf7bfd 	stp	x29, x30, [sp, #-16]!
    2a0c:	910003fd 	mov	x29, sp
    2a10:	f9405020 	ldr	x0, [x1, #160]
    2a14:	940005ef 	bl	41d0 <__retarget_lock_release_recursive>
    2a18:	52800000 	mov	w0, #0x0                   	// #0
    2a1c:	a8c17bfd 	ldp	x29, x30, [sp], #16
    2a20:	d65f03c0 	ret
	...

0000000000002a30 <global_stdio_init.part.0>:
    2a30:	a9bc7bfd 	stp	x29, x30, [sp, #-64]!
    2a34:	b0001fe0 	adrp	x0, 3ff000 <cpu_interf_buf+0xff000>
    2a38:	d0001fe2 	adrp	x2, 400000 <__sf+0x10>
    2a3c:	910003fd 	mov	x29, sp
    2a40:	a90153f3 	stp	x19, x20, [sp, #16]
    2a44:	913fc013 	add	x19, x0, #0xff0
    2a48:	52800083 	mov	w3, #0x4                   	// #4
    2a4c:	90000001 	adrp	x1, 2000 <_exception_vector>
    2a50:	91244021 	add	x1, x1, #0x910
    2a54:	f9010c41 	str	x1, [x2, #536]
    2a58:	d2800102 	mov	x2, #0x8                   	// #8
    2a5c:	52800001 	mov	w1, #0x0                   	// #0
    2a60:	a9025bf5 	stp	x21, x22, [sp, #32]
    2a64:	b0000014 	adrp	x20, 3000 <strlen+0xc0>
    2a68:	f9001bf7 	str	x23, [sp, #48]
    2a6c:	91064294 	add	x20, x20, #0x190
    2a70:	f907f81f 	str	xzr, [x0, #4080]
    2a74:	d0001fe0 	adrp	x0, 400000 <__sf+0x10>
    2a78:	91026000 	add	x0, x0, #0x98
    2a7c:	f900067f 	str	xzr, [x19, #8]
    2a80:	b9001263 	str	w3, [x19, #16]
    2a84:	b0000016 	adrp	x22, 3000 <strlen+0xc0>
    2a88:	f9000e7f 	str	xzr, [x19, #24]
    2a8c:	910342d6 	add	x22, x22, #0xd0
    2a90:	b900227f 	str	wzr, [x19, #32]
    2a94:	b0000015 	adrp	x21, 3000 <strlen+0xc0>
    2a98:	b9002a7f 	str	wzr, [x19, #40]
    2a9c:	910502b5 	add	x21, x21, #0x140
    2aa0:	b900b27f 	str	wzr, [x19, #176]
    2aa4:	94000b67 	bl	5840 <memset>
    2aa8:	b0000017 	adrp	x23, 3000 <strlen+0xc0>
    2aac:	d0001fe0 	adrp	x0, 400000 <__sf+0x10>
    2ab0:	9101c2f7 	add	x23, x23, #0x70
    2ab4:	91024000 	add	x0, x0, #0x90
    2ab8:	a9035e73 	stp	x19, x23, [x19, #48]
    2abc:	a9045676 	stp	x22, x21, [x19, #64]
    2ac0:	f9002a74 	str	x20, [x19, #80]
    2ac4:	940005a3 	bl	4150 <__retarget_lock_init_recursive>
    2ac8:	52800123 	mov	w3, #0x9                   	// #9
    2acc:	d2800102 	mov	x2, #0x8                   	// #8
    2ad0:	72a00023 	movk	w3, #0x1, lsl #16
    2ad4:	52800001 	mov	w1, #0x0                   	// #0
    2ad8:	d0001fe0 	adrp	x0, 400000 <__sf+0x10>
    2adc:	91054000 	add	x0, x0, #0x150
    2ae0:	f9005e7f 	str	xzr, [x19, #184]
    2ae4:	f900627f 	str	xzr, [x19, #192]
    2ae8:	b900ca63 	str	w3, [x19, #200]
    2aec:	f9006a7f 	str	xzr, [x19, #208]
    2af0:	b900da7f 	str	wzr, [x19, #216]
    2af4:	b900e27f 	str	wzr, [x19, #224]
    2af8:	b9016a7f 	str	wzr, [x19, #360]
    2afc:	94000b51 	bl	5840 <memset>
    2b00:	d0001fe1 	adrp	x1, 400000 <__sf+0x10>
    2b04:	9102a021 	add	x1, x1, #0xa8
    2b08:	d0001fe0 	adrp	x0, 400000 <__sf+0x10>
    2b0c:	91052000 	add	x0, x0, #0x148
    2b10:	a90ede61 	stp	x1, x23, [x19, #232]
    2b14:	a90fd676 	stp	x22, x21, [x19, #248]
    2b18:	f9008674 	str	x20, [x19, #264]
    2b1c:	9400058d 	bl	4150 <__retarget_lock_init_recursive>
    2b20:	52800243 	mov	w3, #0x12                  	// #18
    2b24:	d2800102 	mov	x2, #0x8                   	// #8
    2b28:	72a00043 	movk	w3, #0x2, lsl #16
    2b2c:	52800001 	mov	w1, #0x0                   	// #0
    2b30:	d0001fe0 	adrp	x0, 400000 <__sf+0x10>
    2b34:	91082000 	add	x0, x0, #0x208
    2b38:	f900ba7f 	str	xzr, [x19, #368]
    2b3c:	f900be7f 	str	xzr, [x19, #376]
    2b40:	b9018263 	str	w3, [x19, #384]
    2b44:	f900c67f 	str	xzr, [x19, #392]
    2b48:	b901927f 	str	wzr, [x19, #400]
    2b4c:	b9019a7f 	str	wzr, [x19, #408]
    2b50:	b902227f 	str	wzr, [x19, #544]
    2b54:	94000b3b 	bl	5840 <memset>
    2b58:	d0001fe1 	adrp	x1, 400000 <__sf+0x10>
    2b5c:	91058021 	add	x1, x1, #0x160
    2b60:	a91a5e61 	stp	x1, x23, [x19, #416]
    2b64:	d0001fe0 	adrp	x0, 400000 <__sf+0x10>
    2b68:	91080000 	add	x0, x0, #0x200
    2b6c:	a91b5676 	stp	x22, x21, [x19, #432]
    2b70:	f900e274 	str	x20, [x19, #448]
    2b74:	a94153f3 	ldp	x19, x20, [sp, #16]
    2b78:	a9425bf5 	ldp	x21, x22, [sp, #32]
    2b7c:	f9401bf7 	ldr	x23, [sp, #48]
    2b80:	a8c47bfd 	ldp	x29, x30, [sp], #64
    2b84:	14000573 	b	4150 <__retarget_lock_init_recursive>
	...

0000000000002b90 <__sfp>:
    2b90:	a9bc7bfd 	stp	x29, x30, [sp, #-64]!
    2b94:	910003fd 	mov	x29, sp
    2b98:	a9025bf5 	stp	x21, x22, [sp, #32]
    2b9c:	d0001ff5 	adrp	x21, 400000 <__sf+0x10>
    2ba0:	910a62b5 	add	x21, x21, #0x298
    2ba4:	aa0003f6 	mov	x22, x0
    2ba8:	aa1503e0 	mov	x0, x21
    2bac:	a90153f3 	stp	x19, x20, [sp, #16]
    2bb0:	f9001bf7 	str	x23, [sp, #48]
    2bb4:	94000577 	bl	4190 <__retarget_lock_acquire_recursive>
    2bb8:	d0001fe0 	adrp	x0, 400000 <__sf+0x10>
    2bbc:	f9410c00 	ldr	x0, [x0, #536]
    2bc0:	b40007a0 	cbz	x0, 2cb4 <__sfp+0x124>
    2bc4:	d0000074 	adrp	x20, 10000 <__sfp_handle_exceptions+0x300>
    2bc8:	9131e294 	add	x20, x20, #0xc78
    2bcc:	52801717 	mov	w23, #0xb8                  	// #184
    2bd0:	b9400a82 	ldr	w2, [x20, #8]
    2bd4:	f9400a93 	ldr	x19, [x20, #16]
    2bd8:	7100005f 	cmp	w2, #0x0
    2bdc:	5400044d 	b.le	2c64 <__sfp+0xd4>
    2be0:	9bb74c42 	umaddl	x2, w2, w23, x19
    2be4:	14000004 	b	2bf4 <__sfp+0x64>
    2be8:	9102e273 	add	x19, x19, #0xb8
    2bec:	eb13005f 	cmp	x2, x19
    2bf0:	540003a0 	b.eq	2c64 <__sfp+0xd4>  // b.none
    2bf4:	79c02261 	ldrsh	w1, [x19, #16]
    2bf8:	35ffff81 	cbnz	w1, 2be8 <__sfp+0x58>
    2bfc:	129fffc0 	mov	w0, #0xffff0001            	// #-65535
    2c00:	b9001260 	str	w0, [x19, #16]
    2c04:	b900b27f 	str	wzr, [x19, #176]
    2c08:	91028260 	add	x0, x19, #0xa0
    2c0c:	94000551 	bl	4150 <__retarget_lock_init_recursive>
    2c10:	aa1503e0 	mov	x0, x21
    2c14:	9400056f 	bl	41d0 <__retarget_lock_release_recursive>
    2c18:	f900027f 	str	xzr, [x19]
    2c1c:	9102a260 	add	x0, x19, #0xa8
    2c20:	f900067f 	str	xzr, [x19, #8]
    2c24:	d2800102 	mov	x2, #0x8                   	// #8
    2c28:	f9000e7f 	str	xzr, [x19, #24]
    2c2c:	52800001 	mov	w1, #0x0                   	// #0
    2c30:	b900227f 	str	wzr, [x19, #32]
    2c34:	b9002a7f 	str	wzr, [x19, #40]
    2c38:	94000b02 	bl	5840 <memset>
    2c3c:	f9002e7f 	str	xzr, [x19, #88]
    2c40:	b900627f 	str	wzr, [x19, #96]
    2c44:	f9003e7f 	str	xzr, [x19, #120]
    2c48:	b900827f 	str	wzr, [x19, #128]
    2c4c:	a9425bf5 	ldp	x21, x22, [sp, #32]
    2c50:	aa1303e0 	mov	x0, x19
    2c54:	a94153f3 	ldp	x19, x20, [sp, #16]
    2c58:	f9401bf7 	ldr	x23, [sp, #48]
    2c5c:	a8c47bfd 	ldp	x29, x30, [sp], #64
    2c60:	d65f03c0 	ret
    2c64:	f9400293 	ldr	x19, [x20]
    2c68:	b4000073 	cbz	x19, 2c74 <__sfp+0xe4>
    2c6c:	aa1303f4 	mov	x20, x19
    2c70:	17ffffd8 	b	2bd0 <__sfp+0x40>
    2c74:	aa1603e0 	mov	x0, x22
    2c78:	d2805f01 	mov	x1, #0x2f8                 	// #760
    2c7c:	94000149 	bl	31a0 <_malloc_r>
    2c80:	aa0003f3 	mov	x19, x0
    2c84:	b40001c0 	cbz	x0, 2cbc <__sfp+0x12c>
    2c88:	91006000 	add	x0, x0, #0x18
    2c8c:	52800081 	mov	w1, #0x4                   	// #4
    2c90:	f900027f 	str	xzr, [x19]
    2c94:	d2805c02 	mov	x2, #0x2e0                 	// #736
    2c98:	b9000a61 	str	w1, [x19, #8]
    2c9c:	52800001 	mov	w1, #0x0                   	// #0
    2ca0:	f9000a60 	str	x0, [x19, #16]
    2ca4:	94000ae7 	bl	5840 <memset>
    2ca8:	f9000293 	str	x19, [x20]
    2cac:	aa1303f4 	mov	x20, x19
    2cb0:	17ffffc8 	b	2bd0 <__sfp+0x40>
    2cb4:	97ffff5f 	bl	2a30 <global_stdio_init.part.0>
    2cb8:	17ffffc3 	b	2bc4 <__sfp+0x34>
    2cbc:	f900029f 	str	xzr, [x20]
    2cc0:	aa1503e0 	mov	x0, x21
    2cc4:	94000543 	bl	41d0 <__retarget_lock_release_recursive>
    2cc8:	52800180 	mov	w0, #0xc                   	// #12
    2ccc:	b90002c0 	str	w0, [x22]
    2cd0:	17ffffdf 	b	2c4c <__sfp+0xbc>
	...

0000000000002ce0 <__sinit>:
    2ce0:	a9be7bfd 	stp	x29, x30, [sp, #-32]!
    2ce4:	910003fd 	mov	x29, sp
    2ce8:	a90153f3 	stp	x19, x20, [sp, #16]
    2cec:	aa0003f4 	mov	x20, x0
    2cf0:	d0001ff3 	adrp	x19, 400000 <__sf+0x10>
    2cf4:	910a6273 	add	x19, x19, #0x298
    2cf8:	aa1303e0 	mov	x0, x19
    2cfc:	94000525 	bl	4190 <__retarget_lock_acquire_recursive>
    2d00:	f9402680 	ldr	x0, [x20, #72]
    2d04:	b50000e0 	cbnz	x0, 2d20 <__sinit+0x40>
    2d08:	d0001fe1 	adrp	x1, 400000 <__sf+0x10>
    2d0c:	90000000 	adrp	x0, 2000 <_exception_vector>
    2d10:	9124c000 	add	x0, x0, #0x930
    2d14:	f9002680 	str	x0, [x20, #72]
    2d18:	f9410c20 	ldr	x0, [x1, #536]
    2d1c:	b40000a0 	cbz	x0, 2d30 <__sinit+0x50>
    2d20:	aa1303e0 	mov	x0, x19
    2d24:	a94153f3 	ldp	x19, x20, [sp, #16]
    2d28:	a8c27bfd 	ldp	x29, x30, [sp], #32
    2d2c:	14000529 	b	41d0 <__retarget_lock_release_recursive>
    2d30:	97ffff40 	bl	2a30 <global_stdio_init.part.0>
    2d34:	aa1303e0 	mov	x0, x19
    2d38:	a94153f3 	ldp	x19, x20, [sp, #16]
    2d3c:	a8c27bfd 	ldp	x29, x30, [sp], #32
    2d40:	14000524 	b	41d0 <__retarget_lock_release_recursive>
	...

0000000000002d50 <__sfp_lock_acquire>:
    2d50:	d0001fe0 	adrp	x0, 400000 <__sf+0x10>
    2d54:	910a6000 	add	x0, x0, #0x298
    2d58:	1400050e 	b	4190 <__retarget_lock_acquire_recursive>
    2d5c:	00000000 	udf	#0

0000000000002d60 <__sfp_lock_release>:
    2d60:	d0001fe0 	adrp	x0, 400000 <__sf+0x10>
    2d64:	910a6000 	add	x0, x0, #0x298
    2d68:	1400051a 	b	41d0 <__retarget_lock_release_recursive>
    2d6c:	00000000 	udf	#0

0000000000002d70 <__fp_lock_all>:
    2d70:	a9bf7bfd 	stp	x29, x30, [sp, #-16]!
    2d74:	d0001fe0 	adrp	x0, 400000 <__sf+0x10>
    2d78:	910a6000 	add	x0, x0, #0x298
    2d7c:	910003fd 	mov	x29, sp
    2d80:	94000504 	bl	4190 <__retarget_lock_acquire_recursive>
    2d84:	a8c17bfd 	ldp	x29, x30, [sp], #16
    2d88:	d0000062 	adrp	x2, 10000 <__sfp_handle_exceptions+0x300>
    2d8c:	90000001 	adrp	x1, 2000 <_exception_vector>
    2d90:	9131e042 	add	x2, x2, #0xc78
    2d94:	9126c021 	add	x1, x1, #0x9b0
    2d98:	d2800000 	mov	x0, #0x0                   	// #0
    2d9c:	1400046d 	b	3f50 <_fwalk_sglue>

0000000000002da0 <__fp_unlock_all>:
    2da0:	a9bf7bfd 	stp	x29, x30, [sp, #-16]!
    2da4:	d0000062 	adrp	x2, 10000 <__sfp_handle_exceptions+0x300>
    2da8:	90000001 	adrp	x1, 2000 <_exception_vector>
    2dac:	910003fd 	mov	x29, sp
    2db0:	9131e042 	add	x2, x2, #0xc78
    2db4:	9127c021 	add	x1, x1, #0x9f0
    2db8:	d2800000 	mov	x0, #0x0                   	// #0
    2dbc:	94000465 	bl	3f50 <_fwalk_sglue>
    2dc0:	a8c17bfd 	ldp	x29, x30, [sp], #16
    2dc4:	d0001fe0 	adrp	x0, 400000 <__sf+0x10>
    2dc8:	910a6000 	add	x0, x0, #0x298
    2dcc:	14000501 	b	41d0 <__retarget_lock_release_recursive>
	...

0000000000002e00 <strcpy>:
    2e00:	d503245f 	bti	c
    2e04:	927cec22 	and	x2, x1, #0xfffffffffffffff0
    2e08:	4c407040 	ld1	{v0.16b}, [x2]
    2e0c:	4e209801 	cmeq	v1.16b, v0.16b, #0
    2e10:	d37ef425 	lsl	x5, x1, #2
    2e14:	0f0c8422 	shrn	v2.8b, v1.8h, #4
    2e18:	9e660044 	fmov	x4, d2
    2e1c:	9ac52484 	lsr	x4, x4, x5
    2e20:	b5000224 	cbnz	x4, 2e64 <strcpy+0x64>
    2e24:	3cc10c40 	ldr	q0, [x2, #16]!
    2e28:	4e209801 	cmeq	v1.16b, v0.16b, #0
    2e2c:	0f0c8422 	shrn	v2.8b, v1.8h, #4
    2e30:	9e660044 	fmov	x4, d2
    2e34:	b4000464 	cbz	x4, 2ec0 <strcpy+0xc0>
    2e38:	dac00084 	rbit	x4, x4
    2e3c:	cb010045 	sub	x5, x2, x1
    2e40:	dac01084 	clz	x4, x4
    2e44:	8b4408a4 	add	x4, x5, x4, lsr #2
    2e48:	36200144 	tbz	w4, #4, 2e70 <strcpy+0x70>
    2e4c:	d1003c85 	sub	x5, x4, #0xf
    2e50:	3dc00020 	ldr	q0, [x1]
    2e54:	3ce56821 	ldr	q1, [x1, x5]
    2e58:	3d800000 	str	q0, [x0]
    2e5c:	3ca56801 	str	q1, [x0, x5]
    2e60:	d65f03c0 	ret
    2e64:	dac00084 	rbit	x4, x4
    2e68:	dac01084 	clz	x4, x4
    2e6c:	d342fc84 	lsr	x4, x4, #2
    2e70:	36180104 	tbz	w4, #3, 2e90 <strcpy+0x90>
    2e74:	d1001c85 	sub	x5, x4, #0x7
    2e78:	f9400026 	ldr	x6, [x1]
    2e7c:	f8656827 	ldr	x7, [x1, x5]
    2e80:	f9000006 	str	x6, [x0]
    2e84:	f8256807 	str	x7, [x0, x5]
    2e88:	d65f03c0 	ret
    2e8c:	d503201f 	nop
    2e90:	f1000c85 	subs	x5, x4, #0x3
    2e94:	540000c3 	b.cc	2eac <strcpy+0xac>  // b.lo, b.ul, b.last
    2e98:	b9400026 	ldr	w6, [x1]
    2e9c:	b8656827 	ldr	w7, [x1, x5]
    2ea0:	b9000006 	str	w6, [x0]
    2ea4:	b8256807 	str	w7, [x0, x5]
    2ea8:	d65f03c0 	ret
    2eac:	b4000064 	cbz	x4, 2eb8 <strcpy+0xb8>
    2eb0:	79400026 	ldrh	w6, [x1]
    2eb4:	79000006 	strh	w6, [x0]
    2eb8:	3824681f 	strb	wzr, [x0, x4]
    2ebc:	d65f03c0 	ret
    2ec0:	cb000025 	sub	x5, x1, x0
    2ec4:	3dc00021 	ldr	q1, [x1]
    2ec8:	cb050043 	sub	x3, x2, x5
    2ecc:	3d800001 	str	q1, [x0]
    2ed0:	3c820460 	str	q0, [x3], #32
    2ed4:	3dc00440 	ldr	q0, [x2, #16]
    2ed8:	4e209801 	cmeq	v1.16b, v0.16b, #0
    2edc:	6e21a422 	umaxp	v2.16b, v1.16b, v1.16b
    2ee0:	9e660044 	fmov	x4, d2
    2ee4:	b5000104 	cbnz	x4, 2f04 <strcpy+0x104>
    2ee8:	3c9f0060 	stur	q0, [x3, #-16]
    2eec:	3cc20c40 	ldr	q0, [x2, #32]!
    2ef0:	4e209801 	cmeq	v1.16b, v0.16b, #0
    2ef4:	6e21a422 	umaxp	v2.16b, v1.16b, v1.16b
    2ef8:	9e660044 	fmov	x4, d2
    2efc:	b4fffea4 	cbz	x4, 2ed0 <strcpy+0xd0>
    2f00:	91004063 	add	x3, x3, #0x10
    2f04:	0f0c8422 	shrn	v2.8b, v1.8h, #4
    2f08:	9e660044 	fmov	x4, d2
    2f0c:	d1007c63 	sub	x3, x3, #0x1f
    2f10:	dac00084 	rbit	x4, x4
    2f14:	dac01084 	clz	x4, x4
    2f18:	d342fc84 	lsr	x4, x4, #2
    2f1c:	8b040063 	add	x3, x3, x4
    2f20:	3ce56860 	ldr	q0, [x3, x5]
    2f24:	3d800060 	str	q0, [x3]
    2f28:	d65f03c0 	ret
	...

0000000000002f40 <strlen>:
    2f40:	d503245f 	bti	c
    2f44:	92402c04 	and	x4, x0, #0xfff
    2f48:	f13f809f 	cmp	x4, #0xfe0
    2f4c:	540006c8 	b.hi	3024 <strlen+0xe4>  // b.pmore
    2f50:	a9400c02 	ldp	x2, x3, [x0]
    2f54:	b200c3e8 	mov	x8, #0x101010101010101     	// #72340172838076673
    2f58:	cb080044 	sub	x4, x2, x8
    2f5c:	b200d845 	orr	x5, x2, #0x7f7f7f7f7f7f7f7f
    2f60:	cb080066 	sub	x6, x3, x8
    2f64:	b200d867 	orr	x7, x3, #0x7f7f7f7f7f7f7f7f
    2f68:	ea250084 	bics	x4, x4, x5
    2f6c:	8a2700c5 	bic	x5, x6, x7
    2f70:	fa4008a0 	ccmp	x5, #0x0, #0x0, eq	// eq = none
    2f74:	54000100 	b.eq	2f94 <strlen+0x54>  // b.none
    2f78:	9a853084 	csel	x4, x4, x5, cc	// cc = lo, ul, last
    2f7c:	d2800100 	mov	x0, #0x8                   	// #8
    2f80:	dac00c84 	rev	x4, x4
    2f84:	9a8033e0 	csel	x0, xzr, x0, cc	// cc = lo, ul, last
    2f88:	dac01084 	clz	x4, x4
    2f8c:	8b440c00 	add	x0, x0, x4, lsr #3
    2f90:	d65f03c0 	ret
    2f94:	a9410c02 	ldp	x2, x3, [x0, #16]
    2f98:	cb080044 	sub	x4, x2, x8
    2f9c:	b200d845 	orr	x5, x2, #0x7f7f7f7f7f7f7f7f
    2fa0:	cb080066 	sub	x6, x3, x8
    2fa4:	b200d867 	orr	x7, x3, #0x7f7f7f7f7f7f7f7f
    2fa8:	ea250084 	bics	x4, x4, x5
    2fac:	8a2700c5 	bic	x5, x6, x7
    2fb0:	fa4008a0 	ccmp	x5, #0x0, #0x0, eq	// eq = none
    2fb4:	54000140 	b.eq	2fdc <strlen+0x9c>  // b.none
    2fb8:	9a853084 	csel	x4, x4, x5, cc	// cc = lo, ul, last
    2fbc:	d2800300 	mov	x0, #0x18                  	// #24
    2fc0:	dac00c84 	rev	x4, x4
    2fc4:	d2800206 	mov	x6, #0x10                  	// #16
    2fc8:	dac01084 	clz	x4, x4
    2fcc:	9a8030c0 	csel	x0, x6, x0, cc	// cc = lo, ul, last
    2fd0:	8b440c00 	add	x0, x0, x4, lsr #3
    2fd4:	d65f03c0 	ret
    2fd8:	d503201f 	nop
    2fdc:	927be801 	and	x1, x0, #0xffffffffffffffe0
    2fe0:	adc10821 	ldp	q1, q2, [x1, #32]!
    2fe4:	6e22ac20 	uminp	v0.16b, v1.16b, v2.16b
    2fe8:	6e20ac00 	uminp	v0.16b, v0.16b, v0.16b
    2fec:	0e209800 	cmeq	v0.8b, v0.8b, #0
    2ff0:	9e660003 	fmov	x3, d0
    2ff4:	b4ffff63 	cbz	x3, 2fe0 <strlen+0xa0>
    2ff8:	4e209820 	cmeq	v0.16b, v1.16b, #0
    2ffc:	cb000020 	sub	x0, x1, x0
    3000:	35000063 	cbnz	w3, 300c <strlen+0xcc>
    3004:	4e209840 	cmeq	v0.16b, v2.16b, #0
    3008:	91004000 	add	x0, x0, #0x10
    300c:	0f0c8400 	shrn	v0.8b, v0.8h, #4
    3010:	9e660003 	fmov	x3, d0
    3014:	dac00063 	rbit	x3, x3
    3018:	dac01062 	clz	x2, x3
    301c:	8b420800 	add	x0, x0, x2, lsr #2
    3020:	d65f03c0 	ret
    3024:	927be801 	and	x1, x0, #0xffffffffffffffe0
    3028:	52818062 	mov	w2, #0xc03                 	// #3075
    302c:	72b80602 	movk	w2, #0xc030, lsl #16
    3030:	4c40a021 	ld1	{v1.16b-v2.16b}, [x1]
    3034:	4e040c40 	dup	v0.4s, w2
    3038:	4e209821 	cmeq	v1.16b, v1.16b, #0
    303c:	4e209842 	cmeq	v2.16b, v2.16b, #0
    3040:	4e201c21 	and	v1.16b, v1.16b, v0.16b
    3044:	4e201c42 	and	v2.16b, v2.16b, v0.16b
    3048:	4e22bc20 	addp	v0.16b, v1.16b, v2.16b
    304c:	4e20bc00 	addp	v0.16b, v0.16b, v0.16b
    3050:	9e660003 	fmov	x3, d0
    3054:	d37ff804 	lsl	x4, x0, #1
    3058:	9ac42463 	lsr	x3, x3, x4
    305c:	b4fffc23 	cbz	x3, 2fe0 <strlen+0xa0>
    3060:	dac00063 	rbit	x3, x3
    3064:	dac01060 	clz	x0, x3
    3068:	d341fc00 	lsr	x0, x0, #1
    306c:	d65f03c0 	ret

0000000000003070 <__sread>:
    3070:	a9be7bfd 	stp	x29, x30, [sp, #-32]!
    3074:	93407c63 	sxtw	x3, w3
    3078:	910003fd 	mov	x29, sp
    307c:	f9000bf3 	str	x19, [sp, #16]
    3080:	aa0103f3 	mov	x19, x1
    3084:	79c02421 	ldrsh	w1, [x1, #18]
    3088:	94000a72 	bl	5a50 <_read_r>
    308c:	b7f800e0 	tbnz	x0, #63, 30a8 <__sread+0x38>
    3090:	f9404a61 	ldr	x1, [x19, #144]
    3094:	8b000021 	add	x1, x1, x0
    3098:	f9004a61 	str	x1, [x19, #144]
    309c:	f9400bf3 	ldr	x19, [sp, #16]
    30a0:	a8c27bfd 	ldp	x29, x30, [sp], #32
    30a4:	d65f03c0 	ret
    30a8:	79402261 	ldrh	w1, [x19, #16]
    30ac:	12137821 	and	w1, w1, #0xffffefff
    30b0:	79002261 	strh	w1, [x19, #16]
    30b4:	f9400bf3 	ldr	x19, [sp, #16]
    30b8:	a8c27bfd 	ldp	x29, x30, [sp], #32
    30bc:	d65f03c0 	ret

00000000000030c0 <__seofread>:
    30c0:	52800000 	mov	w0, #0x0                   	// #0
    30c4:	d65f03c0 	ret
	...

00000000000030d0 <__swrite>:
    30d0:	a9bd7bfd 	stp	x29, x30, [sp, #-48]!
    30d4:	910003fd 	mov	x29, sp
    30d8:	79c02024 	ldrsh	w4, [x1, #16]
    30dc:	a90153f3 	stp	x19, x20, [sp, #16]
    30e0:	aa0103f3 	mov	x19, x1
    30e4:	aa0003f4 	mov	x20, x0
    30e8:	a9025bf5 	stp	x21, x22, [sp, #32]
    30ec:	aa0203f5 	mov	x21, x2
    30f0:	2a0303f6 	mov	w22, w3
    30f4:	37400184 	tbnz	w4, #8, 3124 <__swrite+0x54>
    30f8:	79c02661 	ldrsh	w1, [x19, #18]
    30fc:	12137884 	and	w4, w4, #0xffffefff
    3100:	79002264 	strh	w4, [x19, #16]
    3104:	93407ec3 	sxtw	x3, w22
    3108:	aa1503e2 	mov	x2, x21
    310c:	aa1403e0 	mov	x0, x20
    3110:	97fff605 	bl	924 <_write_r>
    3114:	a94153f3 	ldp	x19, x20, [sp, #16]
    3118:	a9425bf5 	ldp	x21, x22, [sp, #32]
    311c:	a8c37bfd 	ldp	x29, x30, [sp], #48
    3120:	d65f03c0 	ret
    3124:	79c02421 	ldrsh	w1, [x1, #18]
    3128:	52800043 	mov	w3, #0x2                   	// #2
    312c:	d2800002 	mov	x2, #0x0                   	// #0
    3130:	94000a30 	bl	59f0 <_lseek_r>
    3134:	79c02264 	ldrsh	w4, [x19, #16]
    3138:	17fffff0 	b	30f8 <__swrite+0x28>
    313c:	00000000 	udf	#0

0000000000003140 <__sseek>:
    3140:	a9be7bfd 	stp	x29, x30, [sp, #-32]!
    3144:	910003fd 	mov	x29, sp
    3148:	f9000bf3 	str	x19, [sp, #16]
    314c:	aa0103f3 	mov	x19, x1
    3150:	79c02421 	ldrsh	w1, [x1, #18]
    3154:	94000a27 	bl	59f0 <_lseek_r>
    3158:	79c02261 	ldrsh	w1, [x19, #16]
    315c:	b100041f 	cmn	x0, #0x1
    3160:	540000e0 	b.eq	317c <__sseek+0x3c>  // b.none
    3164:	32140021 	orr	w1, w1, #0x1000
    3168:	79002261 	strh	w1, [x19, #16]
    316c:	f9004a60 	str	x0, [x19, #144]
    3170:	f9400bf3 	ldr	x19, [sp, #16]
    3174:	a8c27bfd 	ldp	x29, x30, [sp], #32
    3178:	d65f03c0 	ret
    317c:	12137821 	and	w1, w1, #0xffffefff
    3180:	79002261 	strh	w1, [x19, #16]
    3184:	f9400bf3 	ldr	x19, [sp, #16]
    3188:	a8c27bfd 	ldp	x29, x30, [sp], #32
    318c:	d65f03c0 	ret

0000000000003190 <__sclose>:
    3190:	79c02421 	ldrsh	w1, [x1, #18]
    3194:	140007eb 	b	5140 <_close_r>
	...

00000000000031a0 <_malloc_r>:
    31a0:	a9ba7bfd 	stp	x29, x30, [sp, #-96]!
    31a4:	910003fd 	mov	x29, sp
    31a8:	a90153f3 	stp	x19, x20, [sp, #16]
    31ac:	91005c34 	add	x20, x1, #0x17
    31b0:	a9025bf5 	stp	x21, x22, [sp, #32]
    31b4:	aa0003f5 	mov	x21, x0
    31b8:	f100ba9f 	cmp	x20, #0x2e
    31bc:	54000ca8 	b.hi	3350 <_malloc_r+0x1b0>  // b.pmore
    31c0:	f100803f 	cmp	x1, #0x20
    31c4:	54001988 	b.hi	34f4 <_malloc_r+0x354>  // b.pmore
    31c8:	940003d6 	bl	4120 <__malloc_lock>
    31cc:	d2800414 	mov	x20, #0x20                  	// #32
    31d0:	d2800a01 	mov	x1, #0x50                  	// #80
    31d4:	52800080 	mov	w0, #0x4                   	// #4
    31d8:	b0000076 	adrp	x22, 10000 <__sfp_handle_exceptions+0x300>
    31dc:	913282d6 	add	x22, x22, #0xca0
    31e0:	8b0102c1 	add	x1, x22, x1
    31e4:	11000800 	add	w0, w0, #0x2
    31e8:	d1004021 	sub	x1, x1, #0x10
    31ec:	f9400c33 	ldr	x19, [x1, #24]
    31f0:	eb01027f 	cmp	x19, x1
    31f4:	54001dc1 	b.ne	35ac <_malloc_r+0x40c>  // b.any
    31f8:	f94012d3 	ldr	x19, [x22, #32]
    31fc:	b0000066 	adrp	x6, 10000 <__sfp_handle_exceptions+0x300>
    3200:	9132c0c6 	add	x6, x6, #0xcb0
    3204:	eb06027f 	cmp	x19, x6
    3208:	54000f60 	b.eq	33f4 <_malloc_r+0x254>  // b.none
    320c:	f9400661 	ldr	x1, [x19, #8]
    3210:	927ef421 	and	x1, x1, #0xfffffffffffffffc
    3214:	cb140022 	sub	x2, x1, x20
    3218:	f1007c5f 	cmp	x2, #0x1f
    321c:	540027ac 	b.gt	3710 <_malloc_r+0x570>
    3220:	a9021ac6 	stp	x6, x6, [x22, #32]
    3224:	b6f81782 	tbz	x2, #63, 3514 <_malloc_r+0x374>
    3228:	f94006c5 	ldr	x5, [x22, #8]
    322c:	f107fc3f 	cmp	x1, #0x1ff
    3230:	54001ec8 	b.hi	3608 <_malloc_r+0x468>  // b.pmore
    3234:	d343fc22 	lsr	x2, x1, #3
    3238:	d2800023 	mov	x3, #0x1                   	// #1
    323c:	11000441 	add	w1, w2, #0x1
    3240:	13027c42 	asr	w2, w2, #2
    3244:	531f7821 	lsl	w1, w1, #1
    3248:	9ac22062 	lsl	x2, x3, x2
    324c:	aa0200a5 	orr	x5, x5, x2
    3250:	8b21cec1 	add	x1, x22, w1, sxtw #3
    3254:	f85f0422 	ldr	x2, [x1], #-16
    3258:	f90006c5 	str	x5, [x22, #8]
    325c:	a9010662 	stp	x2, x1, [x19, #16]
    3260:	f9000833 	str	x19, [x1, #16]
    3264:	f9000c53 	str	x19, [x2, #24]
    3268:	13027c01 	asr	w1, w0, #2
    326c:	d2800024 	mov	x4, #0x1                   	// #1
    3270:	9ac12084 	lsl	x4, x4, x1
    3274:	eb05009f 	cmp	x4, x5
    3278:	54000ca8 	b.hi	340c <_malloc_r+0x26c>  // b.pmore
    327c:	ea05009f 	tst	x4, x5
    3280:	540000c1 	b.ne	3298 <_malloc_r+0xf8>  // b.any
    3284:	121e7400 	and	w0, w0, #0xfffffffc
    3288:	d37ff884 	lsl	x4, x4, #1
    328c:	11001000 	add	w0, w0, #0x4
    3290:	ea05009f 	tst	x4, x5
    3294:	54ffffa0 	b.eq	3288 <_malloc_r+0xe8>  // b.none
    3298:	928001e9 	mov	x9, #0xfffffffffffffff0    	// #-16
    329c:	11000407 	add	w7, w0, #0x1
    32a0:	2a0003e8 	mov	w8, w0
    32a4:	531f78e7 	lsl	w7, w7, #1
    32a8:	8b27cd27 	add	x7, x9, w7, sxtw #3
    32ac:	8b0702c7 	add	x7, x22, x7
    32b0:	aa0703e5 	mov	x5, x7
    32b4:	f9400ca1 	ldr	x1, [x5, #24]
    32b8:	14000009 	b	32dc <_malloc_r+0x13c>
    32bc:	f9400422 	ldr	x2, [x1, #8]
    32c0:	aa0103f3 	mov	x19, x1
    32c4:	f9400c21 	ldr	x1, [x1, #24]
    32c8:	927ef442 	and	x2, x2, #0xfffffffffffffffc
    32cc:	cb140043 	sub	x3, x2, x20
    32d0:	f1007c7f 	cmp	x3, #0x1f
    32d4:	54001e2c 	b.gt	3698 <_malloc_r+0x4f8>
    32d8:	b6f81fe3 	tbz	x3, #63, 36d4 <_malloc_r+0x534>
    32dc:	eb0100bf 	cmp	x5, x1
    32e0:	54fffee1 	b.ne	32bc <_malloc_r+0x11c>  // b.any
    32e4:	7100f91f 	cmp	w8, #0x3e
    32e8:	5400242d 	b.le	376c <_malloc_r+0x5cc>
    32ec:	910040a5 	add	x5, x5, #0x10
    32f0:	11000508 	add	w8, w8, #0x1
    32f4:	f240051f 	tst	x8, #0x3
    32f8:	54fffde1 	b.ne	32b4 <_malloc_r+0x114>  // b.any
    32fc:	14000005 	b	3310 <_malloc_r+0x170>
    3300:	f85f04e1 	ldr	x1, [x7], #-16
    3304:	51000400 	sub	w0, w0, #0x1
    3308:	eb07003f 	cmp	x1, x7
    330c:	54003401 	b.ne	398c <_malloc_r+0x7ec>  // b.any
    3310:	f240041f 	tst	x0, #0x3
    3314:	54ffff61 	b.ne	3300 <_malloc_r+0x160>  // b.any
    3318:	f94006c0 	ldr	x0, [x22, #8]
    331c:	8a240000 	bic	x0, x0, x4
    3320:	f90006c0 	str	x0, [x22, #8]
    3324:	d37ff884 	lsl	x4, x4, #1
    3328:	d1000481 	sub	x1, x4, #0x1
    332c:	eb00003f 	cmp	x1, x0
    3330:	54000083 	b.cc	3340 <_malloc_r+0x1a0>  // b.lo, b.ul, b.last
    3334:	14000036 	b	340c <_malloc_r+0x26c>
    3338:	d37ff884 	lsl	x4, x4, #1
    333c:	11001108 	add	w8, w8, #0x4
    3340:	ea00009f 	tst	x4, x0
    3344:	54ffffa0 	b.eq	3338 <_malloc_r+0x198>  // b.none
    3348:	2a0803e0 	mov	w0, w8
    334c:	17ffffd4 	b	329c <_malloc_r+0xfc>
    3350:	927cee94 	and	x20, x20, #0xfffffffffffffff0
    3354:	b2407be2 	mov	x2, #0x7fffffff            	// #2147483647
    3358:	eb02029f 	cmp	x20, x2
    335c:	fa549022 	ccmp	x1, x20, #0x2, ls	// ls = plast
    3360:	54000ca8 	b.hi	34f4 <_malloc_r+0x354>  // b.pmore
    3364:	9400036f 	bl	4120 <__malloc_lock>
    3368:	f107de9f 	cmp	x20, #0x1f7
    336c:	54001c89 	b.ls	36fc <_malloc_r+0x55c>  // b.plast
    3370:	d349fe81 	lsr	x1, x20, #9
    3374:	b4000c81 	cbz	x1, 3504 <_malloc_r+0x364>
    3378:	f100103f 	cmp	x1, #0x4
    337c:	540017a8 	b.hi	3670 <_malloc_r+0x4d0>  // b.pmore
    3380:	d346fe81 	lsr	x1, x20, #6
    3384:	1100e420 	add	w0, w1, #0x39
    3388:	1100e025 	add	w5, w1, #0x38
    338c:	531f7804 	lsl	w4, w0, #1
    3390:	937d7c84 	sbfiz	x4, x4, #3, #32
    3394:	b0000076 	adrp	x22, 10000 <__sfp_handle_exceptions+0x300>
    3398:	913282d6 	add	x22, x22, #0xca0
    339c:	8b0402c4 	add	x4, x22, x4
    33a0:	d1004084 	sub	x4, x4, #0x10
    33a4:	f9400c93 	ldr	x19, [x4, #24]
    33a8:	eb13009f 	cmp	x4, x19
    33ac:	540000e1 	b.ne	33c8 <_malloc_r+0x228>  // b.any
    33b0:	17ffff92 	b	31f8 <_malloc_r+0x58>
    33b4:	f9400e63 	ldr	x3, [x19, #24]
    33b8:	b6f811c2 	tbz	x2, #63, 35f0 <_malloc_r+0x450>
    33bc:	aa0303f3 	mov	x19, x3
    33c0:	eb03009f 	cmp	x4, x3
    33c4:	54fff1a0 	b.eq	31f8 <_malloc_r+0x58>  // b.none
    33c8:	f9400661 	ldr	x1, [x19, #8]
    33cc:	927ef421 	and	x1, x1, #0xfffffffffffffffc
    33d0:	cb140022 	sub	x2, x1, x20
    33d4:	f1007c5f 	cmp	x2, #0x1f
    33d8:	54fffeed 	b.le	33b4 <_malloc_r+0x214>
    33dc:	f94012d3 	ldr	x19, [x22, #32]
    33e0:	b0000066 	adrp	x6, 10000 <__sfp_handle_exceptions+0x300>
    33e4:	9132c0c6 	add	x6, x6, #0xcb0
    33e8:	2a0503e0 	mov	w0, w5
    33ec:	eb06027f 	cmp	x19, x6
    33f0:	54fff0e1 	b.ne	320c <_malloc_r+0x6c>  // b.any
    33f4:	f94006c5 	ldr	x5, [x22, #8]
    33f8:	13027c01 	asr	w1, w0, #2
    33fc:	d2800024 	mov	x4, #0x1                   	// #1
    3400:	9ac12084 	lsl	x4, x4, x1
    3404:	eb05009f 	cmp	x4, x5
    3408:	54fff3a9 	b.ls	327c <_malloc_r+0xdc>  // b.plast
    340c:	f9400ad3 	ldr	x19, [x22, #16]
    3410:	a90363f7 	stp	x23, x24, [sp, #48]
    3414:	f9400677 	ldr	x23, [x19, #8]
    3418:	927ef6f7 	and	x23, x23, #0xfffffffffffffffc
    341c:	cb1402e0 	sub	x0, x23, x20
    3420:	f1007c1f 	cmp	x0, #0x1f
    3424:	fa54c2e0 	ccmp	x23, x20, #0x0, gt
    3428:	54000a42 	b.cs	3570 <_malloc_r+0x3d0>  // b.hs, b.nlast
    342c:	b0001fe1 	adrp	x1, 400000 <__sf+0x10>
    3430:	a90573fb 	stp	x27, x28, [sp, #80]
    3434:	b000007c 	adrp	x28, 10000 <__sfp_handle_exceptions+0x300>
    3438:	f9412c21 	ldr	x1, [x1, #600]
    343c:	d28203e3 	mov	x3, #0x101f                	// #4127
    3440:	f9464b82 	ldr	x2, [x28, #3216]
    3444:	8b010281 	add	x1, x20, x1
    3448:	8b030038 	add	x24, x1, x3
    344c:	91008021 	add	x1, x1, #0x20
    3450:	b100045f 	cmn	x2, #0x1
    3454:	9274cf18 	and	x24, x24, #0xfffffffffffff000
    3458:	9a811318 	csel	x24, x24, x1, ne	// ne = any
    345c:	aa1503e0 	mov	x0, x21
    3460:	aa1803e1 	mov	x1, x24
    3464:	8b17027b 	add	x27, x19, x23
    3468:	a9046bf9 	stp	x25, x26, [sp, #64]
    346c:	9400016d 	bl	3a20 <_sbrk_r>
    3470:	aa0003f9 	mov	x25, x0
    3474:	b100041f 	cmn	x0, #0x1
    3478:	540006a0 	b.eq	354c <_malloc_r+0x3ac>  // b.none
    347c:	eb00037f 	cmp	x27, x0
    3480:	54000628 	b.hi	3544 <_malloc_r+0x3a4>  // b.pmore
    3484:	b0001ffa 	adrp	x26, 400000 <__sf+0x10>
    3488:	b9422341 	ldr	w1, [x26, #544]
    348c:	0b180021 	add	w1, w1, w24
    3490:	b9022341 	str	w1, [x26, #544]
    3494:	2a0103e0 	mov	w0, w1
    3498:	54001781 	b.ne	3788 <_malloc_r+0x5e8>  // b.any
    349c:	f2402f7f 	tst	x27, #0xfff
    34a0:	54001741 	b.ne	3788 <_malloc_r+0x5e8>  // b.any
    34a4:	f9400ac2 	ldr	x2, [x22, #16]
    34a8:	8b1802e0 	add	x0, x23, x24
    34ac:	b2400000 	orr	x0, x0, #0x1
    34b0:	f9000440 	str	x0, [x2, #8]
    34b4:	d503201f 	nop
    34b8:	b0001fe0 	adrp	x0, 400000 <__sf+0x10>
    34bc:	93407c21 	sxtw	x1, w1
    34c0:	f9412802 	ldr	x2, [x0, #592]
    34c4:	eb02003f 	cmp	x1, x2
    34c8:	54000049 	b.ls	34d0 <_malloc_r+0x330>  // b.plast
    34cc:	f9012801 	str	x1, [x0, #592]
    34d0:	b0001fe0 	adrp	x0, 400000 <__sf+0x10>
    34d4:	f9400ad3 	ldr	x19, [x22, #16]
    34d8:	f9412402 	ldr	x2, [x0, #584]
    34dc:	eb02003f 	cmp	x1, x2
    34e0:	54000049 	b.ls	34e8 <_malloc_r+0x348>  // b.plast
    34e4:	f9012401 	str	x1, [x0, #584]
    34e8:	f9400660 	ldr	x0, [x19, #8]
    34ec:	927ef400 	and	x0, x0, #0xfffffffffffffffc
    34f0:	1400001a 	b	3558 <_malloc_r+0x3b8>
    34f4:	52800180 	mov	w0, #0xc                   	// #12
    34f8:	d2800013 	mov	x19, #0x0                   	// #0
    34fc:	b90002a0 	str	w0, [x21]
    3500:	1400000c 	b	3530 <_malloc_r+0x390>
    3504:	d2808004 	mov	x4, #0x400                 	// #1024
    3508:	52800800 	mov	w0, #0x40                  	// #64
    350c:	528007e5 	mov	w5, #0x3f                  	// #63
    3510:	17ffffa1 	b	3394 <_malloc_r+0x1f4>
    3514:	8b010261 	add	x1, x19, x1
    3518:	aa1503e0 	mov	x0, x21
    351c:	91004273 	add	x19, x19, #0x10
    3520:	f9400422 	ldr	x2, [x1, #8]
    3524:	b2400042 	orr	x2, x2, #0x1
    3528:	f9000422 	str	x2, [x1, #8]
    352c:	94000301 	bl	4130 <__malloc_unlock>
    3530:	a9425bf5 	ldp	x21, x22, [sp, #32]
    3534:	aa1303e0 	mov	x0, x19
    3538:	a94153f3 	ldp	x19, x20, [sp, #16]
    353c:	a8c67bfd 	ldp	x29, x30, [sp], #96
    3540:	d65f03c0 	ret
    3544:	eb16027f 	cmp	x19, x22
    3548:	54001180 	b.eq	3778 <_malloc_r+0x5d8>  // b.none
    354c:	f9400ad3 	ldr	x19, [x22, #16]
    3550:	f9400660 	ldr	x0, [x19, #8]
    3554:	927ef400 	and	x0, x0, #0xfffffffffffffffc
    3558:	eb00029f 	cmp	x20, x0
    355c:	cb140000 	sub	x0, x0, x20
    3560:	fa5f9804 	ccmp	x0, #0x1f, #0x4, ls	// ls = plast
    3564:	540019ad 	b.le	3898 <_malloc_r+0x6f8>
    3568:	a9446bf9 	ldp	x25, x26, [sp, #64]
    356c:	a94573fb 	ldp	x27, x28, [sp, #80]
    3570:	8b140262 	add	x2, x19, x20
    3574:	b2400294 	orr	x20, x20, #0x1
    3578:	f9000674 	str	x20, [x19, #8]
    357c:	b2400001 	orr	x1, x0, #0x1
    3580:	f9000ac2 	str	x2, [x22, #16]
    3584:	f9000441 	str	x1, [x2, #8]
    3588:	aa1503e0 	mov	x0, x21
    358c:	91004273 	add	x19, x19, #0x10
    3590:	940002e8 	bl	4130 <__malloc_unlock>
    3594:	a9425bf5 	ldp	x21, x22, [sp, #32]
    3598:	aa1303e0 	mov	x0, x19
    359c:	a94153f3 	ldp	x19, x20, [sp, #16]
    35a0:	a94363f7 	ldp	x23, x24, [sp, #48]
    35a4:	a8c67bfd 	ldp	x29, x30, [sp], #96
    35a8:	d65f03c0 	ret
    35ac:	a9409261 	ldp	x1, x4, [x19, #8]
    35b0:	aa1503e0 	mov	x0, x21
    35b4:	f9400e63 	ldr	x3, [x19, #24]
    35b8:	927ef421 	and	x1, x1, #0xfffffffffffffffc
    35bc:	8b010261 	add	x1, x19, x1
    35c0:	f9400422 	ldr	x2, [x1, #8]
    35c4:	f9000c83 	str	x3, [x4, #24]
    35c8:	b2400042 	orr	x2, x2, #0x1
    35cc:	f9000864 	str	x4, [x3, #16]
    35d0:	f9000422 	str	x2, [x1, #8]
    35d4:	91004273 	add	x19, x19, #0x10
    35d8:	940002d6 	bl	4130 <__malloc_unlock>
    35dc:	a9425bf5 	ldp	x21, x22, [sp, #32]
    35e0:	aa1303e0 	mov	x0, x19
    35e4:	a94153f3 	ldp	x19, x20, [sp, #16]
    35e8:	a8c67bfd 	ldp	x29, x30, [sp], #96
    35ec:	d65f03c0 	ret
    35f0:	f9400a64 	ldr	x4, [x19, #16]
    35f4:	8b010261 	add	x1, x19, x1
    35f8:	aa1503e0 	mov	x0, x21
    35fc:	f9400422 	ldr	x2, [x1, #8]
    3600:	f9000c83 	str	x3, [x4, #24]
    3604:	17fffff1 	b	35c8 <_malloc_r+0x428>
    3608:	d349fc22 	lsr	x2, x1, #9
    360c:	f127fc3f 	cmp	x1, #0x9ff
    3610:	54000989 	b.ls	3740 <_malloc_r+0x5a0>  // b.plast
    3614:	f100505f 	cmp	x2, #0x14
    3618:	540014e8 	b.hi	38b4 <_malloc_r+0x714>  // b.pmore
    361c:	11017044 	add	w4, w2, #0x5c
    3620:	11016c43 	add	w3, w2, #0x5b
    3624:	531f7884 	lsl	w4, w4, #1
    3628:	937d7c84 	sbfiz	x4, x4, #3, #32
    362c:	8b0402c4 	add	x4, x22, x4
    3630:	f85f0482 	ldr	x2, [x4], #-16
    3634:	eb02009f 	cmp	x4, x2
    3638:	540000a1 	b.ne	364c <_malloc_r+0x4ac>  // b.any
    363c:	14000085 	b	3850 <_malloc_r+0x6b0>
    3640:	f9400842 	ldr	x2, [x2, #16]
    3644:	eb02009f 	cmp	x4, x2
    3648:	540000a0 	b.eq	365c <_malloc_r+0x4bc>  // b.none
    364c:	f9400443 	ldr	x3, [x2, #8]
    3650:	927ef463 	and	x3, x3, #0xfffffffffffffffc
    3654:	eb01007f 	cmp	x3, x1
    3658:	54ffff48 	b.hi	3640 <_malloc_r+0x4a0>  // b.pmore
    365c:	f9400c44 	ldr	x4, [x2, #24]
    3660:	a9011262 	stp	x2, x4, [x19, #16]
    3664:	f9000893 	str	x19, [x4, #16]
    3668:	f9000c53 	str	x19, [x2, #24]
    366c:	17fffeff 	b	3268 <_malloc_r+0xc8>
    3670:	f100503f 	cmp	x1, #0x14
    3674:	54000729 	b.ls	3758 <_malloc_r+0x5b8>  // b.plast
    3678:	f101503f 	cmp	x1, #0x54
    367c:	540012c8 	b.hi	38d4 <_malloc_r+0x734>  // b.pmore
    3680:	d34cfe81 	lsr	x1, x20, #12
    3684:	1101bc20 	add	w0, w1, #0x6f
    3688:	1101b825 	add	w5, w1, #0x6e
    368c:	531f7804 	lsl	w4, w0, #1
    3690:	937d7c84 	sbfiz	x4, x4, #3, #32
    3694:	17ffff40 	b	3394 <_malloc_r+0x1f4>
    3698:	f9400a64 	ldr	x4, [x19, #16]
    369c:	b2400280 	orr	x0, x20, #0x1
    36a0:	f9000660 	str	x0, [x19, #8]
    36a4:	8b140274 	add	x20, x19, x20
    36a8:	b2400065 	orr	x5, x3, #0x1
    36ac:	aa1503e0 	mov	x0, x21
    36b0:	f9000c81 	str	x1, [x4, #24]
    36b4:	f9000824 	str	x4, [x1, #16]
    36b8:	a90252d4 	stp	x20, x20, [x22, #32]
    36bc:	a9009a85 	stp	x5, x6, [x20, #8]
    36c0:	f9000e86 	str	x6, [x20, #24]
    36c4:	f8226a63 	str	x3, [x19, x2]
    36c8:	91004273 	add	x19, x19, #0x10
    36cc:	94000299 	bl	4130 <__malloc_unlock>
    36d0:	17ffff98 	b	3530 <_malloc_r+0x390>
    36d4:	8b020262 	add	x2, x19, x2
    36d8:	aa1503e0 	mov	x0, x21
    36dc:	f8410e64 	ldr	x4, [x19, #16]!
    36e0:	f9400443 	ldr	x3, [x2, #8]
    36e4:	b2400063 	orr	x3, x3, #0x1
    36e8:	f9000443 	str	x3, [x2, #8]
    36ec:	f9000c81 	str	x1, [x4, #24]
    36f0:	f9000824 	str	x4, [x1, #16]
    36f4:	9400028f 	bl	4130 <__malloc_unlock>
    36f8:	17ffff8e 	b	3530 <_malloc_r+0x390>
    36fc:	d343fe80 	lsr	x0, x20, #3
    3700:	11000401 	add	w1, w0, #0x1
    3704:	531f7821 	lsl	w1, w1, #1
    3708:	937d7c21 	sbfiz	x1, x1, #3, #32
    370c:	17fffeb3 	b	31d8 <_malloc_r+0x38>
    3710:	8b140263 	add	x3, x19, x20
    3714:	b2400294 	orr	x20, x20, #0x1
    3718:	f9000674 	str	x20, [x19, #8]
    371c:	b2400044 	orr	x4, x2, #0x1
    3720:	a9020ec3 	stp	x3, x3, [x22, #32]
    3724:	aa1503e0 	mov	x0, x21
    3728:	a9009864 	stp	x4, x6, [x3, #8]
    372c:	f9000c66 	str	x6, [x3, #24]
    3730:	f8216a62 	str	x2, [x19, x1]
    3734:	91004273 	add	x19, x19, #0x10
    3738:	9400027e 	bl	4130 <__malloc_unlock>
    373c:	17ffff7d 	b	3530 <_malloc_r+0x390>
    3740:	d346fc22 	lsr	x2, x1, #6
    3744:	1100e444 	add	w4, w2, #0x39
    3748:	1100e043 	add	w3, w2, #0x38
    374c:	531f7884 	lsl	w4, w4, #1
    3750:	937d7c84 	sbfiz	x4, x4, #3, #32
    3754:	17ffffb6 	b	362c <_malloc_r+0x48c>
    3758:	11017020 	add	w0, w1, #0x5c
    375c:	11016c25 	add	w5, w1, #0x5b
    3760:	531f7804 	lsl	w4, w0, #1
    3764:	937d7c84 	sbfiz	x4, x4, #3, #32
    3768:	17ffff0b 	b	3394 <_malloc_r+0x1f4>
    376c:	11000508 	add	w8, w8, #0x1
    3770:	910080a5 	add	x5, x5, #0x20
    3774:	17fffedf 	b	32f0 <_malloc_r+0x150>
    3778:	b0001ffa 	adrp	x26, 400000 <__sf+0x10>
    377c:	b9422340 	ldr	w0, [x26, #544]
    3780:	0b180000 	add	w0, w0, w24
    3784:	b9022340 	str	w0, [x26, #544]
    3788:	f9464b81 	ldr	x1, [x28, #3216]
    378c:	b100043f 	cmn	x1, #0x1
    3790:	54000b20 	b.eq	38f4 <_malloc_r+0x754>  // b.none
    3794:	cb1b033b 	sub	x27, x25, x27
    3798:	0b1b0000 	add	w0, w0, w27
    379c:	b9022340 	str	w0, [x26, #544]
    37a0:	f2400f3c 	ands	x28, x25, #0xf
    37a4:	54000620 	b.eq	3868 <_malloc_r+0x6c8>  // b.none
    37a8:	cb1c0339 	sub	x25, x25, x28
    37ac:	d282021b 	mov	x27, #0x1010                	// #4112
    37b0:	91004339 	add	x25, x25, #0x10
    37b4:	cb1c037b 	sub	x27, x27, x28
    37b8:	8b180338 	add	x24, x25, x24
    37bc:	aa1503e0 	mov	x0, x21
    37c0:	cb18037b 	sub	x27, x27, x24
    37c4:	92402f7b 	and	x27, x27, #0xfff
    37c8:	aa1b03e1 	mov	x1, x27
    37cc:	94000095 	bl	3a20 <_sbrk_r>
    37d0:	b100041f 	cmn	x0, #0x1
    37d4:	54000b40 	b.eq	393c <_malloc_r+0x79c>  // b.none
    37d8:	cb190000 	sub	x0, x0, x25
    37dc:	2a1b03e2 	mov	w2, w27
    37e0:	8b1b0018 	add	x24, x0, x27
    37e4:	b9422340 	ldr	w0, [x26, #544]
    37e8:	b2400318 	orr	x24, x24, #0x1
    37ec:	f9000ad9 	str	x25, [x22, #16]
    37f0:	0b000041 	add	w1, w2, w0
    37f4:	b9022341 	str	w1, [x26, #544]
    37f8:	f9000738 	str	x24, [x25, #8]
    37fc:	eb16027f 	cmp	x19, x22
    3800:	54ffe5c0 	b.eq	34b8 <_malloc_r+0x318>  // b.none
    3804:	f1007eff 	cmp	x23, #0x1f
    3808:	54000449 	b.ls	3890 <_malloc_r+0x6f0>  // b.plast
    380c:	f9400662 	ldr	x2, [x19, #8]
    3810:	b0000063 	adrp	x3, 10000 <__sfp_handle_exceptions+0x300>
    3814:	d10062e0 	sub	x0, x23, #0x18
    3818:	3dc10c60 	ldr	q0, [x3, #1072]
    381c:	927cec00 	and	x0, x0, #0xfffffffffffffff0
    3820:	8b000263 	add	x3, x19, x0
    3824:	92400042 	and	x2, x2, #0x1
    3828:	aa000042 	orr	x2, x2, x0
    382c:	f9000662 	str	x2, [x19, #8]
    3830:	3c808060 	stur	q0, [x3, #8]
    3834:	f1007c1f 	cmp	x0, #0x1f
    3838:	54ffe409 	b.ls	34b8 <_malloc_r+0x318>  // b.plast
    383c:	91004261 	add	x1, x19, #0x10
    3840:	aa1503e0 	mov	x0, x21
    3844:	94000587 	bl	4e60 <_free_r>
    3848:	b9422341 	ldr	w1, [x26, #544]
    384c:	17ffff1b 	b	34b8 <_malloc_r+0x318>
    3850:	13027c63 	asr	w3, w3, #2
    3854:	d2800021 	mov	x1, #0x1                   	// #1
    3858:	9ac32021 	lsl	x1, x1, x3
    385c:	aa0100a5 	orr	x5, x5, x1
    3860:	f90006c5 	str	x5, [x22, #8]
    3864:	17ffff7f 	b	3660 <_malloc_r+0x4c0>
    3868:	8b18033b 	add	x27, x25, x24
    386c:	aa1503e0 	mov	x0, x21
    3870:	cb1b03fb 	neg	x27, x27
    3874:	92402f7b 	and	x27, x27, #0xfff
    3878:	aa1b03e1 	mov	x1, x27
    387c:	94000069 	bl	3a20 <_sbrk_r>
    3880:	52800002 	mov	w2, #0x0                   	// #0
    3884:	b100041f 	cmn	x0, #0x1
    3888:	54fffa81 	b.ne	37d8 <_malloc_r+0x638>  // b.any
    388c:	17ffffd6 	b	37e4 <_malloc_r+0x644>
    3890:	d2800020 	mov	x0, #0x1                   	// #1
    3894:	f9000720 	str	x0, [x25, #8]
    3898:	aa1503e0 	mov	x0, x21
    389c:	d2800013 	mov	x19, #0x0                   	// #0
    38a0:	94000224 	bl	4130 <__malloc_unlock>
    38a4:	a94363f7 	ldp	x23, x24, [sp, #48]
    38a8:	a9446bf9 	ldp	x25, x26, [sp, #64]
    38ac:	a94573fb 	ldp	x27, x28, [sp, #80]
    38b0:	17ffff20 	b	3530 <_malloc_r+0x390>
    38b4:	f101505f 	cmp	x2, #0x54
    38b8:	54000228 	b.hi	38fc <_malloc_r+0x75c>  // b.pmore
    38bc:	d34cfc22 	lsr	x2, x1, #12
    38c0:	1101bc44 	add	w4, w2, #0x6f
    38c4:	1101b843 	add	w3, w2, #0x6e
    38c8:	531f7884 	lsl	w4, w4, #1
    38cc:	937d7c84 	sbfiz	x4, x4, #3, #32
    38d0:	17ffff57 	b	362c <_malloc_r+0x48c>
    38d4:	f105503f 	cmp	x1, #0x154
    38d8:	54000228 	b.hi	391c <_malloc_r+0x77c>  // b.pmore
    38dc:	d34ffe81 	lsr	x1, x20, #15
    38e0:	1101e020 	add	w0, w1, #0x78
    38e4:	1101dc25 	add	w5, w1, #0x77
    38e8:	531f7804 	lsl	w4, w0, #1
    38ec:	937d7c84 	sbfiz	x4, x4, #3, #32
    38f0:	17fffea9 	b	3394 <_malloc_r+0x1f4>
    38f4:	f9064b99 	str	x25, [x28, #3216]
    38f8:	17ffffaa 	b	37a0 <_malloc_r+0x600>
    38fc:	f105505f 	cmp	x2, #0x154
    3900:	54000288 	b.hi	3950 <_malloc_r+0x7b0>  // b.pmore
    3904:	d34ffc22 	lsr	x2, x1, #15
    3908:	1101e044 	add	w4, w2, #0x78
    390c:	1101dc43 	add	w3, w2, #0x77
    3910:	531f7884 	lsl	w4, w4, #1
    3914:	937d7c84 	sbfiz	x4, x4, #3, #32
    3918:	17ffff45 	b	362c <_malloc_r+0x48c>
    391c:	f115503f 	cmp	x1, #0x554
    3920:	54000288 	b.hi	3970 <_malloc_r+0x7d0>  // b.pmore
    3924:	d352fe81 	lsr	x1, x20, #18
    3928:	1101f420 	add	w0, w1, #0x7d
    392c:	1101f025 	add	w5, w1, #0x7c
    3930:	531f7804 	lsl	w4, w0, #1
    3934:	937d7c84 	sbfiz	x4, x4, #3, #32
    3938:	17fffe97 	b	3394 <_malloc_r+0x1f4>
    393c:	d100439c 	sub	x28, x28, #0x10
    3940:	52800002 	mov	w2, #0x0                   	// #0
    3944:	8b1c0318 	add	x24, x24, x28
    3948:	cb190318 	sub	x24, x24, x25
    394c:	17ffffa6 	b	37e4 <_malloc_r+0x644>
    3950:	f115505f 	cmp	x2, #0x554
    3954:	54000168 	b.hi	3980 <_malloc_r+0x7e0>  // b.pmore
    3958:	d352fc22 	lsr	x2, x1, #18
    395c:	1101f444 	add	w4, w2, #0x7d
    3960:	1101f043 	add	w3, w2, #0x7c
    3964:	531f7884 	lsl	w4, w4, #1
    3968:	937d7c84 	sbfiz	x4, x4, #3, #32
    396c:	17ffff30 	b	362c <_malloc_r+0x48c>
    3970:	d280fe04 	mov	x4, #0x7f0                 	// #2032
    3974:	52800fe0 	mov	w0, #0x7f                  	// #127
    3978:	52800fc5 	mov	w5, #0x7e                  	// #126
    397c:	17fffe86 	b	3394 <_malloc_r+0x1f4>
    3980:	d280fe04 	mov	x4, #0x7f0                 	// #2032
    3984:	52800fc3 	mov	w3, #0x7e                  	// #126
    3988:	17ffff29 	b	362c <_malloc_r+0x48c>
    398c:	f94006c0 	ldr	x0, [x22, #8]
    3990:	17fffe65 	b	3324 <_malloc_r+0x184>
	...

00000000000039a0 <__assert_func>:
    39a0:	a9bf7bfd 	stp	x29, x30, [sp, #-16]!
    39a4:	d0000064 	adrp	x4, 11000 <__malloc_av_+0x360>
    39a8:	aa0303e5 	mov	x5, x3
    39ac:	910003fd 	mov	x29, sp
    39b0:	f9425887 	ldr	x7, [x4, #1200]
    39b4:	aa0003e3 	mov	x3, x0
    39b8:	aa0203e6 	mov	x6, x2
    39bc:	2a0103e4 	mov	w4, w1
    39c0:	aa0503e2 	mov	x2, x5
    39c4:	f9400ce0 	ldr	x0, [x7, #24]
    39c8:	b40000e6 	cbz	x6, 39e4 <__assert_func+0x44>
    39cc:	b0000065 	adrp	x5, 10000 <__sfp_handle_exceptions+0x300>
    39d0:	910320a5 	add	x5, x5, #0xc8
    39d4:	b0000061 	adrp	x1, 10000 <__sfp_handle_exceptions+0x300>
    39d8:	91036021 	add	x1, x1, #0xd8
    39dc:	94000691 	bl	5420 <fiprintf>
    39e0:	94001c1c 	bl	aa50 <abort>
    39e4:	90000065 	adrp	x5, f000 <__mdiff+0x160>
    39e8:	913ca0a5 	add	x5, x5, #0xf28
    39ec:	aa0503e6 	mov	x6, x5
    39f0:	17fffff9 	b	39d4 <__assert_func+0x34>
	...

0000000000003a00 <__assert>:
    3a00:	a9bf7bfd 	stp	x29, x30, [sp, #-16]!
    3a04:	aa0203e3 	mov	x3, x2
    3a08:	d2800002 	mov	x2, #0x0                   	// #0
    3a0c:	910003fd 	mov	x29, sp
    3a10:	97ffffe4 	bl	39a0 <__assert_func>
	...

0000000000003a20 <_sbrk_r>:
    3a20:	a9be7bfd 	stp	x29, x30, [sp, #-32]!
    3a24:	910003fd 	mov	x29, sp
    3a28:	a90153f3 	stp	x19, x20, [sp, #16]
    3a2c:	b0001ff4 	adrp	x20, 400000 <__sf+0x10>
    3a30:	aa0003f3 	mov	x19, x0
    3a34:	b9029e9f 	str	wzr, [x20, #668]
    3a38:	aa0103e0 	mov	x0, x1
    3a3c:	97fff3fa 	bl	a24 <_sbrk>
    3a40:	b100041f 	cmn	x0, #0x1
    3a44:	54000080 	b.eq	3a54 <_sbrk_r+0x34>  // b.none
    3a48:	a94153f3 	ldp	x19, x20, [sp, #16]
    3a4c:	a8c27bfd 	ldp	x29, x30, [sp], #32
    3a50:	d65f03c0 	ret
    3a54:	b9429e81 	ldr	w1, [x20, #668]
    3a58:	34ffff81 	cbz	w1, 3a48 <_sbrk_r+0x28>
    3a5c:	b9000261 	str	w1, [x19]
    3a60:	a94153f3 	ldp	x19, x20, [sp, #16]
    3a64:	a8c27bfd 	ldp	x29, x30, [sp], #32
    3a68:	d65f03c0 	ret
    3a6c:	00000000 	udf	#0

0000000000003a70 <__errno>:
    3a70:	d0000060 	adrp	x0, 11000 <__malloc_av_+0x360>
    3a74:	f9425800 	ldr	x0, [x0, #1200]
    3a78:	d65f03c0 	ret
    3a7c:	00000000 	udf	#0

0000000000003a80 <__sfvwrite_r>:
    3a80:	a9ba7bfd 	stp	x29, x30, [sp, #-96]!
    3a84:	910003fd 	mov	x29, sp
    3a88:	a9025bf5 	stp	x21, x22, [sp, #32]
    3a8c:	aa0003f5 	mov	x21, x0
    3a90:	f9400840 	ldr	x0, [x2, #16]
    3a94:	b4000ac0 	cbz	x0, 3bec <__sfvwrite_r+0x16c>
    3a98:	79c02025 	ldrsh	w5, [x1, #16]
    3a9c:	a90153f3 	stp	x19, x20, [sp, #16]
    3aa0:	aa0103f3 	mov	x19, x1
    3aa4:	a90573fb 	stp	x27, x28, [sp, #80]
    3aa8:	aa0203fb 	mov	x27, x2
    3aac:	36180a85 	tbz	w5, #3, 3bfc <__sfvwrite_r+0x17c>
    3ab0:	f9400c20 	ldr	x0, [x1, #24]
    3ab4:	b4000a40 	cbz	x0, 3bfc <__sfvwrite_r+0x17c>
    3ab8:	a90363f7 	stp	x23, x24, [sp, #48]
    3abc:	f9400374 	ldr	x20, [x27]
    3ac0:	360803e5 	tbz	w5, #1, 3b3c <__sfvwrite_r+0xbc>
    3ac4:	f9401a61 	ldr	x1, [x19, #48]
    3ac8:	d2800017 	mov	x23, #0x0                   	// #0
    3acc:	f9402264 	ldr	x4, [x19, #64]
    3ad0:	d2800016 	mov	x22, #0x0                   	// #0
    3ad4:	b27653f8 	mov	x24, #0x7ffffc00            	// #2147482624
    3ad8:	eb1802df 	cmp	x22, x24
    3adc:	aa1703e2 	mov	x2, x23
    3ae0:	9a9892c3 	csel	x3, x22, x24, ls	// ls = plast
    3ae4:	aa1503e0 	mov	x0, x21
    3ae8:	b4000256 	cbz	x22, 3b30 <__sfvwrite_r+0xb0>
    3aec:	d63f0080 	blr	x4
    3af0:	7100001f 	cmp	w0, #0x0
    3af4:	5400216d 	b.le	3f20 <__sfvwrite_r+0x4a0>
    3af8:	f9400b61 	ldr	x1, [x27, #16]
    3afc:	93407c00 	sxtw	x0, w0
    3b00:	8b0002f7 	add	x23, x23, x0
    3b04:	cb0002d6 	sub	x22, x22, x0
    3b08:	cb000020 	sub	x0, x1, x0
    3b0c:	f9000b60 	str	x0, [x27, #16]
    3b10:	b40020c0 	cbz	x0, 3f28 <__sfvwrite_r+0x4a8>
    3b14:	eb1802df 	cmp	x22, x24
    3b18:	aa1703e2 	mov	x2, x23
    3b1c:	f9401a61 	ldr	x1, [x19, #48]
    3b20:	9a9892c3 	csel	x3, x22, x24, ls	// ls = plast
    3b24:	f9402264 	ldr	x4, [x19, #64]
    3b28:	aa1503e0 	mov	x0, x21
    3b2c:	b5fffe16 	cbnz	x22, 3aec <__sfvwrite_r+0x6c>
    3b30:	a9405a97 	ldp	x23, x22, [x20]
    3b34:	91004294 	add	x20, x20, #0x10
    3b38:	17ffffe8 	b	3ad8 <__sfvwrite_r+0x58>
    3b3c:	a9046bf9 	stp	x25, x26, [sp, #64]
    3b40:	36000a65 	tbz	w5, #0, 3c8c <__sfvwrite_r+0x20c>
    3b44:	52800018 	mov	w24, #0x0                   	// #0
    3b48:	52800000 	mov	w0, #0x0                   	// #0
    3b4c:	d280001a 	mov	x26, #0x0                   	// #0
    3b50:	d2800019 	mov	x25, #0x0                   	// #0
    3b54:	d503201f 	nop
    3b58:	b40007f9 	cbz	x25, 3c54 <__sfvwrite_r+0x1d4>
    3b5c:	34000860 	cbz	w0, 3c68 <__sfvwrite_r+0x1e8>
    3b60:	f9400260 	ldr	x0, [x19]
    3b64:	93407f17 	sxtw	x23, w24
    3b68:	f9400e61 	ldr	x1, [x19, #24]
    3b6c:	eb1902ff 	cmp	x23, x25
    3b70:	b9400e76 	ldr	w22, [x19, #12]
    3b74:	9a9992f7 	csel	x23, x23, x25, ls	// ls = plast
    3b78:	b9402263 	ldr	w3, [x19, #32]
    3b7c:	eb01001f 	cmp	x0, x1
    3b80:	0b160076 	add	w22, w3, w22
    3b84:	7a5682e4 	ccmp	w23, w22, #0x4, hi	// hi = pmore
    3b88:	540019ac 	b.gt	3ebc <__sfvwrite_r+0x43c>
    3b8c:	6b17007f 	cmp	w3, w23
    3b90:	540017ec 	b.gt	3e8c <__sfvwrite_r+0x40c>
    3b94:	f9401a61 	ldr	x1, [x19, #48]
    3b98:	aa1a03e2 	mov	x2, x26
    3b9c:	f9402264 	ldr	x4, [x19, #64]
    3ba0:	aa1503e0 	mov	x0, x21
    3ba4:	d63f0080 	blr	x4
    3ba8:	2a0003f6 	mov	w22, w0
    3bac:	7100001f 	cmp	w0, #0x0
    3bb0:	540003cd 	b.le	3c28 <__sfvwrite_r+0x1a8>
    3bb4:	6b160318 	subs	w24, w24, w22
    3bb8:	52800020 	mov	w0, #0x1                   	// #1
    3bbc:	540002e0 	b.eq	3c18 <__sfvwrite_r+0x198>  // b.none
    3bc0:	f9400b61 	ldr	x1, [x27, #16]
    3bc4:	93407ed6 	sxtw	x22, w22
    3bc8:	8b16035a 	add	x26, x26, x22
    3bcc:	cb160339 	sub	x25, x25, x22
    3bd0:	cb160021 	sub	x1, x1, x22
    3bd4:	f9000b61 	str	x1, [x27, #16]
    3bd8:	b5fffc01 	cbnz	x1, 3b58 <__sfvwrite_r+0xd8>
    3bdc:	a94153f3 	ldp	x19, x20, [sp, #16]
    3be0:	a94363f7 	ldp	x23, x24, [sp, #48]
    3be4:	a9446bf9 	ldp	x25, x26, [sp, #64]
    3be8:	a94573fb 	ldp	x27, x28, [sp, #80]
    3bec:	52800000 	mov	w0, #0x0                   	// #0
    3bf0:	a9425bf5 	ldp	x21, x22, [sp, #32]
    3bf4:	a8c67bfd 	ldp	x29, x30, [sp], #96
    3bf8:	d65f03c0 	ret
    3bfc:	aa1303e1 	mov	x1, x19
    3c00:	aa1503e0 	mov	x0, x21
    3c04:	940000fb 	bl	3ff0 <__swsetup_r>
    3c08:	350001a0 	cbnz	w0, 3c3c <__sfvwrite_r+0x1bc>
    3c0c:	79c02265 	ldrsh	w5, [x19, #16]
    3c10:	a90363f7 	stp	x23, x24, [sp, #48]
    3c14:	17ffffaa 	b	3abc <__sfvwrite_r+0x3c>
    3c18:	aa1303e1 	mov	x1, x19
    3c1c:	aa1503e0 	mov	x0, x21
    3c20:	940006a0 	bl	56a0 <_fflush_r>
    3c24:	34fffce0 	cbz	w0, 3bc0 <__sfvwrite_r+0x140>
    3c28:	a9446bf9 	ldp	x25, x26, [sp, #64]
    3c2c:	79c02260 	ldrsh	w0, [x19, #16]
    3c30:	a94363f7 	ldp	x23, x24, [sp, #48]
    3c34:	321a0000 	orr	w0, w0, #0x40
    3c38:	79002260 	strh	w0, [x19, #16]
    3c3c:	a94153f3 	ldp	x19, x20, [sp, #16]
    3c40:	12800000 	mov	w0, #0xffffffff            	// #-1
    3c44:	a9425bf5 	ldp	x21, x22, [sp, #32]
    3c48:	a94573fb 	ldp	x27, x28, [sp, #80]
    3c4c:	a8c67bfd 	ldp	x29, x30, [sp], #96
    3c50:	d65f03c0 	ret
    3c54:	f9400699 	ldr	x25, [x20, #8]
    3c58:	aa1403e0 	mov	x0, x20
    3c5c:	91004294 	add	x20, x20, #0x10
    3c60:	b4ffffb9 	cbz	x25, 3c54 <__sfvwrite_r+0x1d4>
    3c64:	f940001a 	ldr	x26, [x0]
    3c68:	aa1903e2 	mov	x2, x25
    3c6c:	aa1a03e0 	mov	x0, x26
    3c70:	52800141 	mov	w1, #0xa                   	// #10
    3c74:	94000163 	bl	4200 <memchr>
    3c78:	91000418 	add	x24, x0, #0x1
    3c7c:	f100001f 	cmp	x0, #0x0
    3c80:	cb1a0318 	sub	x24, x24, x26
    3c84:	1a991718 	csinc	w24, w24, w25, ne	// ne = any
    3c88:	17ffffb6 	b	3b60 <__sfvwrite_r+0xe0>
    3c8c:	f9400264 	ldr	x4, [x19]
    3c90:	d280001c 	mov	x28, #0x0                   	// #0
    3c94:	b9400e61 	ldr	w1, [x19, #12]
    3c98:	d280001a 	mov	x26, #0x0                   	// #0
    3c9c:	d503201f 	nop
    3ca0:	aa0403e0 	mov	x0, x4
    3ca4:	2a0103f8 	mov	w24, w1
    3ca8:	b40003fa 	cbz	x26, 3d24 <__sfvwrite_r+0x2a4>
    3cac:	36480425 	tbz	w5, #9, 3d30 <__sfvwrite_r+0x2b0>
    3cb0:	93407c37 	sxtw	x23, w1
    3cb4:	eb1a02ff 	cmp	x23, x26
    3cb8:	540008c9 	b.ls	3dd0 <__sfvwrite_r+0x350>  // b.plast
    3cbc:	93407f41 	sxtw	x1, w26
    3cc0:	aa0103f9 	mov	x25, x1
    3cc4:	aa0403e0 	mov	x0, x4
    3cc8:	aa0103f7 	mov	x23, x1
    3ccc:	2a1a03f8 	mov	w24, w26
    3cd0:	aa1c03e1 	mov	x1, x28
    3cd4:	aa1703e2 	mov	x2, x23
    3cd8:	9400018a 	bl	4300 <memcpy>
    3cdc:	f9400264 	ldr	x4, [x19]
    3ce0:	b9400e61 	ldr	w1, [x19, #12]
    3ce4:	8b170084 	add	x4, x4, x23
    3ce8:	f9000264 	str	x4, [x19]
    3cec:	4b180021 	sub	w1, w1, w24
    3cf0:	b9000e61 	str	w1, [x19, #12]
    3cf4:	f9400b60 	ldr	x0, [x27, #16]
    3cf8:	8b19039c 	add	x28, x28, x25
    3cfc:	cb19035a 	sub	x26, x26, x25
    3d00:	cb190000 	sub	x0, x0, x25
    3d04:	f9000b60 	str	x0, [x27, #16]
    3d08:	b4fff6a0 	cbz	x0, 3bdc <__sfvwrite_r+0x15c>
    3d0c:	f9400264 	ldr	x4, [x19]
    3d10:	b9400e61 	ldr	w1, [x19, #12]
    3d14:	79c02265 	ldrsh	w5, [x19, #16]
    3d18:	aa0403e0 	mov	x0, x4
    3d1c:	2a0103f8 	mov	w24, w1
    3d20:	b5fffc7a 	cbnz	x26, 3cac <__sfvwrite_r+0x22c>
    3d24:	a9406a9c 	ldp	x28, x26, [x20]
    3d28:	91004294 	add	x20, x20, #0x10
    3d2c:	17ffffdd 	b	3ca0 <__sfvwrite_r+0x220>
    3d30:	f9400e60 	ldr	x0, [x19, #24]
    3d34:	eb04001f 	cmp	x0, x4
    3d38:	54000243 	b.cc	3d80 <__sfvwrite_r+0x300>  // b.lo, b.ul, b.last
    3d3c:	b9402265 	ldr	w5, [x19, #32]
    3d40:	eb25c35f 	cmp	x26, w5, sxtw
    3d44:	540001e3 	b.cc	3d80 <__sfvwrite_r+0x300>  // b.lo, b.ul, b.last
    3d48:	b2407be0 	mov	x0, #0x7fffffff            	// #2147483647
    3d4c:	eb00035f 	cmp	x26, x0
    3d50:	9a809343 	csel	x3, x26, x0, ls	// ls = plast
    3d54:	aa1c03e2 	mov	x2, x28
    3d58:	f9401a61 	ldr	x1, [x19, #48]
    3d5c:	aa1503e0 	mov	x0, x21
    3d60:	1ac50c63 	sdiv	w3, w3, w5
    3d64:	f9402264 	ldr	x4, [x19, #64]
    3d68:	1b057c63 	mul	w3, w3, w5
    3d6c:	d63f0080 	blr	x4
    3d70:	7100001f 	cmp	w0, #0x0
    3d74:	54fff5ad 	b.le	3c28 <__sfvwrite_r+0x1a8>
    3d78:	93407c19 	sxtw	x25, w0
    3d7c:	17ffffde 	b	3cf4 <__sfvwrite_r+0x274>
    3d80:	93407c23 	sxtw	x3, w1
    3d84:	aa0403e0 	mov	x0, x4
    3d88:	eb1a007f 	cmp	x3, x26
    3d8c:	aa1c03e1 	mov	x1, x28
    3d90:	9a9a9078 	csel	x24, x3, x26, ls	// ls = plast
    3d94:	93407f19 	sxtw	x25, w24
    3d98:	aa1903e2 	mov	x2, x25
    3d9c:	94000159 	bl	4300 <memcpy>
    3da0:	f9400264 	ldr	x4, [x19]
    3da4:	b9400e61 	ldr	w1, [x19, #12]
    3da8:	8b190084 	add	x4, x4, x25
    3dac:	f9000264 	str	x4, [x19]
    3db0:	4b180021 	sub	w1, w1, w24
    3db4:	b9000e61 	str	w1, [x19, #12]
    3db8:	35fff9e1 	cbnz	w1, 3cf4 <__sfvwrite_r+0x274>
    3dbc:	aa1303e1 	mov	x1, x19
    3dc0:	aa1503e0 	mov	x0, x21
    3dc4:	94000637 	bl	56a0 <_fflush_r>
    3dc8:	34fff960 	cbz	w0, 3cf4 <__sfvwrite_r+0x274>
    3dcc:	17ffff97 	b	3c28 <__sfvwrite_r+0x1a8>
    3dd0:	93407f59 	sxtw	x25, w26
    3dd4:	52809001 	mov	w1, #0x480                 	// #1152
    3dd8:	6a0100bf 	tst	w5, w1
    3ddc:	54fff7a0 	b.eq	3cd0 <__sfvwrite_r+0x250>  // b.none
    3de0:	b9402266 	ldr	w6, [x19, #32]
    3de4:	f9400e61 	ldr	x1, [x19, #24]
    3de8:	0b0604c6 	add	w6, w6, w6, lsl #1
    3dec:	cb010099 	sub	x25, x4, x1
    3df0:	0b467cc6 	add	w6, w6, w6, lsr #31
    3df4:	93407f36 	sxtw	x22, w25
    3df8:	13017cd7 	asr	w23, w6, #1
    3dfc:	910006c0 	add	x0, x22, #0x1
    3e00:	8b1a0000 	add	x0, x0, x26
    3e04:	93407ee2 	sxtw	x2, w23
    3e08:	eb00005f 	cmp	x2, x0
    3e0c:	54000082 	b.cs	3e1c <__sfvwrite_r+0x39c>  // b.hs, b.nlast
    3e10:	11000726 	add	w6, w25, #0x1
    3e14:	0b1a00d7 	add	w23, w6, w26
    3e18:	93407ee2 	sxtw	x2, w23
    3e1c:	36500685 	tbz	w5, #10, 3eec <__sfvwrite_r+0x46c>
    3e20:	aa0203e1 	mov	x1, x2
    3e24:	aa1503e0 	mov	x0, x21
    3e28:	97fffcde 	bl	31a0 <_malloc_r>
    3e2c:	aa0003f8 	mov	x24, x0
    3e30:	b4000840 	cbz	x0, 3f38 <__sfvwrite_r+0x4b8>
    3e34:	f9400e61 	ldr	x1, [x19, #24]
    3e38:	aa1603e2 	mov	x2, x22
    3e3c:	94000131 	bl	4300 <memcpy>
    3e40:	79402260 	ldrh	w0, [x19, #16]
    3e44:	12809001 	mov	w1, #0xfffffb7f            	// #-1153
    3e48:	0a010000 	and	w0, w0, w1
    3e4c:	32190000 	orr	w0, w0, #0x80
    3e50:	79002260 	strh	w0, [x19, #16]
    3e54:	8b160300 	add	x0, x24, x22
    3e58:	4b1902e4 	sub	w4, w23, w25
    3e5c:	93407f59 	sxtw	x25, w26
    3e60:	f9000260 	str	x0, [x19]
    3e64:	b9000e64 	str	w4, [x19, #12]
    3e68:	aa1903e1 	mov	x1, x25
    3e6c:	f9000e78 	str	x24, [x19, #24]
    3e70:	aa0003e4 	mov	x4, x0
    3e74:	b9002277 	str	w23, [x19, #32]
    3e78:	2a1a03f8 	mov	w24, w26
    3e7c:	eb1a033f 	cmp	x25, x26
    3e80:	54fff208 	b.hi	3cc0 <__sfvwrite_r+0x240>  // b.pmore
    3e84:	aa1903f7 	mov	x23, x25
    3e88:	17ffff92 	b	3cd0 <__sfvwrite_r+0x250>
    3e8c:	93407efc 	sxtw	x28, w23
    3e90:	aa1a03e1 	mov	x1, x26
    3e94:	aa1c03e2 	mov	x2, x28
    3e98:	9400011a 	bl	4300 <memcpy>
    3e9c:	f9400260 	ldr	x0, [x19]
    3ea0:	2a1703f6 	mov	w22, w23
    3ea4:	b9400e61 	ldr	w1, [x19, #12]
    3ea8:	8b1c0000 	add	x0, x0, x28
    3eac:	f9000260 	str	x0, [x19]
    3eb0:	4b170021 	sub	w1, w1, w23
    3eb4:	b9000e61 	str	w1, [x19, #12]
    3eb8:	17ffff3f 	b	3bb4 <__sfvwrite_r+0x134>
    3ebc:	93407ed7 	sxtw	x23, w22
    3ec0:	aa1a03e1 	mov	x1, x26
    3ec4:	aa1703e2 	mov	x2, x23
    3ec8:	9400010e 	bl	4300 <memcpy>
    3ecc:	f9400262 	ldr	x2, [x19]
    3ed0:	aa1303e1 	mov	x1, x19
    3ed4:	aa1503e0 	mov	x0, x21
    3ed8:	8b170042 	add	x2, x2, x23
    3edc:	f9000262 	str	x2, [x19]
    3ee0:	940005f0 	bl	56a0 <_fflush_r>
    3ee4:	34ffe680 	cbz	w0, 3bb4 <__sfvwrite_r+0x134>
    3ee8:	17ffff50 	b	3c28 <__sfvwrite_r+0x1a8>
    3eec:	aa1503e0 	mov	x0, x21
    3ef0:	94000248 	bl	4810 <_realloc_r>
    3ef4:	aa0003f8 	mov	x24, x0
    3ef8:	b5fffae0 	cbnz	x0, 3e54 <__sfvwrite_r+0x3d4>
    3efc:	f9400e61 	ldr	x1, [x19, #24]
    3f00:	aa1503e0 	mov	x0, x21
    3f04:	940003d7 	bl	4e60 <_free_r>
    3f08:	79c02260 	ldrsh	w0, [x19, #16]
    3f0c:	52800181 	mov	w1, #0xc                   	// #12
    3f10:	a9446bf9 	ldp	x25, x26, [sp, #64]
    3f14:	12187800 	and	w0, w0, #0xffffff7f
    3f18:	b90002a1 	str	w1, [x21]
    3f1c:	17ffff45 	b	3c30 <__sfvwrite_r+0x1b0>
    3f20:	79c02260 	ldrsh	w0, [x19, #16]
    3f24:	17ffff43 	b	3c30 <__sfvwrite_r+0x1b0>
    3f28:	a94153f3 	ldp	x19, x20, [sp, #16]
    3f2c:	a94363f7 	ldp	x23, x24, [sp, #48]
    3f30:	a94573fb 	ldp	x27, x28, [sp, #80]
    3f34:	17ffff2e 	b	3bec <__sfvwrite_r+0x16c>
    3f38:	a9446bf9 	ldp	x25, x26, [sp, #64]
    3f3c:	52800181 	mov	w1, #0xc                   	// #12
    3f40:	79c02260 	ldrsh	w0, [x19, #16]
    3f44:	b90002a1 	str	w1, [x21]
    3f48:	17ffff3a 	b	3c30 <__sfvwrite_r+0x1b0>
    3f4c:	00000000 	udf	#0

0000000000003f50 <_fwalk_sglue>:
    3f50:	a9bb7bfd 	stp	x29, x30, [sp, #-80]!
    3f54:	910003fd 	mov	x29, sp
    3f58:	a9025bf5 	stp	x21, x22, [sp, #32]
    3f5c:	aa0203f6 	mov	x22, x2
    3f60:	52800015 	mov	w21, #0x0                   	// #0
    3f64:	a90363f7 	stp	x23, x24, [sp, #48]
    3f68:	aa0003f7 	mov	x23, x0
    3f6c:	aa0103f8 	mov	x24, x1
    3f70:	a90153f3 	stp	x19, x20, [sp, #16]
    3f74:	f90023f9 	str	x25, [sp, #64]
    3f78:	52801719 	mov	w25, #0xb8                  	// #184
    3f7c:	d503201f 	nop
    3f80:	b9400ad4 	ldr	w20, [x22, #8]
    3f84:	f9400ad3 	ldr	x19, [x22, #16]
    3f88:	7100029f 	cmp	w20, #0x0
    3f8c:	5400020d 	b.le	3fcc <_fwalk_sglue+0x7c>
    3f90:	9bb94e94 	umaddl	x20, w20, w25, x19
    3f94:	d503201f 	nop
    3f98:	79402263 	ldrh	w3, [x19, #16]
    3f9c:	7100047f 	cmp	w3, #0x1
    3fa0:	54000109 	b.ls	3fc0 <_fwalk_sglue+0x70>  // b.plast
    3fa4:	79c02663 	ldrsh	w3, [x19, #18]
    3fa8:	aa1303e1 	mov	x1, x19
    3fac:	aa1703e0 	mov	x0, x23
    3fb0:	3100047f 	cmn	w3, #0x1
    3fb4:	54000060 	b.eq	3fc0 <_fwalk_sglue+0x70>  // b.none
    3fb8:	d63f0300 	blr	x24
    3fbc:	2a0002b5 	orr	w21, w21, w0
    3fc0:	9102e273 	add	x19, x19, #0xb8
    3fc4:	eb14027f 	cmp	x19, x20
    3fc8:	54fffe81 	b.ne	3f98 <_fwalk_sglue+0x48>  // b.any
    3fcc:	f94002d6 	ldr	x22, [x22]
    3fd0:	b5fffd96 	cbnz	x22, 3f80 <_fwalk_sglue+0x30>
    3fd4:	a94153f3 	ldp	x19, x20, [sp, #16]
    3fd8:	2a1503e0 	mov	w0, w21
    3fdc:	a9425bf5 	ldp	x21, x22, [sp, #32]
    3fe0:	a94363f7 	ldp	x23, x24, [sp, #48]
    3fe4:	f94023f9 	ldr	x25, [sp, #64]
    3fe8:	a8c57bfd 	ldp	x29, x30, [sp], #80
    3fec:	d65f03c0 	ret

0000000000003ff0 <__swsetup_r>:
    3ff0:	a9be7bfd 	stp	x29, x30, [sp, #-32]!
    3ff4:	d0000062 	adrp	x2, 11000 <__malloc_av_+0x360>
    3ff8:	910003fd 	mov	x29, sp
    3ffc:	a90153f3 	stp	x19, x20, [sp, #16]
    4000:	aa0003f4 	mov	x20, x0
    4004:	aa0103f3 	mov	x19, x1
    4008:	f9425840 	ldr	x0, [x2, #1200]
    400c:	b4000060 	cbz	x0, 4018 <__swsetup_r+0x28>
    4010:	f9402401 	ldr	x1, [x0, #72]
    4014:	b4000761 	cbz	x1, 4100 <__swsetup_r+0x110>
    4018:	79c02262 	ldrsh	w2, [x19, #16]
    401c:	36180462 	tbz	w2, #3, 40a8 <__swsetup_r+0xb8>
    4020:	f9400e61 	ldr	x1, [x19, #24]
    4024:	b40002c1 	cbz	x1, 407c <__swsetup_r+0x8c>
    4028:	36000142 	tbz	w2, #0, 4050 <__swsetup_r+0x60>
    402c:	b9402260 	ldr	w0, [x19, #32]
    4030:	b9000e7f 	str	wzr, [x19, #12]
    4034:	4b0003e0 	neg	w0, w0
    4038:	b9002a60 	str	w0, [x19, #40]
    403c:	52800000 	mov	w0, #0x0                   	// #0
    4040:	b4000141 	cbz	x1, 4068 <__swsetup_r+0x78>
    4044:	a94153f3 	ldp	x19, x20, [sp, #16]
    4048:	a8c27bfd 	ldp	x29, x30, [sp], #32
    404c:	d65f03c0 	ret
    4050:	52800000 	mov	w0, #0x0                   	// #0
    4054:	37080042 	tbnz	w2, #1, 405c <__swsetup_r+0x6c>
    4058:	b9402260 	ldr	w0, [x19, #32]
    405c:	b9000e60 	str	w0, [x19, #12]
    4060:	52800000 	mov	w0, #0x0                   	// #0
    4064:	b5ffff01 	cbnz	x1, 4044 <__swsetup_r+0x54>
    4068:	363ffee2 	tbz	w2, #7, 4044 <__swsetup_r+0x54>
    406c:	321a0042 	orr	w2, w2, #0x40
    4070:	12800000 	mov	w0, #0xffffffff            	// #-1
    4074:	79002262 	strh	w2, [x19, #16]
    4078:	17fffff3 	b	4044 <__swsetup_r+0x54>
    407c:	52805000 	mov	w0, #0x280                 	// #640
    4080:	0a000040 	and	w0, w2, w0
    4084:	7108001f 	cmp	w0, #0x200
    4088:	54fffd00 	b.eq	4028 <__swsetup_r+0x38>  // b.none
    408c:	aa1303e1 	mov	x1, x19
    4090:	aa1403e0 	mov	x0, x20
    4094:	94000127 	bl	4530 <__smakebuf_r>
    4098:	79c02262 	ldrsh	w2, [x19, #16]
    409c:	f9400e61 	ldr	x1, [x19, #24]
    40a0:	3607fd82 	tbz	w2, #0, 4050 <__swsetup_r+0x60>
    40a4:	17ffffe2 	b	402c <__swsetup_r+0x3c>
    40a8:	36200302 	tbz	w2, #4, 4108 <__swsetup_r+0x118>
    40ac:	371000c2 	tbnz	w2, #2, 40c4 <__swsetup_r+0xd4>
    40b0:	f9400e61 	ldr	x1, [x19, #24]
    40b4:	321d0042 	orr	w2, w2, #0x8
    40b8:	79002262 	strh	w2, [x19, #16]
    40bc:	b5fffb61 	cbnz	x1, 4028 <__swsetup_r+0x38>
    40c0:	17ffffef 	b	407c <__swsetup_r+0x8c>
    40c4:	f9402e61 	ldr	x1, [x19, #88]
    40c8:	b4000101 	cbz	x1, 40e8 <__swsetup_r+0xf8>
    40cc:	9101d260 	add	x0, x19, #0x74
    40d0:	eb00003f 	cmp	x1, x0
    40d4:	54000080 	b.eq	40e4 <__swsetup_r+0xf4>  // b.none
    40d8:	aa1403e0 	mov	x0, x20
    40dc:	94000361 	bl	4e60 <_free_r>
    40e0:	79c02262 	ldrsh	w2, [x19, #16]
    40e4:	f9002e7f 	str	xzr, [x19, #88]
    40e8:	f9400e61 	ldr	x1, [x19, #24]
    40ec:	12800480 	mov	w0, #0xffffffdb            	// #-37
    40f0:	0a000042 	and	w2, w2, w0
    40f4:	f9000261 	str	x1, [x19]
    40f8:	b9000a7f 	str	wzr, [x19, #8]
    40fc:	17ffffee 	b	40b4 <__swsetup_r+0xc4>
    4100:	97fffaf8 	bl	2ce0 <__sinit>
    4104:	17ffffc5 	b	4018 <__swsetup_r+0x28>
    4108:	52800120 	mov	w0, #0x9                   	// #9
    410c:	b9000280 	str	w0, [x20]
    4110:	321a0042 	orr	w2, w2, #0x40
    4114:	12800000 	mov	w0, #0xffffffff            	// #-1
    4118:	79002262 	strh	w2, [x19, #16]
    411c:	17ffffca 	b	4044 <__swsetup_r+0x54>

0000000000004120 <__malloc_lock>:
    4120:	90001fe0 	adrp	x0, 400000 <__sf+0x10>
    4124:	910a0000 	add	x0, x0, #0x280
    4128:	1400001a 	b	4190 <__retarget_lock_acquire_recursive>
    412c:	00000000 	udf	#0

0000000000004130 <__malloc_unlock>:
    4130:	90001fe0 	adrp	x0, 400000 <__sf+0x10>
    4134:	910a0000 	add	x0, x0, #0x280
    4138:	14000026 	b	41d0 <__retarget_lock_release_recursive>
    413c:	00000000 	udf	#0

0000000000004140 <__retarget_lock_init>:
    4140:	d65f03c0 	ret
	...

0000000000004150 <__retarget_lock_init_recursive>:
    4150:	d65f03c0 	ret
	...

0000000000004160 <__retarget_lock_close>:
    4160:	d65f03c0 	ret
	...

0000000000004170 <__retarget_lock_close_recursive>:
    4170:	d65f03c0 	ret
	...

0000000000004180 <__retarget_lock_acquire>:
    4180:	d65f03c0 	ret
	...

0000000000004190 <__retarget_lock_acquire_recursive>:
    4190:	d65f03c0 	ret
	...

00000000000041a0 <__retarget_lock_try_acquire>:
    41a0:	52800020 	mov	w0, #0x1                   	// #1
    41a4:	d65f03c0 	ret
	...

00000000000041b0 <__retarget_lock_try_acquire_recursive>:
    41b0:	52800020 	mov	w0, #0x1                   	// #1
    41b4:	d65f03c0 	ret
	...

00000000000041c0 <__retarget_lock_release>:
    41c0:	d65f03c0 	ret
	...

00000000000041d0 <__retarget_lock_release_recursive>:
    41d0:	d65f03c0 	ret
	...

0000000000004200 <memchr>:
    4200:	d503245f 	bti	c
    4204:	b4000682 	cbz	x2, 42d4 <memchr+0xd4>
    4208:	52808025 	mov	w5, #0x401                 	// #1025
    420c:	72a80205 	movk	w5, #0x4010, lsl #16
    4210:	4e010c20 	dup	v0.16b, w1
    4214:	927be803 	and	x3, x0, #0xffffffffffffffe0
    4218:	4e040ca5 	dup	v5.4s, w5
    421c:	f2401009 	ands	x9, x0, #0x1f
    4220:	9240104a 	and	x10, x2, #0x1f
    4224:	54000200 	b.eq	4264 <memchr+0x64>  // b.none
    4228:	4cdfa061 	ld1	{v1.16b-v2.16b}, [x3], #32
    422c:	d1008124 	sub	x4, x9, #0x20
    4230:	ab040042 	adds	x2, x2, x4
    4234:	6e208c23 	cmeq	v3.16b, v1.16b, v0.16b
    4238:	6e208c44 	cmeq	v4.16b, v2.16b, v0.16b
    423c:	4e251c63 	and	v3.16b, v3.16b, v5.16b
    4240:	4e251c84 	and	v4.16b, v4.16b, v5.16b
    4244:	4e24bc66 	addp	v6.16b, v3.16b, v4.16b
    4248:	4e26bcc6 	addp	v6.16b, v6.16b, v6.16b
    424c:	4e083cc6 	mov	x6, v6.d[0]
    4250:	d37ff924 	lsl	x4, x9, #1
    4254:	9ac424c6 	lsr	x6, x6, x4
    4258:	9ac420c6 	lsl	x6, x6, x4
    425c:	54000229 	b.ls	42a0 <memchr+0xa0>  // b.plast
    4260:	b50002c6 	cbnz	x6, 42b8 <memchr+0xb8>
    4264:	4cdfa061 	ld1	{v1.16b-v2.16b}, [x3], #32
    4268:	f1008042 	subs	x2, x2, #0x20
    426c:	6e208c23 	cmeq	v3.16b, v1.16b, v0.16b
    4270:	6e208c44 	cmeq	v4.16b, v2.16b, v0.16b
    4274:	540000a9 	b.ls	4288 <memchr+0x88>  // b.plast
    4278:	4ea41c66 	orr	v6.16b, v3.16b, v4.16b
    427c:	4ee6bcc6 	addp	v6.2d, v6.2d, v6.2d
    4280:	4e083cc6 	mov	x6, v6.d[0]
    4284:	b4ffff06 	cbz	x6, 4264 <memchr+0x64>
    4288:	4e251c63 	and	v3.16b, v3.16b, v5.16b
    428c:	4e251c84 	and	v4.16b, v4.16b, v5.16b
    4290:	4e24bc66 	addp	v6.16b, v3.16b, v4.16b
    4294:	4e26bcc6 	addp	v6.16b, v6.16b, v6.16b
    4298:	4e083cc6 	mov	x6, v6.d[0]
    429c:	540000e2 	b.cs	42b8 <memchr+0xb8>  // b.hs, b.nlast
    42a0:	8b090144 	add	x4, x10, x9
    42a4:	92401084 	and	x4, x4, #0x1f
    42a8:	d1008084 	sub	x4, x4, #0x20
    42ac:	cb0407e4 	neg	x4, x4, lsl #1
    42b0:	9ac420c6 	lsl	x6, x6, x4
    42b4:	9ac424c6 	lsr	x6, x6, x4
    42b8:	dac000c6 	rbit	x6, x6
    42bc:	d1008063 	sub	x3, x3, #0x20
    42c0:	f10000df 	cmp	x6, #0x0
    42c4:	dac010c6 	clz	x6, x6
    42c8:	8b460460 	add	x0, x3, x6, lsr #1
    42cc:	9a8003e0 	csel	x0, xzr, x0, eq	// eq = none
    42d0:	d65f03c0 	ret
    42d4:	d2800000 	mov	x0, #0x0                   	// #0
    42d8:	d65f03c0 	ret
	...

0000000000004300 <memcpy>:
    4300:	d503245f 	bti	c
    4304:	8b020024 	add	x4, x1, x2
    4308:	8b020005 	add	x5, x0, x2
    430c:	f102005f 	cmp	x2, #0x80
    4310:	54000788 	b.hi	4400 <memcpy+0x100>  // b.pmore
    4314:	f100805f 	cmp	x2, #0x20
    4318:	540003c8 	b.hi	4390 <memcpy+0x90>  // b.pmore
    431c:	f100405f 	cmp	x2, #0x10
    4320:	540000c3 	b.cc	4338 <memcpy+0x38>  // b.lo, b.ul, b.last
    4324:	a9401c26 	ldp	x6, x7, [x1]
    4328:	a97f348c 	ldp	x12, x13, [x4, #-16]
    432c:	a9001c06 	stp	x6, x7, [x0]
    4330:	a93f34ac 	stp	x12, x13, [x5, #-16]
    4334:	d65f03c0 	ret
    4338:	361800c2 	tbz	w2, #3, 4350 <memcpy+0x50>
    433c:	f9400026 	ldr	x6, [x1]
    4340:	f85f8087 	ldur	x7, [x4, #-8]
    4344:	f9000006 	str	x6, [x0]
    4348:	f81f80a7 	stur	x7, [x5, #-8]
    434c:	d65f03c0 	ret
    4350:	361000c2 	tbz	w2, #2, 4368 <memcpy+0x68>
    4354:	b9400026 	ldr	w6, [x1]
    4358:	b85fc088 	ldur	w8, [x4, #-4]
    435c:	b9000006 	str	w6, [x0]
    4360:	b81fc0a8 	stur	w8, [x5, #-4]
    4364:	d65f03c0 	ret
    4368:	b4000102 	cbz	x2, 4388 <memcpy+0x88>
    436c:	d341fc4e 	lsr	x14, x2, #1
    4370:	39400026 	ldrb	w6, [x1]
    4374:	385ff08a 	ldurb	w10, [x4, #-1]
    4378:	386e6828 	ldrb	w8, [x1, x14]
    437c:	39000006 	strb	w6, [x0]
    4380:	382e6808 	strb	w8, [x0, x14]
    4384:	381ff0aa 	sturb	w10, [x5, #-1]
    4388:	d65f03c0 	ret
    438c:	d503201f 	nop
    4390:	a9401c26 	ldp	x6, x7, [x1]
    4394:	a9412428 	ldp	x8, x9, [x1, #16]
    4398:	a97e2c8a 	ldp	x10, x11, [x4, #-32]
    439c:	a97f348c 	ldp	x12, x13, [x4, #-16]
    43a0:	f101005f 	cmp	x2, #0x40
    43a4:	540000e8 	b.hi	43c0 <memcpy+0xc0>  // b.pmore
    43a8:	a9001c06 	stp	x6, x7, [x0]
    43ac:	a9012408 	stp	x8, x9, [x0, #16]
    43b0:	a93e2caa 	stp	x10, x11, [x5, #-32]
    43b4:	a93f34ac 	stp	x12, x13, [x5, #-16]
    43b8:	d65f03c0 	ret
    43bc:	d503201f 	nop
    43c0:	a9423c2e 	ldp	x14, x15, [x1, #32]
    43c4:	a9434430 	ldp	x16, x17, [x1, #48]
    43c8:	f101805f 	cmp	x2, #0x60
    43cc:	540000a9 	b.ls	43e0 <memcpy+0xe0>  // b.plast
    43d0:	a97c0c82 	ldp	x2, x3, [x4, #-64]
    43d4:	a97d1081 	ldp	x1, x4, [x4, #-48]
    43d8:	a93c0ca2 	stp	x2, x3, [x5, #-64]
    43dc:	a93d10a1 	stp	x1, x4, [x5, #-48]
    43e0:	a9001c06 	stp	x6, x7, [x0]
    43e4:	a9012408 	stp	x8, x9, [x0, #16]
    43e8:	a9023c0e 	stp	x14, x15, [x0, #32]
    43ec:	a9034410 	stp	x16, x17, [x0, #48]
    43f0:	a93e2caa 	stp	x10, x11, [x5, #-32]
    43f4:	a93f34ac 	stp	x12, x13, [x5, #-16]
    43f8:	d65f03c0 	ret
    43fc:	d503201f 	nop
    4400:	cb01000e 	sub	x14, x0, x1
    4404:	b4fffc2e 	cbz	x14, 4388 <memcpy+0x88>
    4408:	eb0201df 	cmp	x14, x2
    440c:	540004a3 	b.cc	44a0 <memcpy+0x1a0>  // b.lo, b.ul, b.last
    4410:	a940342c 	ldp	x12, x13, [x1]
    4414:	92400c0e 	and	x14, x0, #0xf
    4418:	927cec03 	and	x3, x0, #0xfffffffffffffff0
    441c:	cb0e0021 	sub	x1, x1, x14
    4420:	8b0e0042 	add	x2, x2, x14
    4424:	a9411c26 	ldp	x6, x7, [x1, #16]
    4428:	a900340c 	stp	x12, x13, [x0]
    442c:	a9422428 	ldp	x8, x9, [x1, #32]
    4430:	a9432c2a 	ldp	x10, x11, [x1, #48]
    4434:	a9c4342c 	ldp	x12, x13, [x1, #64]!
    4438:	f1024042 	subs	x2, x2, #0x90
    443c:	54000169 	b.ls	4468 <memcpy+0x168>  // b.plast
    4440:	a9011c66 	stp	x6, x7, [x3, #16]
    4444:	a9411c26 	ldp	x6, x7, [x1, #16]
    4448:	a9022468 	stp	x8, x9, [x3, #32]
    444c:	a9422428 	ldp	x8, x9, [x1, #32]
    4450:	a9032c6a 	stp	x10, x11, [x3, #48]
    4454:	a9432c2a 	ldp	x10, x11, [x1, #48]
    4458:	a984346c 	stp	x12, x13, [x3, #64]!
    445c:	a9c4342c 	ldp	x12, x13, [x1, #64]!
    4460:	f1010042 	subs	x2, x2, #0x40
    4464:	54fffee8 	b.hi	4440 <memcpy+0x140>  // b.pmore
    4468:	a97c3c8e 	ldp	x14, x15, [x4, #-64]
    446c:	a9011c66 	stp	x6, x7, [x3, #16]
    4470:	a97d1c86 	ldp	x6, x7, [x4, #-48]
    4474:	a9022468 	stp	x8, x9, [x3, #32]
    4478:	a97e2488 	ldp	x8, x9, [x4, #-32]
    447c:	a9032c6a 	stp	x10, x11, [x3, #48]
    4480:	a97f2c8a 	ldp	x10, x11, [x4, #-16]
    4484:	a904346c 	stp	x12, x13, [x3, #64]
    4488:	a93c3cae 	stp	x14, x15, [x5, #-64]
    448c:	a93d1ca6 	stp	x6, x7, [x5, #-48]
    4490:	a93e24a8 	stp	x8, x9, [x5, #-32]
    4494:	a93f2caa 	stp	x10, x11, [x5, #-16]
    4498:	d65f03c0 	ret
    449c:	d503201f 	nop
    44a0:	a97f348c 	ldp	x12, x13, [x4, #-16]
    44a4:	92400cae 	and	x14, x5, #0xf
    44a8:	cb0e0084 	sub	x4, x4, x14
    44ac:	cb0e0042 	sub	x2, x2, x14
    44b0:	a97f1c86 	ldp	x6, x7, [x4, #-16]
    44b4:	a93f34ac 	stp	x12, x13, [x5, #-16]
    44b8:	a97e2488 	ldp	x8, x9, [x4, #-32]
    44bc:	a97d2c8a 	ldp	x10, x11, [x4, #-48]
    44c0:	a9fc348c 	ldp	x12, x13, [x4, #-64]!
    44c4:	cb0e00a5 	sub	x5, x5, x14
    44c8:	f1020042 	subs	x2, x2, #0x80
    44cc:	54000169 	b.ls	44f8 <memcpy+0x1f8>  // b.plast
    44d0:	a93f1ca6 	stp	x6, x7, [x5, #-16]
    44d4:	a97f1c86 	ldp	x6, x7, [x4, #-16]
    44d8:	a93e24a8 	stp	x8, x9, [x5, #-32]
    44dc:	a97e2488 	ldp	x8, x9, [x4, #-32]
    44e0:	a93d2caa 	stp	x10, x11, [x5, #-48]
    44e4:	a97d2c8a 	ldp	x10, x11, [x4, #-48]
    44e8:	a9bc34ac 	stp	x12, x13, [x5, #-64]!
    44ec:	a9fc348c 	ldp	x12, x13, [x4, #-64]!
    44f0:	f1010042 	subs	x2, x2, #0x40
    44f4:	54fffee8 	b.hi	44d0 <memcpy+0x1d0>  // b.pmore
    44f8:	a9430c22 	ldp	x2, x3, [x1, #48]
    44fc:	a93f1ca6 	stp	x6, x7, [x5, #-16]
    4500:	a9421c26 	ldp	x6, x7, [x1, #32]
    4504:	a93e24a8 	stp	x8, x9, [x5, #-32]
    4508:	a9412428 	ldp	x8, x9, [x1, #16]
    450c:	a93d2caa 	stp	x10, x11, [x5, #-48]
    4510:	a9402c2a 	ldp	x10, x11, [x1]
    4514:	a93c34ac 	stp	x12, x13, [x5, #-64]
    4518:	a9030c02 	stp	x2, x3, [x0, #48]
    451c:	a9021c06 	stp	x6, x7, [x0, #32]
    4520:	a9012408 	stp	x8, x9, [x0, #16]
    4524:	a9002c0a 	stp	x10, x11, [x0]
    4528:	d65f03c0 	ret
    452c:	00000000 	udf	#0

0000000000004530 <__smakebuf_r>:
    4530:	a9b57bfd 	stp	x29, x30, [sp, #-176]!
    4534:	910003fd 	mov	x29, sp
    4538:	79c02022 	ldrsh	w2, [x1, #16]
    453c:	a90153f3 	stp	x19, x20, [sp, #16]
    4540:	aa0103f3 	mov	x19, x1
    4544:	36080122 	tbz	w2, #1, 4568 <__smakebuf_r+0x38>
    4548:	9101dc20 	add	x0, x1, #0x77
    454c:	52800021 	mov	w1, #0x1                   	// #1
    4550:	f9000260 	str	x0, [x19]
    4554:	f9000e60 	str	x0, [x19, #24]
    4558:	b9002261 	str	w1, [x19, #32]
    455c:	a94153f3 	ldp	x19, x20, [sp, #16]
    4560:	a8cb7bfd 	ldp	x29, x30, [sp], #176
    4564:	d65f03c0 	ret
    4568:	79c02421 	ldrsh	w1, [x1, #18]
    456c:	aa0003f4 	mov	x20, x0
    4570:	a9025bf5 	stp	x21, x22, [sp, #32]
    4574:	f9001bf7 	str	x23, [sp, #48]
    4578:	37f80381 	tbnz	w1, #31, 45e8 <__smakebuf_r+0xb8>
    457c:	910123e2 	add	x2, sp, #0x48
    4580:	940004f4 	bl	5950 <_fstat_r>
    4584:	37f80300 	tbnz	w0, #31, 45e4 <__smakebuf_r+0xb4>
    4588:	b9404fe0 	ldr	w0, [sp, #76]
    458c:	d2808016 	mov	x22, #0x400                 	// #1024
    4590:	52810015 	mov	w21, #0x800                 	// #2048
    4594:	aa1603e1 	mov	x1, x22
    4598:	12140c00 	and	w0, w0, #0xf000
    459c:	7140081f 	cmp	w0, #0x2, lsl #12
    45a0:	aa1403e0 	mov	x0, x20
    45a4:	1a9f17f7 	cset	w23, eq	// eq = none
    45a8:	97fffafe 	bl	31a0 <_malloc_r>
    45ac:	b5000320 	cbnz	x0, 4610 <__smakebuf_r+0xe0>
    45b0:	79c02260 	ldrsh	w0, [x19, #16]
    45b4:	37480560 	tbnz	w0, #9, 4660 <__smakebuf_r+0x130>
    45b8:	121e7400 	and	w0, w0, #0xfffffffc
    45bc:	9101de61 	add	x1, x19, #0x77
    45c0:	a9425bf5 	ldp	x21, x22, [sp, #32]
    45c4:	321f0000 	orr	w0, w0, #0x2
    45c8:	f9401bf7 	ldr	x23, [sp, #48]
    45cc:	52800022 	mov	w2, #0x1                   	// #1
    45d0:	f9000261 	str	x1, [x19]
    45d4:	79002260 	strh	w0, [x19, #16]
    45d8:	f9000e61 	str	x1, [x19, #24]
    45dc:	b9002262 	str	w2, [x19, #32]
    45e0:	17ffffdf 	b	455c <__smakebuf_r+0x2c>
    45e4:	79c02262 	ldrsh	w2, [x19, #16]
    45e8:	f279005f 	tst	x2, #0x80
    45ec:	d2800800 	mov	x0, #0x40                  	// #64
    45f0:	d2808016 	mov	x22, #0x400                 	// #1024
    45f4:	9a8002d6 	csel	x22, x22, x0, eq	// eq = none
    45f8:	aa1603e1 	mov	x1, x22
    45fc:	aa1403e0 	mov	x0, x20
    4600:	52800017 	mov	w23, #0x0                   	// #0
    4604:	52800015 	mov	w21, #0x0                   	// #0
    4608:	97fffae6 	bl	31a0 <_malloc_r>
    460c:	b4fffd20 	cbz	x0, 45b0 <__smakebuf_r+0x80>
    4610:	79c02262 	ldrsh	w2, [x19, #16]
    4614:	f9000260 	str	x0, [x19]
    4618:	32190042 	orr	w2, w2, #0x80
    461c:	79002262 	strh	w2, [x19, #16]
    4620:	f9000e60 	str	x0, [x19, #24]
    4624:	b9002276 	str	w22, [x19, #32]
    4628:	35000117 	cbnz	w23, 4648 <__smakebuf_r+0x118>
    462c:	2a150042 	orr	w2, w2, w21
    4630:	79002262 	strh	w2, [x19, #16]
    4634:	a94153f3 	ldp	x19, x20, [sp, #16]
    4638:	a9425bf5 	ldp	x21, x22, [sp, #32]
    463c:	f9401bf7 	ldr	x23, [sp, #48]
    4640:	a8cb7bfd 	ldp	x29, x30, [sp], #176
    4644:	d65f03c0 	ret
    4648:	79c02661 	ldrsh	w1, [x19, #18]
    464c:	aa1403e0 	mov	x0, x20
    4650:	940004d4 	bl	59a0 <_isatty_r>
    4654:	350000c0 	cbnz	w0, 466c <__smakebuf_r+0x13c>
    4658:	79c02262 	ldrsh	w2, [x19, #16]
    465c:	17fffff4 	b	462c <__smakebuf_r+0xfc>
    4660:	a9425bf5 	ldp	x21, x22, [sp, #32]
    4664:	f9401bf7 	ldr	x23, [sp, #48]
    4668:	17ffffbd 	b	455c <__smakebuf_r+0x2c>
    466c:	79402262 	ldrh	w2, [x19, #16]
    4670:	121e7442 	and	w2, w2, #0xfffffffc
    4674:	32000042 	orr	w2, w2, #0x1
    4678:	13003c42 	sxth	w2, w2
    467c:	17ffffec 	b	462c <__smakebuf_r+0xfc>

0000000000004680 <__swhatbuf_r>:
    4680:	a9b67bfd 	stp	x29, x30, [sp, #-160]!
    4684:	910003fd 	mov	x29, sp
    4688:	a90153f3 	stp	x19, x20, [sp, #16]
    468c:	aa0103f3 	mov	x19, x1
    4690:	79c02421 	ldrsh	w1, [x1, #18]
    4694:	f90013f5 	str	x21, [sp, #32]
    4698:	aa0203f4 	mov	x20, x2
    469c:	aa0303f5 	mov	x21, x3
    46a0:	37f80201 	tbnz	w1, #31, 46e0 <__swhatbuf_r+0x60>
    46a4:	9100e3e2 	add	x2, sp, #0x38
    46a8:	940004aa 	bl	5950 <_fstat_r>
    46ac:	37f801a0 	tbnz	w0, #31, 46e0 <__swhatbuf_r+0x60>
    46b0:	b9403fe2 	ldr	w2, [sp, #60]
    46b4:	d2808001 	mov	x1, #0x400                 	// #1024
    46b8:	52810000 	mov	w0, #0x800                 	// #2048
    46bc:	12140c42 	and	w2, w2, #0xf000
    46c0:	7140085f 	cmp	w2, #0x2, lsl #12
    46c4:	1a9f17e2 	cset	w2, eq	// eq = none
    46c8:	b90002a2 	str	w2, [x21]
    46cc:	f94013f5 	ldr	x21, [sp, #32]
    46d0:	f9000281 	str	x1, [x20]
    46d4:	a94153f3 	ldp	x19, x20, [sp, #16]
    46d8:	a8ca7bfd 	ldp	x29, x30, [sp], #160
    46dc:	d65f03c0 	ret
    46e0:	79402264 	ldrh	w4, [x19, #16]
    46e4:	52800002 	mov	w2, #0x0                   	// #0
    46e8:	b90002a2 	str	w2, [x21]
    46ec:	d2808003 	mov	x3, #0x400                 	// #1024
    46f0:	f94013f5 	ldr	x21, [sp, #32]
    46f4:	f279009f 	tst	x4, #0x80
    46f8:	d2800801 	mov	x1, #0x40                  	// #64
    46fc:	9a831021 	csel	x1, x1, x3, ne	// ne = any
    4700:	f9000281 	str	x1, [x20]
    4704:	52800000 	mov	w0, #0x0                   	// #0
    4708:	a94153f3 	ldp	x19, x20, [sp, #16]
    470c:	a8ca7bfd 	ldp	x29, x30, [sp], #160
    4710:	d65f03c0 	ret
	...

0000000000004720 <_printf_r>:
    4720:	a9b07bfd 	stp	x29, x30, [sp, #-256]!
    4724:	128005e9 	mov	w9, #0xffffffd0            	// #-48
    4728:	12800fe8 	mov	w8, #0xffffff80            	// #-128
    472c:	910003fd 	mov	x29, sp
    4730:	910343ea 	add	x10, sp, #0xd0
    4734:	910403eb 	add	x11, sp, #0x100
    4738:	a9032feb 	stp	x11, x11, [sp, #48]
    473c:	f90023ea 	str	x10, [sp, #64]
    4740:	290923e9 	stp	w9, w8, [sp, #72]
    4744:	3d8017e0 	str	q0, [sp, #80]
    4748:	ad41c3e0 	ldp	q0, q16, [sp, #48]
    474c:	3d801be1 	str	q1, [sp, #96]
    4750:	3d801fe2 	str	q2, [sp, #112]
    4754:	3d8023e3 	str	q3, [sp, #128]
    4758:	3d8027e4 	str	q4, [sp, #144]
    475c:	3d802be5 	str	q5, [sp, #160]
    4760:	3d802fe6 	str	q6, [sp, #176]
    4764:	3d8033e7 	str	q7, [sp, #192]
    4768:	a90d0fe2 	stp	x2, x3, [sp, #208]
    476c:	aa0103e2 	mov	x2, x1
    4770:	910043e3 	add	x3, sp, #0x10
    4774:	a90e17e4 	stp	x4, x5, [sp, #224]
    4778:	a90f1fe6 	stp	x6, x7, [sp, #240]
    477c:	ad00c3e0 	stp	q0, q16, [sp, #16]
    4780:	f9400801 	ldr	x1, [x0, #16]
    4784:	940004cb 	bl	5ab0 <_vfprintf_r>
    4788:	a8d07bfd 	ldp	x29, x30, [sp], #256
    478c:	d65f03c0 	ret

0000000000004790 <printf>:
    4790:	a9af7bfd 	stp	x29, x30, [sp, #-272]!
    4794:	128006eb 	mov	w11, #0xffffffc8            	// #-56
    4798:	12800fea 	mov	w10, #0xffffff80            	// #-128
    479c:	910003fd 	mov	x29, sp
    47a0:	910343ec 	add	x12, sp, #0xd0
    47a4:	910443e8 	add	x8, sp, #0x110
    47a8:	b0000069 	adrp	x9, 11000 <__malloc_av_+0x360>
    47ac:	a90323e8 	stp	x8, x8, [sp, #48]
    47b0:	aa0003e8 	mov	x8, x0
    47b4:	f90023ec 	str	x12, [sp, #64]
    47b8:	29092beb 	stp	w11, w10, [sp, #72]
    47bc:	f9425920 	ldr	x0, [x9, #1200]
    47c0:	3d8017e0 	str	q0, [sp, #80]
    47c4:	ad41c3e0 	ldp	q0, q16, [sp, #48]
    47c8:	3d801be1 	str	q1, [sp, #96]
    47cc:	3d801fe2 	str	q2, [sp, #112]
    47d0:	3d8023e3 	str	q3, [sp, #128]
    47d4:	3d8027e4 	str	q4, [sp, #144]
    47d8:	3d802be5 	str	q5, [sp, #160]
    47dc:	3d802fe6 	str	q6, [sp, #176]
    47e0:	3d8033e7 	str	q7, [sp, #192]
    47e4:	a90d8be1 	stp	x1, x2, [sp, #216]
    47e8:	aa0803e2 	mov	x2, x8
    47ec:	a90e93e3 	stp	x3, x4, [sp, #232]
    47f0:	910043e3 	add	x3, sp, #0x10
    47f4:	a90f9be5 	stp	x5, x6, [sp, #248]
    47f8:	f90087e7 	str	x7, [sp, #264]
    47fc:	ad00c3e0 	stp	q0, q16, [sp, #16]
    4800:	f9400801 	ldr	x1, [x0, #16]
    4804:	940004ab 	bl	5ab0 <_vfprintf_r>
    4808:	a8d17bfd 	ldp	x29, x30, [sp], #272
    480c:	d65f03c0 	ret

0000000000004810 <_realloc_r>:
    4810:	a9ba7bfd 	stp	x29, x30, [sp, #-96]!
    4814:	910003fd 	mov	x29, sp
    4818:	a9025bf5 	stp	x21, x22, [sp, #32]
    481c:	aa0203f5 	mov	x21, x2
    4820:	b4001021 	cbz	x1, 4a24 <_realloc_r+0x214>
    4824:	a90153f3 	stp	x19, x20, [sp, #16]
    4828:	aa0103f3 	mov	x19, x1
    482c:	aa0003f6 	mov	x22, x0
    4830:	a90363f7 	stp	x23, x24, [sp, #48]
    4834:	d1004278 	sub	x24, x19, #0x10
    4838:	91005eb4 	add	x20, x21, #0x17
    483c:	a9046bf9 	stp	x25, x26, [sp, #64]
    4840:	97fffe38 	bl	4120 <__malloc_lock>
    4844:	aa1803f9 	mov	x25, x24
    4848:	f9400700 	ldr	x0, [x24, #8]
    484c:	927ef417 	and	x23, x0, #0xfffffffffffffffc
    4850:	f100ba9f 	cmp	x20, #0x2e
    4854:	54000908 	b.hi	4974 <_realloc_r+0x164>  // b.pmore
    4858:	52800001 	mov	w1, #0x0                   	// #0
    485c:	7100003f 	cmp	w1, #0x0
    4860:	d2800414 	mov	x20, #0x20                  	// #32
    4864:	fa550280 	ccmp	x20, x21, #0x0, eq	// eq = none
    4868:	54000943 	b.cc	4990 <_realloc_r+0x180>  // b.lo, b.ul, b.last
    486c:	eb1402ff 	cmp	x23, x20
    4870:	54000a4a 	b.ge	49b8 <_realloc_r+0x1a8>  // b.tcont
    4874:	90000061 	adrp	x1, 10000 <__sfp_handle_exceptions+0x300>
    4878:	a90573fb 	stp	x27, x28, [sp, #80]
    487c:	9132803c 	add	x28, x1, #0xca0
    4880:	8b170302 	add	x2, x24, x23
    4884:	f9400b83 	ldr	x3, [x28, #16]
    4888:	f9400441 	ldr	x1, [x2, #8]
    488c:	eb02007f 	cmp	x3, x2
    4890:	54000ea0 	b.eq	4a64 <_realloc_r+0x254>  // b.none
    4894:	927ff823 	and	x3, x1, #0xfffffffffffffffe
    4898:	8b030043 	add	x3, x2, x3
    489c:	f9400463 	ldr	x3, [x3, #8]
    48a0:	37000b63 	tbnz	w3, #0, 4a0c <_realloc_r+0x1fc>
    48a4:	927ef421 	and	x1, x1, #0xfffffffffffffffc
    48a8:	8b0102e3 	add	x3, x23, x1
    48ac:	eb03029f 	cmp	x20, x3
    48b0:	5400078d 	b.le	49a0 <_realloc_r+0x190>
    48b4:	37000180 	tbnz	w0, #0, 48e4 <_realloc_r+0xd4>
    48b8:	f85f027b 	ldur	x27, [x19, #-16]
    48bc:	cb1b031b 	sub	x27, x24, x27
    48c0:	f9400760 	ldr	x0, [x27, #8]
    48c4:	927ef400 	and	x0, x0, #0xfffffffffffffffc
    48c8:	8b000021 	add	x1, x1, x0
    48cc:	8b17003a 	add	x26, x1, x23
    48d0:	eb1a029f 	cmp	x20, x26
    48d4:	540018ed 	b.le	4bf0 <_realloc_r+0x3e0>
    48d8:	8b0002fa 	add	x26, x23, x0
    48dc:	eb1a029f 	cmp	x20, x26
    48e0:	5400146d 	b.le	4b6c <_realloc_r+0x35c>
    48e4:	aa1503e1 	mov	x1, x21
    48e8:	aa1603e0 	mov	x0, x22
    48ec:	97fffa2d 	bl	31a0 <_malloc_r>
    48f0:	aa0003f5 	mov	x21, x0
    48f4:	b4001d20 	cbz	x0, 4c98 <_realloc_r+0x488>
    48f8:	f9400701 	ldr	x1, [x24, #8]
    48fc:	d1004002 	sub	x2, x0, #0x10
    4900:	927ff821 	and	x1, x1, #0xfffffffffffffffe
    4904:	8b010301 	add	x1, x24, x1
    4908:	eb02003f 	cmp	x1, x2
    490c:	54001140 	b.eq	4b34 <_realloc_r+0x324>  // b.none
    4910:	d10022e2 	sub	x2, x23, #0x8
    4914:	f101205f 	cmp	x2, #0x48
    4918:	54001668 	b.hi	4be4 <_realloc_r+0x3d4>  // b.pmore
    491c:	f1009c5f 	cmp	x2, #0x27
    4920:	54001148 	b.hi	4b48 <_realloc_r+0x338>  // b.pmore
    4924:	aa1303e1 	mov	x1, x19
    4928:	f9400022 	ldr	x2, [x1]
    492c:	f9000002 	str	x2, [x0]
    4930:	f9400422 	ldr	x2, [x1, #8]
    4934:	f9000402 	str	x2, [x0, #8]
    4938:	f9400821 	ldr	x1, [x1, #16]
    493c:	f9000801 	str	x1, [x0, #16]
    4940:	aa1303e1 	mov	x1, x19
    4944:	aa1603e0 	mov	x0, x22
    4948:	94000146 	bl	4e60 <_free_r>
    494c:	aa1603e0 	mov	x0, x22
    4950:	97fffdf8 	bl	4130 <__malloc_unlock>
    4954:	a94153f3 	ldp	x19, x20, [sp, #16]
    4958:	aa1503e0 	mov	x0, x21
    495c:	a9425bf5 	ldp	x21, x22, [sp, #32]
    4960:	a94363f7 	ldp	x23, x24, [sp, #48]
    4964:	a9446bf9 	ldp	x25, x26, [sp, #64]
    4968:	a94573fb 	ldp	x27, x28, [sp, #80]
    496c:	a8c67bfd 	ldp	x29, x30, [sp], #96
    4970:	d65f03c0 	ret
    4974:	927cee94 	and	x20, x20, #0xfffffffffffffff0
    4978:	b2407be1 	mov	x1, #0x7fffffff            	// #2147483647
    497c:	eb01029f 	cmp	x20, x1
    4980:	1a9f97e1 	cset	w1, hi	// hi = pmore
    4984:	7100003f 	cmp	w1, #0x0
    4988:	fa550280 	ccmp	x20, x21, #0x0, eq	// eq = none
    498c:	54fff702 	b.cs	486c <_realloc_r+0x5c>  // b.hs, b.nlast
    4990:	52800180 	mov	w0, #0xc                   	// #12
    4994:	d2800015 	mov	x21, #0x0                   	// #0
    4998:	b90002c0 	str	w0, [x22]
    499c:	14000015 	b	49f0 <_realloc_r+0x1e0>
    49a0:	a9410041 	ldp	x1, x0, [x2, #16]
    49a4:	aa0303f7 	mov	x23, x3
    49a8:	a94573fb 	ldp	x27, x28, [sp, #80]
    49ac:	f9000c20 	str	x0, [x1, #24]
    49b0:	f9000801 	str	x1, [x0, #16]
    49b4:	d503201f 	nop
    49b8:	f9400721 	ldr	x1, [x25, #8]
    49bc:	cb1402e0 	sub	x0, x23, x20
    49c0:	8b170322 	add	x2, x25, x23
    49c4:	92400021 	and	x1, x1, #0x1
    49c8:	f1007c1f 	cmp	x0, #0x1f
    49cc:	54000348 	b.hi	4a34 <_realloc_r+0x224>  // b.pmore
    49d0:	aa0102e1 	orr	x1, x23, x1
    49d4:	f9000721 	str	x1, [x25, #8]
    49d8:	f9400440 	ldr	x0, [x2, #8]
    49dc:	b2400000 	orr	x0, x0, #0x1
    49e0:	f9000440 	str	x0, [x2, #8]
    49e4:	aa1303f5 	mov	x21, x19
    49e8:	aa1603e0 	mov	x0, x22
    49ec:	97fffdd1 	bl	4130 <__malloc_unlock>
    49f0:	a94153f3 	ldp	x19, x20, [sp, #16]
    49f4:	aa1503e0 	mov	x0, x21
    49f8:	a9425bf5 	ldp	x21, x22, [sp, #32]
    49fc:	a94363f7 	ldp	x23, x24, [sp, #48]
    4a00:	a9446bf9 	ldp	x25, x26, [sp, #64]
    4a04:	a8c67bfd 	ldp	x29, x30, [sp], #96
    4a08:	d65f03c0 	ret
    4a0c:	3707f6c0 	tbnz	w0, #0, 48e4 <_realloc_r+0xd4>
    4a10:	f85f027b 	ldur	x27, [x19, #-16]
    4a14:	cb1b031b 	sub	x27, x24, x27
    4a18:	f9400760 	ldr	x0, [x27, #8]
    4a1c:	927ef400 	and	x0, x0, #0xfffffffffffffffc
    4a20:	17ffffae 	b	48d8 <_realloc_r+0xc8>
    4a24:	a9425bf5 	ldp	x21, x22, [sp, #32]
    4a28:	aa0203e1 	mov	x1, x2
    4a2c:	a8c67bfd 	ldp	x29, x30, [sp], #96
    4a30:	17fff9dc 	b	31a0 <_malloc_r>
    4a34:	8b140324 	add	x4, x25, x20
    4a38:	aa010281 	orr	x1, x20, x1
    4a3c:	f9000721 	str	x1, [x25, #8]
    4a40:	b2400003 	orr	x3, x0, #0x1
    4a44:	91004081 	add	x1, x4, #0x10
    4a48:	aa1603e0 	mov	x0, x22
    4a4c:	f9000483 	str	x3, [x4, #8]
    4a50:	f9400443 	ldr	x3, [x2, #8]
    4a54:	b2400063 	orr	x3, x3, #0x1
    4a58:	f9000443 	str	x3, [x2, #8]
    4a5c:	94000101 	bl	4e60 <_free_r>
    4a60:	17ffffe1 	b	49e4 <_realloc_r+0x1d4>
    4a64:	927ef421 	and	x1, x1, #0xfffffffffffffffc
    4a68:	91008283 	add	x3, x20, #0x20
    4a6c:	8b170022 	add	x2, x1, x23
    4a70:	eb03005f 	cmp	x2, x3
    4a74:	54000e4a 	b.ge	4c3c <_realloc_r+0x42c>  // b.tcont
    4a78:	3707f360 	tbnz	w0, #0, 48e4 <_realloc_r+0xd4>
    4a7c:	f85f027b 	ldur	x27, [x19, #-16]
    4a80:	cb1b031b 	sub	x27, x24, x27
    4a84:	f9400760 	ldr	x0, [x27, #8]
    4a88:	927ef400 	and	x0, x0, #0xfffffffffffffffc
    4a8c:	8b000021 	add	x1, x1, x0
    4a90:	8b17003a 	add	x26, x1, x23
    4a94:	eb1a007f 	cmp	x3, x26
    4a98:	54fff20c 	b.gt	48d8 <_realloc_r+0xc8>
    4a9c:	aa1b03f5 	mov	x21, x27
    4aa0:	d10022e2 	sub	x2, x23, #0x8
    4aa4:	f9400f60 	ldr	x0, [x27, #24]
    4aa8:	f8410ea1 	ldr	x1, [x21, #16]!
    4aac:	f9000c20 	str	x0, [x1, #24]
    4ab0:	f9000801 	str	x1, [x0, #16]
    4ab4:	f101205f 	cmp	x2, #0x48
    4ab8:	54001168 	b.hi	4ce4 <_realloc_r+0x4d4>  // b.pmore
    4abc:	aa1503e0 	mov	x0, x21
    4ac0:	f1009c5f 	cmp	x2, #0x27
    4ac4:	54000129 	b.ls	4ae8 <_realloc_r+0x2d8>  // b.plast
    4ac8:	f9400260 	ldr	x0, [x19]
    4acc:	f9000b60 	str	x0, [x27, #16]
    4ad0:	f9400660 	ldr	x0, [x19, #8]
    4ad4:	f9000f60 	str	x0, [x27, #24]
    4ad8:	f100dc5f 	cmp	x2, #0x37
    4adc:	540010c8 	b.hi	4cf4 <_realloc_r+0x4e4>  // b.pmore
    4ae0:	91004273 	add	x19, x19, #0x10
    4ae4:	91008360 	add	x0, x27, #0x20
    4ae8:	f9400261 	ldr	x1, [x19]
    4aec:	f9000001 	str	x1, [x0]
    4af0:	f9400661 	ldr	x1, [x19, #8]
    4af4:	f9000401 	str	x1, [x0, #8]
    4af8:	f9400a61 	ldr	x1, [x19, #16]
    4afc:	f9000801 	str	x1, [x0, #16]
    4b00:	8b140362 	add	x2, x27, x20
    4b04:	cb140341 	sub	x1, x26, x20
    4b08:	f9000b82 	str	x2, [x28, #16]
    4b0c:	b2400021 	orr	x1, x1, #0x1
    4b10:	aa1603e0 	mov	x0, x22
    4b14:	f9000441 	str	x1, [x2, #8]
    4b18:	f9400761 	ldr	x1, [x27, #8]
    4b1c:	92400021 	and	x1, x1, #0x1
    4b20:	aa140021 	orr	x1, x1, x20
    4b24:	f9000761 	str	x1, [x27, #8]
    4b28:	97fffd82 	bl	4130 <__malloc_unlock>
    4b2c:	a94573fb 	ldp	x27, x28, [sp, #80]
    4b30:	17ffffb0 	b	49f0 <_realloc_r+0x1e0>
    4b34:	f9400420 	ldr	x0, [x1, #8]
    4b38:	a94573fb 	ldp	x27, x28, [sp, #80]
    4b3c:	927ef400 	and	x0, x0, #0xfffffffffffffffc
    4b40:	8b0002f7 	add	x23, x23, x0
    4b44:	17ffff9d 	b	49b8 <_realloc_r+0x1a8>
    4b48:	f9400260 	ldr	x0, [x19]
    4b4c:	f90002a0 	str	x0, [x21]
    4b50:	f9400660 	ldr	x0, [x19, #8]
    4b54:	f90006a0 	str	x0, [x21, #8]
    4b58:	f100dc5f 	cmp	x2, #0x37
    4b5c:	540005e8 	b.hi	4c18 <_realloc_r+0x408>  // b.pmore
    4b60:	91004261 	add	x1, x19, #0x10
    4b64:	910042a0 	add	x0, x21, #0x10
    4b68:	17ffff70 	b	4928 <_realloc_r+0x118>
    4b6c:	aa1b03f5 	mov	x21, x27
    4b70:	d10022e2 	sub	x2, x23, #0x8
    4b74:	f8410ea1 	ldr	x1, [x21, #16]!
    4b78:	f9400f60 	ldr	x0, [x27, #24]
    4b7c:	f9000c20 	str	x0, [x1, #24]
    4b80:	f9000801 	str	x1, [x0, #16]
    4b84:	f101205f 	cmp	x2, #0x48
    4b88:	54000408 	b.hi	4c08 <_realloc_r+0x3f8>  // b.pmore
    4b8c:	aa1503e0 	mov	x0, x21
    4b90:	f1009c5f 	cmp	x2, #0x27
    4b94:	54000129 	b.ls	4bb8 <_realloc_r+0x3a8>  // b.plast
    4b98:	f9400260 	ldr	x0, [x19]
    4b9c:	f9000b60 	str	x0, [x27, #16]
    4ba0:	f9400660 	ldr	x0, [x19, #8]
    4ba4:	f9000f60 	str	x0, [x27, #24]
    4ba8:	f100dc5f 	cmp	x2, #0x37
    4bac:	54000648 	b.hi	4c74 <_realloc_r+0x464>  // b.pmore
    4bb0:	91004273 	add	x19, x19, #0x10
    4bb4:	91008360 	add	x0, x27, #0x20
    4bb8:	f9400261 	ldr	x1, [x19]
    4bbc:	f9000001 	str	x1, [x0]
    4bc0:	f9400661 	ldr	x1, [x19, #8]
    4bc4:	f9000401 	str	x1, [x0, #8]
    4bc8:	f9400a61 	ldr	x1, [x19, #16]
    4bcc:	f9000801 	str	x1, [x0, #16]
    4bd0:	aa1b03f9 	mov	x25, x27
    4bd4:	aa1503f3 	mov	x19, x21
    4bd8:	a94573fb 	ldp	x27, x28, [sp, #80]
    4bdc:	aa1a03f7 	mov	x23, x26
    4be0:	17ffff76 	b	49b8 <_realloc_r+0x1a8>
    4be4:	aa1303e1 	mov	x1, x19
    4be8:	97fffdc6 	bl	4300 <memcpy>
    4bec:	17ffff55 	b	4940 <_realloc_r+0x130>
    4bf0:	a9410041 	ldp	x1, x0, [x2, #16]
    4bf4:	f9000c20 	str	x0, [x1, #24]
    4bf8:	aa1b03f5 	mov	x21, x27
    4bfc:	d10022e2 	sub	x2, x23, #0x8
    4c00:	f9000801 	str	x1, [x0, #16]
    4c04:	17ffffdc 	b	4b74 <_realloc_r+0x364>
    4c08:	aa1303e1 	mov	x1, x19
    4c0c:	aa1503e0 	mov	x0, x21
    4c10:	97fffdbc 	bl	4300 <memcpy>
    4c14:	17ffffef 	b	4bd0 <_realloc_r+0x3c0>
    4c18:	f9400a60 	ldr	x0, [x19, #16]
    4c1c:	f9000aa0 	str	x0, [x21, #16]
    4c20:	f9400e60 	ldr	x0, [x19, #24]
    4c24:	f9000ea0 	str	x0, [x21, #24]
    4c28:	f101205f 	cmp	x2, #0x48
    4c2c:	54000400 	b.eq	4cac <_realloc_r+0x49c>  // b.none
    4c30:	91008261 	add	x1, x19, #0x20
    4c34:	910082a0 	add	x0, x21, #0x20
    4c38:	17ffff3c 	b	4928 <_realloc_r+0x118>
    4c3c:	8b140303 	add	x3, x24, x20
    4c40:	cb140041 	sub	x1, x2, x20
    4c44:	f9000b83 	str	x3, [x28, #16]
    4c48:	b2400021 	orr	x1, x1, #0x1
    4c4c:	aa1603e0 	mov	x0, x22
    4c50:	aa1303f5 	mov	x21, x19
    4c54:	f9000461 	str	x1, [x3, #8]
    4c58:	f9400701 	ldr	x1, [x24, #8]
    4c5c:	92400021 	and	x1, x1, #0x1
    4c60:	aa140021 	orr	x1, x1, x20
    4c64:	f9000701 	str	x1, [x24, #8]
    4c68:	97fffd32 	bl	4130 <__malloc_unlock>
    4c6c:	a94573fb 	ldp	x27, x28, [sp, #80]
    4c70:	17ffff60 	b	49f0 <_realloc_r+0x1e0>
    4c74:	f9400a60 	ldr	x0, [x19, #16]
    4c78:	f9001360 	str	x0, [x27, #32]
    4c7c:	f9400e60 	ldr	x0, [x19, #24]
    4c80:	f9001760 	str	x0, [x27, #40]
    4c84:	f101205f 	cmp	x2, #0x48
    4c88:	54000200 	b.eq	4cc8 <_realloc_r+0x4b8>  // b.none
    4c8c:	91008273 	add	x19, x19, #0x20
    4c90:	9100c360 	add	x0, x27, #0x30
    4c94:	17ffffc9 	b	4bb8 <_realloc_r+0x3a8>
    4c98:	aa1603e0 	mov	x0, x22
    4c9c:	d2800015 	mov	x21, #0x0                   	// #0
    4ca0:	97fffd24 	bl	4130 <__malloc_unlock>
    4ca4:	a94573fb 	ldp	x27, x28, [sp, #80]
    4ca8:	17ffff52 	b	49f0 <_realloc_r+0x1e0>
    4cac:	f9401260 	ldr	x0, [x19, #32]
    4cb0:	f90012a0 	str	x0, [x21, #32]
    4cb4:	9100c261 	add	x1, x19, #0x30
    4cb8:	9100c2a0 	add	x0, x21, #0x30
    4cbc:	f9401662 	ldr	x2, [x19, #40]
    4cc0:	f90016a2 	str	x2, [x21, #40]
    4cc4:	17ffff19 	b	4928 <_realloc_r+0x118>
    4cc8:	f9401260 	ldr	x0, [x19, #32]
    4ccc:	f9001b60 	str	x0, [x27, #48]
    4cd0:	9100c273 	add	x19, x19, #0x30
    4cd4:	91010360 	add	x0, x27, #0x40
    4cd8:	f85f8261 	ldur	x1, [x19, #-8]
    4cdc:	f9001f61 	str	x1, [x27, #56]
    4ce0:	17ffffb6 	b	4bb8 <_realloc_r+0x3a8>
    4ce4:	aa1303e1 	mov	x1, x19
    4ce8:	aa1503e0 	mov	x0, x21
    4cec:	97fffd85 	bl	4300 <memcpy>
    4cf0:	17ffff84 	b	4b00 <_realloc_r+0x2f0>
    4cf4:	f9400a60 	ldr	x0, [x19, #16]
    4cf8:	f9001360 	str	x0, [x27, #32]
    4cfc:	f9400e60 	ldr	x0, [x19, #24]
    4d00:	f9001760 	str	x0, [x27, #40]
    4d04:	f101205f 	cmp	x2, #0x48
    4d08:	54000080 	b.eq	4d18 <_realloc_r+0x508>  // b.none
    4d0c:	91008273 	add	x19, x19, #0x20
    4d10:	9100c360 	add	x0, x27, #0x30
    4d14:	17ffff75 	b	4ae8 <_realloc_r+0x2d8>
    4d18:	f9401260 	ldr	x0, [x19, #32]
    4d1c:	f9001b60 	str	x0, [x27, #48]
    4d20:	9100c273 	add	x19, x19, #0x30
    4d24:	91010360 	add	x0, x27, #0x40
    4d28:	f85f8261 	ldur	x1, [x19, #-8]
    4d2c:	f9001f61 	str	x1, [x27, #56]
    4d30:	17ffff6e 	b	4ae8 <_realloc_r+0x2d8>
	...

0000000000004d40 <_malloc_trim_r>:
    4d40:	a9bc7bfd 	stp	x29, x30, [sp, #-64]!
    4d44:	910003fd 	mov	x29, sp
    4d48:	a9025bf5 	stp	x21, x22, [sp, #32]
    4d4c:	90000076 	adrp	x22, 10000 <__sfp_handle_exceptions+0x300>
    4d50:	913282d6 	add	x22, x22, #0xca0
    4d54:	aa0003f5 	mov	x21, x0
    4d58:	a90153f3 	stp	x19, x20, [sp, #16]
    4d5c:	f9001bf7 	str	x23, [sp, #48]
    4d60:	aa0103f7 	mov	x23, x1
    4d64:	97fffcef 	bl	4120 <__malloc_lock>
    4d68:	f9400ac0 	ldr	x0, [x22, #16]
    4d6c:	f9400414 	ldr	x20, [x0, #8]
    4d70:	927ef694 	and	x20, x20, #0xfffffffffffffffc
    4d74:	913f7e93 	add	x19, x20, #0xfdf
    4d78:	cb170273 	sub	x19, x19, x23
    4d7c:	9274ce73 	and	x19, x19, #0xfffffffffffff000
    4d80:	d1400673 	sub	x19, x19, #0x1, lsl #12
    4d84:	f13ffe7f 	cmp	x19, #0xfff
    4d88:	5400010d 	b.le	4da8 <_malloc_trim_r+0x68>
    4d8c:	d2800001 	mov	x1, #0x0                   	// #0
    4d90:	aa1503e0 	mov	x0, x21
    4d94:	97fffb23 	bl	3a20 <_sbrk_r>
    4d98:	f9400ac1 	ldr	x1, [x22, #16]
    4d9c:	8b140021 	add	x1, x1, x20
    4da0:	eb01001f 	cmp	x0, x1
    4da4:	54000120 	b.eq	4dc8 <_malloc_trim_r+0x88>  // b.none
    4da8:	aa1503e0 	mov	x0, x21
    4dac:	97fffce1 	bl	4130 <__malloc_unlock>
    4db0:	a94153f3 	ldp	x19, x20, [sp, #16]
    4db4:	52800000 	mov	w0, #0x0                   	// #0
    4db8:	a9425bf5 	ldp	x21, x22, [sp, #32]
    4dbc:	f9401bf7 	ldr	x23, [sp, #48]
    4dc0:	a8c47bfd 	ldp	x29, x30, [sp], #64
    4dc4:	d65f03c0 	ret
    4dc8:	cb1303e1 	neg	x1, x19
    4dcc:	aa1503e0 	mov	x0, x21
    4dd0:	97fffb14 	bl	3a20 <_sbrk_r>
    4dd4:	b100041f 	cmn	x0, #0x1
    4dd8:	54000220 	b.eq	4e1c <_malloc_trim_r+0xdc>  // b.none
    4ddc:	90001fe2 	adrp	x2, 400000 <__sf+0x10>
    4de0:	cb130294 	sub	x20, x20, x19
    4de4:	f9400ac3 	ldr	x3, [x22, #16]
    4de8:	b2400294 	orr	x20, x20, #0x1
    4dec:	b9422041 	ldr	w1, [x2, #544]
    4df0:	aa1503e0 	mov	x0, x21
    4df4:	4b130021 	sub	w1, w1, w19
    4df8:	f9000474 	str	x20, [x3, #8]
    4dfc:	b9022041 	str	w1, [x2, #544]
    4e00:	97fffccc 	bl	4130 <__malloc_unlock>
    4e04:	a94153f3 	ldp	x19, x20, [sp, #16]
    4e08:	52800020 	mov	w0, #0x1                   	// #1
    4e0c:	a9425bf5 	ldp	x21, x22, [sp, #32]
    4e10:	f9401bf7 	ldr	x23, [sp, #48]
    4e14:	a8c47bfd 	ldp	x29, x30, [sp], #64
    4e18:	d65f03c0 	ret
    4e1c:	d2800001 	mov	x1, #0x0                   	// #0
    4e20:	aa1503e0 	mov	x0, x21
    4e24:	97fffaff 	bl	3a20 <_sbrk_r>
    4e28:	f9400ac2 	ldr	x2, [x22, #16]
    4e2c:	cb020001 	sub	x1, x0, x2
    4e30:	f1007c3f 	cmp	x1, #0x1f
    4e34:	54fffbad 	b.le	4da8 <_malloc_trim_r+0x68>
    4e38:	90000064 	adrp	x4, 10000 <__sfp_handle_exceptions+0x300>
    4e3c:	b2400021 	orr	x1, x1, #0x1
    4e40:	f9000441 	str	x1, [x2, #8]
    4e44:	90001fe3 	adrp	x3, 400000 <__sf+0x10>
    4e48:	f9464881 	ldr	x1, [x4, #3216]
    4e4c:	cb010000 	sub	x0, x0, x1
    4e50:	b9022060 	str	w0, [x3, #544]
    4e54:	17ffffd5 	b	4da8 <_malloc_trim_r+0x68>
	...

0000000000004e60 <_free_r>:
    4e60:	b4000a21 	cbz	x1, 4fa4 <_free_r+0x144>
    4e64:	a9be7bfd 	stp	x29, x30, [sp, #-32]!
    4e68:	910003fd 	mov	x29, sp
    4e6c:	a90153f3 	stp	x19, x20, [sp, #16]
    4e70:	aa0103f3 	mov	x19, x1
    4e74:	aa0003f4 	mov	x20, x0
    4e78:	97fffcaa 	bl	4120 <__malloc_lock>
    4e7c:	f85f8265 	ldur	x5, [x19, #-8]
    4e80:	d1004263 	sub	x3, x19, #0x10
    4e84:	90000060 	adrp	x0, 10000 <__sfp_handle_exceptions+0x300>
    4e88:	91328000 	add	x0, x0, #0xca0
    4e8c:	927ff8a2 	and	x2, x5, #0xfffffffffffffffe
    4e90:	8b020064 	add	x4, x3, x2
    4e94:	f9400806 	ldr	x6, [x0, #16]
    4e98:	f9400481 	ldr	x1, [x4, #8]
    4e9c:	927ef421 	and	x1, x1, #0xfffffffffffffffc
    4ea0:	eb0400df 	cmp	x6, x4
    4ea4:	54000c00 	b.eq	5024 <_free_r+0x1c4>  // b.none
    4ea8:	f9000481 	str	x1, [x4, #8]
    4eac:	8b010086 	add	x6, x4, x1
    4eb0:	37000345 	tbnz	w5, #0, 4f18 <_free_r+0xb8>
    4eb4:	f85f0267 	ldur	x7, [x19, #-16]
    4eb8:	90000065 	adrp	x5, 10000 <__sfp_handle_exceptions+0x300>
    4ebc:	f94004c6 	ldr	x6, [x6, #8]
    4ec0:	cb070063 	sub	x3, x3, x7
    4ec4:	8b070042 	add	x2, x2, x7
    4ec8:	9132c0a5 	add	x5, x5, #0xcb0
    4ecc:	924000c6 	and	x6, x6, #0x1
    4ed0:	f9400867 	ldr	x7, [x3, #16]
    4ed4:	eb0500ff 	cmp	x7, x5
    4ed8:	54000940 	b.eq	5000 <_free_r+0x1a0>  // b.none
    4edc:	f9400c68 	ldr	x8, [x3, #24]
    4ee0:	f9000ce8 	str	x8, [x7, #24]
    4ee4:	f9000907 	str	x7, [x8, #16]
    4ee8:	b50001c6 	cbnz	x6, 4f20 <_free_r+0xc0>
    4eec:	8b010042 	add	x2, x2, x1
    4ef0:	f9400881 	ldr	x1, [x4, #16]
    4ef4:	eb05003f 	cmp	x1, x5
    4ef8:	54000ea0 	b.eq	50cc <_free_r+0x26c>  // b.none
    4efc:	f9400c85 	ldr	x5, [x4, #24]
    4f00:	f9000c25 	str	x5, [x1, #24]
    4f04:	b2400044 	orr	x4, x2, #0x1
    4f08:	f90008a1 	str	x1, [x5, #16]
    4f0c:	f9000464 	str	x4, [x3, #8]
    4f10:	f8226862 	str	x2, [x3, x2]
    4f14:	14000006 	b	4f2c <_free_r+0xcc>
    4f18:	f94004c5 	ldr	x5, [x6, #8]
    4f1c:	360006a5 	tbz	w5, #0, 4ff0 <_free_r+0x190>
    4f20:	b2400041 	orr	x1, x2, #0x1
    4f24:	f9000461 	str	x1, [x3, #8]
    4f28:	f9000082 	str	x2, [x4]
    4f2c:	f107fc5f 	cmp	x2, #0x1ff
    4f30:	540003c9 	b.ls	4fa8 <_free_r+0x148>  // b.plast
    4f34:	d349fc41 	lsr	x1, x2, #9
    4f38:	f127fc5f 	cmp	x2, #0x9ff
    4f3c:	540009c8 	b.hi	5074 <_free_r+0x214>  // b.pmore
    4f40:	d346fc41 	lsr	x1, x2, #6
    4f44:	1100e424 	add	w4, w1, #0x39
    4f48:	1100e025 	add	w5, w1, #0x38
    4f4c:	531f7884 	lsl	w4, w4, #1
    4f50:	937d7c84 	sbfiz	x4, x4, #3, #32
    4f54:	8b040004 	add	x4, x0, x4
    4f58:	f85f0481 	ldr	x1, [x4], #-16
    4f5c:	eb01009f 	cmp	x4, x1
    4f60:	540000a1 	b.ne	4f74 <_free_r+0x114>  // b.any
    4f64:	14000053 	b	50b0 <_free_r+0x250>
    4f68:	f9400821 	ldr	x1, [x1, #16]
    4f6c:	eb01009f 	cmp	x4, x1
    4f70:	540000a0 	b.eq	4f84 <_free_r+0x124>  // b.none
    4f74:	f9400420 	ldr	x0, [x1, #8]
    4f78:	927ef400 	and	x0, x0, #0xfffffffffffffffc
    4f7c:	eb02001f 	cmp	x0, x2
    4f80:	54ffff48 	b.hi	4f68 <_free_r+0x108>  // b.pmore
    4f84:	f9400c24 	ldr	x4, [x1, #24]
    4f88:	a9011061 	stp	x1, x4, [x3, #16]
    4f8c:	aa1403e0 	mov	x0, x20
    4f90:	f9000883 	str	x3, [x4, #16]
    4f94:	f9000c23 	str	x3, [x1, #24]
    4f98:	a94153f3 	ldp	x19, x20, [sp, #16]
    4f9c:	a8c27bfd 	ldp	x29, x30, [sp], #32
    4fa0:	17fffc64 	b	4130 <__malloc_unlock>
    4fa4:	d65f03c0 	ret
    4fa8:	d343fc44 	lsr	x4, x2, #3
    4fac:	d2800022 	mov	x2, #0x1                   	// #1
    4fb0:	11000481 	add	w1, w4, #0x1
    4fb4:	f9400405 	ldr	x5, [x0, #8]
    4fb8:	531f7821 	lsl	w1, w1, #1
    4fbc:	13027c84 	asr	w4, w4, #2
    4fc0:	8b21cc01 	add	x1, x0, w1, sxtw #3
    4fc4:	9ac42042 	lsl	x2, x2, x4
    4fc8:	aa050042 	orr	x2, x2, x5
    4fcc:	f9000402 	str	x2, [x0, #8]
    4fd0:	f85f0420 	ldr	x0, [x1], #-16
    4fd4:	a9010460 	stp	x0, x1, [x3, #16]
    4fd8:	f9000823 	str	x3, [x1, #16]
    4fdc:	f9000c03 	str	x3, [x0, #24]
    4fe0:	aa1403e0 	mov	x0, x20
    4fe4:	a94153f3 	ldp	x19, x20, [sp, #16]
    4fe8:	a8c27bfd 	ldp	x29, x30, [sp], #32
    4fec:	17fffc51 	b	4130 <__malloc_unlock>
    4ff0:	90000065 	adrp	x5, 10000 <__sfp_handle_exceptions+0x300>
    4ff4:	8b010042 	add	x2, x2, x1
    4ff8:	9132c0a5 	add	x5, x5, #0xcb0
    4ffc:	17ffffbd 	b	4ef0 <_free_r+0x90>
    5000:	b5000986 	cbnz	x6, 5130 <_free_r+0x2d0>
    5004:	a9410085 	ldp	x5, x0, [x4, #16]
    5008:	8b020021 	add	x1, x1, x2
    500c:	f9000ca0 	str	x0, [x5, #24]
    5010:	b2400022 	orr	x2, x1, #0x1
    5014:	f9000805 	str	x5, [x0, #16]
    5018:	f9000462 	str	x2, [x3, #8]
    501c:	f8216861 	str	x1, [x3, x1]
    5020:	17fffff0 	b	4fe0 <_free_r+0x180>
    5024:	8b010041 	add	x1, x2, x1
    5028:	370000e5 	tbnz	w5, #0, 5044 <_free_r+0x1e4>
    502c:	f85f0262 	ldur	x2, [x19, #-16]
    5030:	cb020063 	sub	x3, x3, x2
    5034:	8b020021 	add	x1, x1, x2
    5038:	a9410864 	ldp	x4, x2, [x3, #16]
    503c:	f9000c82 	str	x2, [x4, #24]
    5040:	f9000844 	str	x4, [x2, #16]
    5044:	f0000042 	adrp	x2, 10000 <__sfp_handle_exceptions+0x300>
    5048:	b2400024 	orr	x4, x1, #0x1
    504c:	f9000464 	str	x4, [x3, #8]
    5050:	f9464c42 	ldr	x2, [x2, #3224]
    5054:	f9000803 	str	x3, [x0, #16]
    5058:	eb01005f 	cmp	x2, x1
    505c:	54fffc28 	b.hi	4fe0 <_free_r+0x180>  // b.pmore
    5060:	f0001fc1 	adrp	x1, 400000 <__sf+0x10>
    5064:	aa1403e0 	mov	x0, x20
    5068:	f9412c21 	ldr	x1, [x1, #600]
    506c:	97ffff35 	bl	4d40 <_malloc_trim_r>
    5070:	17ffffdc 	b	4fe0 <_free_r+0x180>
    5074:	f100503f 	cmp	x1, #0x14
    5078:	54000129 	b.ls	509c <_free_r+0x23c>  // b.plast
    507c:	f101503f 	cmp	x1, #0x54
    5080:	54000328 	b.hi	50e4 <_free_r+0x284>  // b.pmore
    5084:	d34cfc41 	lsr	x1, x2, #12
    5088:	1101bc24 	add	w4, w1, #0x6f
    508c:	1101b825 	add	w5, w1, #0x6e
    5090:	531f7884 	lsl	w4, w4, #1
    5094:	937d7c84 	sbfiz	x4, x4, #3, #32
    5098:	17ffffaf 	b	4f54 <_free_r+0xf4>
    509c:	11017024 	add	w4, w1, #0x5c
    50a0:	11016c25 	add	w5, w1, #0x5b
    50a4:	531f7884 	lsl	w4, w4, #1
    50a8:	937d7c84 	sbfiz	x4, x4, #3, #32
    50ac:	17ffffaa 	b	4f54 <_free_r+0xf4>
    50b0:	f9400406 	ldr	x6, [x0, #8]
    50b4:	13027ca5 	asr	w5, w5, #2
    50b8:	d2800022 	mov	x2, #0x1                   	// #1
    50bc:	9ac52042 	lsl	x2, x2, x5
    50c0:	aa060042 	orr	x2, x2, x6
    50c4:	f9000402 	str	x2, [x0, #8]
    50c8:	17ffffb0 	b	4f88 <_free_r+0x128>
    50cc:	a9020c03 	stp	x3, x3, [x0, #32]
    50d0:	b2400041 	orr	x1, x2, #0x1
    50d4:	a9009461 	stp	x1, x5, [x3, #8]
    50d8:	f9000c65 	str	x5, [x3, #24]
    50dc:	f8226862 	str	x2, [x3, x2]
    50e0:	17ffffc0 	b	4fe0 <_free_r+0x180>
    50e4:	f105503f 	cmp	x1, #0x154
    50e8:	540000e8 	b.hi	5104 <_free_r+0x2a4>  // b.pmore
    50ec:	d34ffc41 	lsr	x1, x2, #15
    50f0:	1101e024 	add	w4, w1, #0x78
    50f4:	1101dc25 	add	w5, w1, #0x77
    50f8:	531f7884 	lsl	w4, w4, #1
    50fc:	937d7c84 	sbfiz	x4, x4, #3, #32
    5100:	17ffff95 	b	4f54 <_free_r+0xf4>
    5104:	f115503f 	cmp	x1, #0x554
    5108:	540000e8 	b.hi	5124 <_free_r+0x2c4>  // b.pmore
    510c:	d352fc41 	lsr	x1, x2, #18
    5110:	1101f424 	add	w4, w1, #0x7d
    5114:	1101f025 	add	w5, w1, #0x7c
    5118:	531f7884 	lsl	w4, w4, #1
    511c:	937d7c84 	sbfiz	x4, x4, #3, #32
    5120:	17ffff8d 	b	4f54 <_free_r+0xf4>
    5124:	d280fe04 	mov	x4, #0x7f0                 	// #2032
    5128:	52800fc5 	mov	w5, #0x7e                  	// #126
    512c:	17ffff8a 	b	4f54 <_free_r+0xf4>
    5130:	b2400040 	orr	x0, x2, #0x1
    5134:	f9000460 	str	x0, [x3, #8]
    5138:	f9000082 	str	x2, [x4]
    513c:	17ffffa9 	b	4fe0 <_free_r+0x180>

0000000000005140 <_close_r>:
    5140:	a9be7bfd 	stp	x29, x30, [sp, #-32]!
    5144:	910003fd 	mov	x29, sp
    5148:	a90153f3 	stp	x19, x20, [sp, #16]
    514c:	f0001fd4 	adrp	x20, 400000 <__sf+0x10>
    5150:	aa0003f3 	mov	x19, x0
    5154:	b9029e9f 	str	wzr, [x20, #668]
    5158:	2a0103e0 	mov	w0, w1
    515c:	97ffee22 	bl	9e4 <_close>
    5160:	3100041f 	cmn	w0, #0x1
    5164:	54000080 	b.eq	5174 <_close_r+0x34>  // b.none
    5168:	a94153f3 	ldp	x19, x20, [sp, #16]
    516c:	a8c27bfd 	ldp	x29, x30, [sp], #32
    5170:	d65f03c0 	ret
    5174:	b9429e81 	ldr	w1, [x20, #668]
    5178:	34ffff81 	cbz	w1, 5168 <_close_r+0x28>
    517c:	b9000261 	str	w1, [x19]
    5180:	a94153f3 	ldp	x19, x20, [sp, #16]
    5184:	a8c27bfd 	ldp	x29, x30, [sp], #32
    5188:	d65f03c0 	ret
    518c:	00000000 	udf	#0

0000000000005190 <_reclaim_reent>:
    5190:	a9bd7bfd 	stp	x29, x30, [sp, #-48]!
    5194:	90000061 	adrp	x1, 11000 <__malloc_av_+0x360>
    5198:	910003fd 	mov	x29, sp
    519c:	a90153f3 	stp	x19, x20, [sp, #16]
    51a0:	aa0003f4 	mov	x20, x0
    51a4:	f9425820 	ldr	x0, [x1, #1200]
    51a8:	eb14001f 	cmp	x0, x20
    51ac:	54000520 	b.eq	5250 <_reclaim_reent+0xc0>  // b.none
    51b0:	f9403681 	ldr	x1, [x20, #104]
    51b4:	b4000221 	cbz	x1, 51f8 <_reclaim_reent+0x68>
    51b8:	f90013f5 	str	x21, [sp, #32]
    51bc:	d2800015 	mov	x21, #0x0                   	// #0
    51c0:	f8756833 	ldr	x19, [x1, x21]
    51c4:	b40000f3 	cbz	x19, 51e0 <_reclaim_reent+0x50>
    51c8:	aa1303e1 	mov	x1, x19
    51cc:	aa1403e0 	mov	x0, x20
    51d0:	f9400273 	ldr	x19, [x19]
    51d4:	97ffff23 	bl	4e60 <_free_r>
    51d8:	b5ffff93 	cbnz	x19, 51c8 <_reclaim_reent+0x38>
    51dc:	f9403681 	ldr	x1, [x20, #104]
    51e0:	910022b5 	add	x21, x21, #0x8
    51e4:	f10802bf 	cmp	x21, #0x200
    51e8:	54fffec1 	b.ne	51c0 <_reclaim_reent+0x30>  // b.any
    51ec:	aa1403e0 	mov	x0, x20
    51f0:	97ffff1c 	bl	4e60 <_free_r>
    51f4:	f94013f5 	ldr	x21, [sp, #32]
    51f8:	f9402a81 	ldr	x1, [x20, #80]
    51fc:	b4000061 	cbz	x1, 5208 <_reclaim_reent+0x78>
    5200:	aa1403e0 	mov	x0, x20
    5204:	97ffff17 	bl	4e60 <_free_r>
    5208:	f9403293 	ldr	x19, [x20, #96]
    520c:	b40000d3 	cbz	x19, 5224 <_reclaim_reent+0x94>
    5210:	aa1303e1 	mov	x1, x19
    5214:	aa1403e0 	mov	x0, x20
    5218:	f9400273 	ldr	x19, [x19]
    521c:	97ffff11 	bl	4e60 <_free_r>
    5220:	b5ffff93 	cbnz	x19, 5210 <_reclaim_reent+0x80>
    5224:	f9403e81 	ldr	x1, [x20, #120]
    5228:	b4000061 	cbz	x1, 5234 <_reclaim_reent+0xa4>
    522c:	aa1403e0 	mov	x0, x20
    5230:	97ffff0c 	bl	4e60 <_free_r>
    5234:	f9402681 	ldr	x1, [x20, #72]
    5238:	b40000c1 	cbz	x1, 5250 <_reclaim_reent+0xc0>
    523c:	aa1403e0 	mov	x0, x20
    5240:	aa0103f0 	mov	x16, x1
    5244:	a94153f3 	ldp	x19, x20, [sp, #16]
    5248:	a8c37bfd 	ldp	x29, x30, [sp], #48
    524c:	d61f0200 	br	x16
    5250:	a94153f3 	ldp	x19, x20, [sp, #16]
    5254:	a8c37bfd 	ldp	x29, x30, [sp], #48
    5258:	d65f03c0 	ret
    525c:	00000000 	udf	#0

0000000000005260 <_fclose_r>:
    5260:	a9bd7bfd 	stp	x29, x30, [sp, #-48]!
    5264:	910003fd 	mov	x29, sp
    5268:	f90013f5 	str	x21, [sp, #32]
    526c:	b4000661 	cbz	x1, 5338 <_fclose_r+0xd8>
    5270:	a90153f3 	stp	x19, x20, [sp, #16]
    5274:	aa0103f3 	mov	x19, x1
    5278:	aa0003f4 	mov	x20, x0
    527c:	b4000060 	cbz	x0, 5288 <_fclose_r+0x28>
    5280:	f9402401 	ldr	x1, [x0, #72]
    5284:	b4000641 	cbz	x1, 534c <_fclose_r+0xec>
    5288:	b940b260 	ldr	w0, [x19, #176]
    528c:	79c02261 	ldrsh	w1, [x19, #16]
    5290:	37000500 	tbnz	w0, #0, 5330 <_fclose_r+0xd0>
    5294:	36480601 	tbz	w1, #9, 5354 <_fclose_r+0xf4>
    5298:	aa1303e1 	mov	x1, x19
    529c:	aa1403e0 	mov	x0, x20
    52a0:	94000080 	bl	54a0 <__sflush_r>
    52a4:	2a0003f5 	mov	w21, w0
    52a8:	f9402a62 	ldr	x2, [x19, #80]
    52ac:	b40000c2 	cbz	x2, 52c4 <_fclose_r+0x64>
    52b0:	f9401a61 	ldr	x1, [x19, #48]
    52b4:	aa1403e0 	mov	x0, x20
    52b8:	d63f0040 	blr	x2
    52bc:	7100001f 	cmp	w0, #0x0
    52c0:	5a9fa2b5 	csinv	w21, w21, wzr, ge	// ge = tcont
    52c4:	79402260 	ldrh	w0, [x19, #16]
    52c8:	37380620 	tbnz	w0, #7, 538c <_fclose_r+0x12c>
    52cc:	f9402e61 	ldr	x1, [x19, #88]
    52d0:	b40000e1 	cbz	x1, 52ec <_fclose_r+0x8c>
    52d4:	9101d260 	add	x0, x19, #0x74
    52d8:	eb00003f 	cmp	x1, x0
    52dc:	54000060 	b.eq	52e8 <_fclose_r+0x88>  // b.none
    52e0:	aa1403e0 	mov	x0, x20
    52e4:	97fffedf 	bl	4e60 <_free_r>
    52e8:	f9002e7f 	str	xzr, [x19, #88]
    52ec:	f9403e61 	ldr	x1, [x19, #120]
    52f0:	b4000081 	cbz	x1, 5300 <_fclose_r+0xa0>
    52f4:	aa1403e0 	mov	x0, x20
    52f8:	97fffeda 	bl	4e60 <_free_r>
    52fc:	f9003e7f 	str	xzr, [x19, #120]
    5300:	97fff694 	bl	2d50 <__sfp_lock_acquire>
    5304:	7900227f 	strh	wzr, [x19, #16]
    5308:	b940b260 	ldr	w0, [x19, #176]
    530c:	360003a0 	tbz	w0, #0, 5380 <_fclose_r+0x120>
    5310:	f9405260 	ldr	x0, [x19, #160]
    5314:	97fffb97 	bl	4170 <__retarget_lock_close_recursive>
    5318:	97fff692 	bl	2d60 <__sfp_lock_release>
    531c:	a94153f3 	ldp	x19, x20, [sp, #16]
    5320:	2a1503e0 	mov	w0, w21
    5324:	f94013f5 	ldr	x21, [sp, #32]
    5328:	a8c37bfd 	ldp	x29, x30, [sp], #48
    532c:	d65f03c0 	ret
    5330:	35fffb41 	cbnz	w1, 5298 <_fclose_r+0x38>
    5334:	a94153f3 	ldp	x19, x20, [sp, #16]
    5338:	52800015 	mov	w21, #0x0                   	// #0
    533c:	2a1503e0 	mov	w0, w21
    5340:	f94013f5 	ldr	x21, [sp, #32]
    5344:	a8c37bfd 	ldp	x29, x30, [sp], #48
    5348:	d65f03c0 	ret
    534c:	97fff665 	bl	2ce0 <__sinit>
    5350:	17ffffce 	b	5288 <_fclose_r+0x28>
    5354:	f9405260 	ldr	x0, [x19, #160]
    5358:	97fffb8e 	bl	4190 <__retarget_lock_acquire_recursive>
    535c:	79c02260 	ldrsh	w0, [x19, #16]
    5360:	35fff9c0 	cbnz	w0, 5298 <_fclose_r+0x38>
    5364:	b940b260 	ldr	w0, [x19, #176]
    5368:	3707fe60 	tbnz	w0, #0, 5334 <_fclose_r+0xd4>
    536c:	f9405260 	ldr	x0, [x19, #160]
    5370:	52800015 	mov	w21, #0x0                   	// #0
    5374:	97fffb97 	bl	41d0 <__retarget_lock_release_recursive>
    5378:	a94153f3 	ldp	x19, x20, [sp, #16]
    537c:	17fffff0 	b	533c <_fclose_r+0xdc>
    5380:	f9405260 	ldr	x0, [x19, #160]
    5384:	97fffb93 	bl	41d0 <__retarget_lock_release_recursive>
    5388:	17ffffe2 	b	5310 <_fclose_r+0xb0>
    538c:	f9400e61 	ldr	x1, [x19, #24]
    5390:	aa1403e0 	mov	x0, x20
    5394:	97fffeb3 	bl	4e60 <_free_r>
    5398:	17ffffcd 	b	52cc <_fclose_r+0x6c>
    539c:	00000000 	udf	#0

00000000000053a0 <fclose>:
    53a0:	90000062 	adrp	x2, 11000 <__malloc_av_+0x360>
    53a4:	aa0003e1 	mov	x1, x0
    53a8:	f9425840 	ldr	x0, [x2, #1200]
    53ac:	17ffffad 	b	5260 <_fclose_r>

00000000000053b0 <_fiprintf_r>:
    53b0:	a9b07bfd 	stp	x29, x30, [sp, #-256]!
    53b4:	128004e9 	mov	w9, #0xffffffd8            	// #-40
    53b8:	12800fe8 	mov	w8, #0xffffff80            	// #-128
    53bc:	910003fd 	mov	x29, sp
    53c0:	910343ea 	add	x10, sp, #0xd0
    53c4:	910403eb 	add	x11, sp, #0x100
    53c8:	a9032feb 	stp	x11, x11, [sp, #48]
    53cc:	f90023ea 	str	x10, [sp, #64]
    53d0:	290923e9 	stp	w9, w8, [sp, #72]
    53d4:	3d8017e0 	str	q0, [sp, #80]
    53d8:	ad41c3e0 	ldp	q0, q16, [sp, #48]
    53dc:	3d801be1 	str	q1, [sp, #96]
    53e0:	3d801fe2 	str	q2, [sp, #112]
    53e4:	ad00c3e0 	stp	q0, q16, [sp, #16]
    53e8:	3d8023e3 	str	q3, [sp, #128]
    53ec:	3d8027e4 	str	q4, [sp, #144]
    53f0:	3d802be5 	str	q5, [sp, #160]
    53f4:	3d802fe6 	str	q6, [sp, #176]
    53f8:	3d8033e7 	str	q7, [sp, #192]
    53fc:	a90d93e3 	stp	x3, x4, [sp, #216]
    5400:	910043e3 	add	x3, sp, #0x10
    5404:	a90e9be5 	stp	x5, x6, [sp, #232]
    5408:	f9007fe7 	str	x7, [sp, #248]
    540c:	94000eb1 	bl	8ed0 <_vfiprintf_r>
    5410:	a8d07bfd 	ldp	x29, x30, [sp], #256
    5414:	d65f03c0 	ret
	...

0000000000005420 <fiprintf>:
    5420:	a9b07bfd 	stp	x29, x30, [sp, #-256]!
    5424:	128005eb 	mov	w11, #0xffffffd0            	// #-48
    5428:	12800fea 	mov	w10, #0xffffff80            	// #-128
    542c:	910003fd 	mov	x29, sp
    5430:	910403ec 	add	x12, sp, #0x100
    5434:	910343e8 	add	x8, sp, #0xd0
    5438:	90000069 	adrp	x9, 11000 <__malloc_av_+0x360>
    543c:	a90333ec 	stp	x12, x12, [sp, #48]
    5440:	f90023e8 	str	x8, [sp, #64]
    5444:	aa0103e8 	mov	x8, x1
    5448:	29092beb 	stp	w11, w10, [sp, #72]
    544c:	aa0003e1 	mov	x1, x0
    5450:	f9425920 	ldr	x0, [x9, #1200]
    5454:	3d8017e0 	str	q0, [sp, #80]
    5458:	ad41c3e0 	ldp	q0, q16, [sp, #48]
    545c:	3d801be1 	str	q1, [sp, #96]
    5460:	3d801fe2 	str	q2, [sp, #112]
    5464:	ad00c3e0 	stp	q0, q16, [sp, #16]
    5468:	3d8023e3 	str	q3, [sp, #128]
    546c:	3d8027e4 	str	q4, [sp, #144]
    5470:	3d802be5 	str	q5, [sp, #160]
    5474:	3d802fe6 	str	q6, [sp, #176]
    5478:	3d8033e7 	str	q7, [sp, #192]
    547c:	a90d0fe2 	stp	x2, x3, [sp, #208]
    5480:	910043e3 	add	x3, sp, #0x10
    5484:	aa0803e2 	mov	x2, x8
    5488:	a90e17e4 	stp	x4, x5, [sp, #224]
    548c:	a90f1fe6 	stp	x6, x7, [sp, #240]
    5490:	94000e90 	bl	8ed0 <_vfiprintf_r>
    5494:	a8d07bfd 	ldp	x29, x30, [sp], #256
    5498:	d65f03c0 	ret
    549c:	00000000 	udf	#0

00000000000054a0 <__sflush_r>:
    54a0:	a9bd7bfd 	stp	x29, x30, [sp, #-48]!
    54a4:	910003fd 	mov	x29, sp
    54a8:	79c02022 	ldrsh	w2, [x1, #16]
    54ac:	a90153f3 	stp	x19, x20, [sp, #16]
    54b0:	aa0103f3 	mov	x19, x1
    54b4:	a9025bf5 	stp	x21, x22, [sp, #32]
    54b8:	aa0003f6 	mov	x22, x0
    54bc:	371807e2 	tbnz	w2, #3, 55b8 <__sflush_r+0x118>
    54c0:	32150040 	orr	w0, w2, #0x800
    54c4:	79002020 	strh	w0, [x1, #16]
    54c8:	b9400821 	ldr	w1, [x1, #8]
    54cc:	7100003f 	cmp	w1, #0x0
    54d0:	54000b8d 	b.le	5640 <__sflush_r+0x1a0>
    54d4:	f9402664 	ldr	x4, [x19, #72]
    54d8:	b4000664 	cbz	x4, 55a4 <__sflush_r+0x104>
    54dc:	f9401a61 	ldr	x1, [x19, #48]
    54e0:	b94002d4 	ldr	w20, [x22]
    54e4:	b90002df 	str	wzr, [x22]
    54e8:	37600b62 	tbnz	w2, #12, 5654 <__sflush_r+0x1b4>
    54ec:	d2800002 	mov	x2, #0x0                   	// #0
    54f0:	aa1603e0 	mov	x0, x22
    54f4:	52800023 	mov	w3, #0x1                   	// #1
    54f8:	d63f0080 	blr	x4
    54fc:	aa0003e2 	mov	x2, x0
    5500:	b100041f 	cmn	x0, #0x1
    5504:	54000be0 	b.eq	5680 <__sflush_r+0x1e0>  // b.none
    5508:	f9401a61 	ldr	x1, [x19, #48]
    550c:	f9402664 	ldr	x4, [x19, #72]
    5510:	79c02260 	ldrsh	w0, [x19, #16]
    5514:	361000e0 	tbz	w0, #2, 5530 <__sflush_r+0x90>
    5518:	f9402e60 	ldr	x0, [x19, #88]
    551c:	b9800a63 	ldrsw	x3, [x19, #8]
    5520:	cb030042 	sub	x2, x2, x3
    5524:	b4000060 	cbz	x0, 5530 <__sflush_r+0x90>
    5528:	b9807260 	ldrsw	x0, [x19, #112]
    552c:	cb000042 	sub	x2, x2, x0
    5530:	aa1603e0 	mov	x0, x22
    5534:	52800003 	mov	w3, #0x0                   	// #0
    5538:	d63f0080 	blr	x4
    553c:	b100041f 	cmn	x0, #0x1
    5540:	540008e1 	b.ne	565c <__sflush_r+0x1bc>  // b.any
    5544:	b94002c3 	ldr	w3, [x22]
    5548:	79c02261 	ldrsh	w1, [x19, #16]
    554c:	7100747f 	cmp	w3, #0x1d
    5550:	540006a8 	b.hi	5624 <__sflush_r+0x184>  // b.pmore
    5554:	d2800022 	mov	x2, #0x1                   	// #1
    5558:	f2a40802 	movk	x2, #0x2040, lsl #16
    555c:	9ac32442 	lsr	x2, x2, x3
    5560:	36000622 	tbz	w2, #0, 5624 <__sflush_r+0x184>
    5564:	f9400e64 	ldr	x4, [x19, #24]
    5568:	12147822 	and	w2, w1, #0xfffff7ff
    556c:	f9000264 	str	x4, [x19]
    5570:	b9000a7f 	str	wzr, [x19, #8]
    5574:	79002262 	strh	w2, [x19, #16]
    5578:	36600041 	tbz	w1, #12, 5580 <__sflush_r+0xe0>
    557c:	340007e3 	cbz	w3, 5678 <__sflush_r+0x1d8>
    5580:	f9402e61 	ldr	x1, [x19, #88]
    5584:	b90002d4 	str	w20, [x22]
    5588:	b40000e1 	cbz	x1, 55a4 <__sflush_r+0x104>
    558c:	9101d260 	add	x0, x19, #0x74
    5590:	eb00003f 	cmp	x1, x0
    5594:	54000060 	b.eq	55a0 <__sflush_r+0x100>  // b.none
    5598:	aa1603e0 	mov	x0, x22
    559c:	97fffe31 	bl	4e60 <_free_r>
    55a0:	f9002e7f 	str	xzr, [x19, #88]
    55a4:	52800000 	mov	w0, #0x0                   	// #0
    55a8:	a94153f3 	ldp	x19, x20, [sp, #16]
    55ac:	a9425bf5 	ldp	x21, x22, [sp, #32]
    55b0:	a8c37bfd 	ldp	x29, x30, [sp], #48
    55b4:	d65f03c0 	ret
    55b8:	f9400c35 	ldr	x21, [x1, #24]
    55bc:	b4ffff55 	cbz	x21, 55a4 <__sflush_r+0x104>
    55c0:	f9400021 	ldr	x1, [x1]
    55c4:	f9000275 	str	x21, [x19]
    55c8:	52800000 	mov	w0, #0x0                   	// #0
    55cc:	cb150021 	sub	x1, x1, x21
    55d0:	2a0103f4 	mov	w20, w1
    55d4:	f240045f 	tst	x2, #0x3
    55d8:	54000041 	b.ne	55e0 <__sflush_r+0x140>  // b.any
    55dc:	b9402260 	ldr	w0, [x19, #32]
    55e0:	b9000e60 	str	w0, [x19, #12]
    55e4:	7100003f 	cmp	w1, #0x0
    55e8:	540000ac 	b.gt	55fc <__sflush_r+0x15c>
    55ec:	17ffffee 	b	55a4 <__sflush_r+0x104>
    55f0:	8b20c2b5 	add	x21, x21, w0, sxtw
    55f4:	7100029f 	cmp	w20, #0x0
    55f8:	54fffd6d 	b.le	55a4 <__sflush_r+0x104>
    55fc:	f9401a61 	ldr	x1, [x19, #48]
    5600:	2a1403e3 	mov	w3, w20
    5604:	f9402264 	ldr	x4, [x19, #64]
    5608:	aa1503e2 	mov	x2, x21
    560c:	aa1603e0 	mov	x0, x22
    5610:	d63f0080 	blr	x4
    5614:	4b000294 	sub	w20, w20, w0
    5618:	7100001f 	cmp	w0, #0x0
    561c:	54fffeac 	b.gt	55f0 <__sflush_r+0x150>
    5620:	79c02261 	ldrsh	w1, [x19, #16]
    5624:	321a0021 	orr	w1, w1, #0x40
    5628:	79002261 	strh	w1, [x19, #16]
    562c:	a94153f3 	ldp	x19, x20, [sp, #16]
    5630:	12800000 	mov	w0, #0xffffffff            	// #-1
    5634:	a9425bf5 	ldp	x21, x22, [sp, #32]
    5638:	a8c37bfd 	ldp	x29, x30, [sp], #48
    563c:	d65f03c0 	ret
    5640:	b9407261 	ldr	w1, [x19, #112]
    5644:	7100003f 	cmp	w1, #0x0
    5648:	54fff46c 	b.gt	54d4 <__sflush_r+0x34>
    564c:	52800000 	mov	w0, #0x0                   	// #0
    5650:	17ffffd6 	b	55a8 <__sflush_r+0x108>
    5654:	f9404a62 	ldr	x2, [x19, #144]
    5658:	17ffffaf 	b	5514 <__sflush_r+0x74>
    565c:	79c02261 	ldrsh	w1, [x19, #16]
    5660:	f9400e63 	ldr	x3, [x19, #24]
    5664:	12147822 	and	w2, w1, #0xfffff7ff
    5668:	f9000263 	str	x3, [x19]
    566c:	b9000a7f 	str	wzr, [x19, #8]
    5670:	79002262 	strh	w2, [x19, #16]
    5674:	3667f861 	tbz	w1, #12, 5580 <__sflush_r+0xe0>
    5678:	f9004a60 	str	x0, [x19, #144]
    567c:	17ffffc1 	b	5580 <__sflush_r+0xe0>
    5680:	b94002c0 	ldr	w0, [x22]
    5684:	34fff420 	cbz	w0, 5508 <__sflush_r+0x68>
    5688:	7100741f 	cmp	w0, #0x1d
    568c:	7a561804 	ccmp	w0, #0x16, #0x4, ne	// ne = any
    5690:	54fffc81 	b.ne	5620 <__sflush_r+0x180>  // b.any
    5694:	52800000 	mov	w0, #0x0                   	// #0
    5698:	b90002d4 	str	w20, [x22]
    569c:	17ffffc3 	b	55a8 <__sflush_r+0x108>

00000000000056a0 <_fflush_r>:
    56a0:	a9bd7bfd 	stp	x29, x30, [sp, #-48]!
    56a4:	910003fd 	mov	x29, sp
    56a8:	a90153f3 	stp	x19, x20, [sp, #16]
    56ac:	aa0103f3 	mov	x19, x1
    56b0:	aa0003f4 	mov	x20, x0
    56b4:	f90013f5 	str	x21, [sp, #32]
    56b8:	b4000060 	cbz	x0, 56c4 <_fflush_r+0x24>
    56bc:	f9402401 	ldr	x1, [x0, #72]
    56c0:	b4000481 	cbz	x1, 5750 <_fflush_r+0xb0>
    56c4:	79c02260 	ldrsh	w0, [x19, #16]
    56c8:	52800015 	mov	w21, #0x0                   	// #0
    56cc:	34000180 	cbz	w0, 56fc <_fflush_r+0x5c>
    56d0:	b940b261 	ldr	w1, [x19, #176]
    56d4:	37000041 	tbnz	w1, #0, 56dc <_fflush_r+0x3c>
    56d8:	364801c0 	tbz	w0, #9, 5710 <_fflush_r+0x70>
    56dc:	aa1303e1 	mov	x1, x19
    56e0:	aa1403e0 	mov	x0, x20
    56e4:	97ffff6f 	bl	54a0 <__sflush_r>
    56e8:	2a0003f5 	mov	w21, w0
    56ec:	b940b261 	ldr	w1, [x19, #176]
    56f0:	37000061 	tbnz	w1, #0, 56fc <_fflush_r+0x5c>
    56f4:	79402260 	ldrh	w0, [x19, #16]
    56f8:	364801e0 	tbz	w0, #9, 5734 <_fflush_r+0x94>
    56fc:	a94153f3 	ldp	x19, x20, [sp, #16]
    5700:	2a1503e0 	mov	w0, w21
    5704:	f94013f5 	ldr	x21, [sp, #32]
    5708:	a8c37bfd 	ldp	x29, x30, [sp], #48
    570c:	d65f03c0 	ret
    5710:	f9405260 	ldr	x0, [x19, #160]
    5714:	97fffa9f 	bl	4190 <__retarget_lock_acquire_recursive>
    5718:	aa1303e1 	mov	x1, x19
    571c:	aa1403e0 	mov	x0, x20
    5720:	97ffff60 	bl	54a0 <__sflush_r>
    5724:	2a0003f5 	mov	w21, w0
    5728:	b940b261 	ldr	w1, [x19, #176]
    572c:	3707fe81 	tbnz	w1, #0, 56fc <_fflush_r+0x5c>
    5730:	17fffff1 	b	56f4 <_fflush_r+0x54>
    5734:	f9405260 	ldr	x0, [x19, #160]
    5738:	97fffaa6 	bl	41d0 <__retarget_lock_release_recursive>
    573c:	a94153f3 	ldp	x19, x20, [sp, #16]
    5740:	2a1503e0 	mov	w0, w21
    5744:	f94013f5 	ldr	x21, [sp, #32]
    5748:	a8c37bfd 	ldp	x29, x30, [sp], #48
    574c:	d65f03c0 	ret
    5750:	97fff564 	bl	2ce0 <__sinit>
    5754:	17ffffdc 	b	56c4 <_fflush_r+0x24>
	...

0000000000005760 <fflush>:
    5760:	b40004e0 	cbz	x0, 57fc <fflush+0x9c>
    5764:	a9bd7bfd 	stp	x29, x30, [sp, #-48]!
    5768:	910003fd 	mov	x29, sp
    576c:	a90153f3 	stp	x19, x20, [sp, #16]
    5770:	aa0003f3 	mov	x19, x0
    5774:	90000060 	adrp	x0, 11000 <__malloc_av_+0x360>
    5778:	f90013f5 	str	x21, [sp, #32]
    577c:	f9425815 	ldr	x21, [x0, #1200]
    5780:	b4000075 	cbz	x21, 578c <fflush+0x2c>
    5784:	f94026a0 	ldr	x0, [x21, #72]
    5788:	b4000280 	cbz	x0, 57d8 <fflush+0x78>
    578c:	79c02260 	ldrsh	w0, [x19, #16]
    5790:	52800014 	mov	w20, #0x0                   	// #0
    5794:	34000180 	cbz	w0, 57c4 <fflush+0x64>
    5798:	b940b261 	ldr	w1, [x19, #176]
    579c:	37000041 	tbnz	w1, #0, 57a4 <fflush+0x44>
    57a0:	36480220 	tbz	w0, #9, 57e4 <fflush+0x84>
    57a4:	aa1303e1 	mov	x1, x19
    57a8:	aa1503e0 	mov	x0, x21
    57ac:	97ffff3d 	bl	54a0 <__sflush_r>
    57b0:	2a0003f4 	mov	w20, w0
    57b4:	b940b261 	ldr	w1, [x19, #176]
    57b8:	37000061 	tbnz	w1, #0, 57c4 <fflush+0x64>
    57bc:	79402260 	ldrh	w0, [x19, #16]
    57c0:	36480180 	tbz	w0, #9, 57f0 <fflush+0x90>
    57c4:	f94013f5 	ldr	x21, [sp, #32]
    57c8:	2a1403e0 	mov	w0, w20
    57cc:	a94153f3 	ldp	x19, x20, [sp, #16]
    57d0:	a8c37bfd 	ldp	x29, x30, [sp], #48
    57d4:	d65f03c0 	ret
    57d8:	aa1503e0 	mov	x0, x21
    57dc:	97fff541 	bl	2ce0 <__sinit>
    57e0:	17ffffeb 	b	578c <fflush+0x2c>
    57e4:	f9405260 	ldr	x0, [x19, #160]
    57e8:	97fffa6a 	bl	4190 <__retarget_lock_acquire_recursive>
    57ec:	17ffffee 	b	57a4 <fflush+0x44>
    57f0:	f9405260 	ldr	x0, [x19, #160]
    57f4:	97fffa77 	bl	41d0 <__retarget_lock_release_recursive>
    57f8:	17fffff3 	b	57c4 <fflush+0x64>
    57fc:	f0000042 	adrp	x2, 10000 <__sfp_handle_exceptions+0x300>
    5800:	90000001 	adrp	x1, 5000 <_free_r+0x1a0>
    5804:	90000060 	adrp	x0, 11000 <__malloc_av_+0x360>
    5808:	9131e042 	add	x2, x2, #0xc78
    580c:	911a8021 	add	x1, x1, #0x6a0
    5810:	9112e000 	add	x0, x0, #0x4b8
    5814:	17fff9cf 	b	3f50 <_fwalk_sglue>
	...

0000000000005840 <memset>:
    5840:	d503245f 	bti	c
    5844:	4e010c20 	dup	v0.16b, w1
    5848:	8b020004 	add	x4, x0, x2
    584c:	f101805f 	cmp	x2, #0x60
    5850:	54000388 	b.hi	58c0 <memset+0x80>  // b.pmore
    5854:	f100405f 	cmp	x2, #0x10
    5858:	540001e2 	b.cs	5894 <memset+0x54>  // b.hs, b.nlast
    585c:	4e083c01 	mov	x1, v0.d[0]
    5860:	36180082 	tbz	w2, #3, 5870 <memset+0x30>
    5864:	f9000001 	str	x1, [x0]
    5868:	f81f8081 	stur	x1, [x4, #-8]
    586c:	d65f03c0 	ret
    5870:	36100082 	tbz	w2, #2, 5880 <memset+0x40>
    5874:	b9000001 	str	w1, [x0]
    5878:	b81fc081 	stur	w1, [x4, #-4]
    587c:	d65f03c0 	ret
    5880:	b4000082 	cbz	x2, 5890 <memset+0x50>
    5884:	39000001 	strb	w1, [x0]
    5888:	36080042 	tbz	w2, #1, 5890 <memset+0x50>
    588c:	781fe081 	sturh	w1, [x4, #-2]
    5890:	d65f03c0 	ret
    5894:	3d800000 	str	q0, [x0]
    5898:	373000c2 	tbnz	w2, #6, 58b0 <memset+0x70>
    589c:	3c9f0080 	stur	q0, [x4, #-16]
    58a0:	36280062 	tbz	w2, #5, 58ac <memset+0x6c>
    58a4:	3d800400 	str	q0, [x0, #16]
    58a8:	3c9e0080 	stur	q0, [x4, #-32]
    58ac:	d65f03c0 	ret
    58b0:	3d800400 	str	q0, [x0, #16]
    58b4:	ad010000 	stp	q0, q0, [x0, #32]
    58b8:	ad3f0080 	stp	q0, q0, [x4, #-32]
    58bc:	d65f03c0 	ret
    58c0:	12001c21 	and	w1, w1, #0xff
    58c4:	927cec03 	and	x3, x0, #0xfffffffffffffff0
    58c8:	3d800000 	str	q0, [x0]
    58cc:	f102805f 	cmp	x2, #0xa0
    58d0:	7a402820 	ccmp	w1, #0x0, #0x0, cs	// cs = hs, nlast
    58d4:	54000241 	b.ne	591c <memset+0xdc>  // b.any
    58d8:	d53b00e5 	mrs	x5, dczid_el0
    58dc:	924010a5 	and	x5, x5, #0x1f
    58e0:	f10010bf 	cmp	x5, #0x4
    58e4:	540001c1 	b.ne	591c <memset+0xdc>  // b.any
    58e8:	3d800460 	str	q0, [x3, #16]
    58ec:	ad010060 	stp	q0, q0, [x3, #32]
    58f0:	927ae463 	and	x3, x3, #0xffffffffffffffc0
    58f4:	cb030082 	sub	x2, x4, x3
    58f8:	d1020042 	sub	x2, x2, #0x80
    58fc:	d503201f 	nop
    5900:	91010063 	add	x3, x3, #0x40
    5904:	d50b7423 	dc	zva, x3
    5908:	f1010042 	subs	x2, x2, #0x40
    590c:	54ffffa8 	b.hi	5900 <memset+0xc0>  // b.pmore
    5910:	ad3e0080 	stp	q0, q0, [x4, #-64]
    5914:	ad3f0080 	stp	q0, q0, [x4, #-32]
    5918:	d65f03c0 	ret
    591c:	cb030082 	sub	x2, x4, x3
    5920:	d1004063 	sub	x3, x3, #0x10
    5924:	d1014042 	sub	x2, x2, #0x50
    5928:	ad010060 	stp	q0, q0, [x3, #32]
    592c:	ad820060 	stp	q0, q0, [x3, #64]!
    5930:	f1010042 	subs	x2, x2, #0x40
    5934:	54ffffa8 	b.hi	5928 <memset+0xe8>  // b.pmore
    5938:	ad3e0080 	stp	q0, q0, [x4, #-64]
    593c:	ad3f0080 	stp	q0, q0, [x4, #-32]
    5940:	d65f03c0 	ret
	...

0000000000005950 <_fstat_r>:
    5950:	a9be7bfd 	stp	x29, x30, [sp, #-32]!
    5954:	910003fd 	mov	x29, sp
    5958:	a90153f3 	stp	x19, x20, [sp, #16]
    595c:	f0001fd4 	adrp	x20, 400000 <__sf+0x10>
    5960:	aa0003f3 	mov	x19, x0
    5964:	b9029e9f 	str	wzr, [x20, #668]
    5968:	2a0103e0 	mov	w0, w1
    596c:	aa0203e1 	mov	x1, x2
    5970:	97ffec20 	bl	9f0 <_fstat>
    5974:	3100041f 	cmn	w0, #0x1
    5978:	54000080 	b.eq	5988 <_fstat_r+0x38>  // b.none
    597c:	a94153f3 	ldp	x19, x20, [sp, #16]
    5980:	a8c27bfd 	ldp	x29, x30, [sp], #32
    5984:	d65f03c0 	ret
    5988:	b9429e81 	ldr	w1, [x20, #668]
    598c:	34ffff81 	cbz	w1, 597c <_fstat_r+0x2c>
    5990:	b9000261 	str	w1, [x19]
    5994:	a94153f3 	ldp	x19, x20, [sp, #16]
    5998:	a8c27bfd 	ldp	x29, x30, [sp], #32
    599c:	d65f03c0 	ret

00000000000059a0 <_isatty_r>:
    59a0:	a9be7bfd 	stp	x29, x30, [sp, #-32]!
    59a4:	910003fd 	mov	x29, sp
    59a8:	a90153f3 	stp	x19, x20, [sp, #16]
    59ac:	f0001fd4 	adrp	x20, 400000 <__sf+0x10>
    59b0:	aa0003f3 	mov	x19, x0
    59b4:	b9029e9f 	str	wzr, [x20, #668]
    59b8:	2a0103e0 	mov	w0, w1
    59bc:	97ffec11 	bl	a00 <_isatty>
    59c0:	3100041f 	cmn	w0, #0x1
    59c4:	54000080 	b.eq	59d4 <_isatty_r+0x34>  // b.none
    59c8:	a94153f3 	ldp	x19, x20, [sp, #16]
    59cc:	a8c27bfd 	ldp	x29, x30, [sp], #32
    59d0:	d65f03c0 	ret
    59d4:	b9429e81 	ldr	w1, [x20, #668]
    59d8:	34ffff81 	cbz	w1, 59c8 <_isatty_r+0x28>
    59dc:	b9000261 	str	w1, [x19]
    59e0:	a94153f3 	ldp	x19, x20, [sp, #16]
    59e4:	a8c27bfd 	ldp	x29, x30, [sp], #32
    59e8:	d65f03c0 	ret
    59ec:	00000000 	udf	#0

00000000000059f0 <_lseek_r>:
    59f0:	a9be7bfd 	stp	x29, x30, [sp, #-32]!
    59f4:	910003fd 	mov	x29, sp
    59f8:	a90153f3 	stp	x19, x20, [sp, #16]
    59fc:	f0001fd4 	adrp	x20, 400000 <__sf+0x10>
    5a00:	aa0003f3 	mov	x19, x0
    5a04:	b9029e9f 	str	wzr, [x20, #668]
    5a08:	2a0103e0 	mov	w0, w1
    5a0c:	aa0203e1 	mov	x1, x2
    5a10:	2a0303e2 	mov	w2, w3
    5a14:	97ffebeb 	bl	9c0 <_lseek>
    5a18:	b100041f 	cmn	x0, #0x1
    5a1c:	54000080 	b.eq	5a2c <_lseek_r+0x3c>  // b.none
    5a20:	a94153f3 	ldp	x19, x20, [sp, #16]
    5a24:	a8c27bfd 	ldp	x29, x30, [sp], #32
    5a28:	d65f03c0 	ret
    5a2c:	b9429e81 	ldr	w1, [x20, #668]
    5a30:	34ffff81 	cbz	w1, 5a20 <_lseek_r+0x30>
    5a34:	b9000261 	str	w1, [x19]
    5a38:	a94153f3 	ldp	x19, x20, [sp, #16]
    5a3c:	a8c27bfd 	ldp	x29, x30, [sp], #32
    5a40:	d65f03c0 	ret
	...

0000000000005a50 <_read_r>:
    5a50:	a9be7bfd 	stp	x29, x30, [sp, #-32]!
    5a54:	910003fd 	mov	x29, sp
    5a58:	a90153f3 	stp	x19, x20, [sp, #16]
    5a5c:	f0001fd4 	adrp	x20, 400000 <__sf+0x10>
    5a60:	aa0003f3 	mov	x19, x0
    5a64:	2a0103e0 	mov	w0, w1
    5a68:	aa0203e1 	mov	x1, x2
    5a6c:	b9029e9f 	str	wzr, [x20, #668]
    5a70:	aa0303e2 	mov	x2, x3
    5a74:	97ffeb7b 	bl	860 <_read>
    5a78:	93407c01 	sxtw	x1, w0
    5a7c:	3100041f 	cmn	w0, #0x1
    5a80:	540000a0 	b.eq	5a94 <_read_r+0x44>  // b.none
    5a84:	a94153f3 	ldp	x19, x20, [sp, #16]
    5a88:	aa0103e0 	mov	x0, x1
    5a8c:	a8c27bfd 	ldp	x29, x30, [sp], #32
    5a90:	d65f03c0 	ret
    5a94:	b9429e80 	ldr	w0, [x20, #668]
    5a98:	34ffff60 	cbz	w0, 5a84 <_read_r+0x34>
    5a9c:	b9000260 	str	w0, [x19]
    5aa0:	aa0103e0 	mov	x0, x1
    5aa4:	a94153f3 	ldp	x19, x20, [sp, #16]
    5aa8:	a8c27bfd 	ldp	x29, x30, [sp], #32
    5aac:	d65f03c0 	ret

0000000000005ab0 <_vfprintf_r>:
    5ab0:	d10a83ff 	sub	sp, sp, #0x2a0
    5ab4:	a9007bfd 	stp	x29, x30, [sp]
    5ab8:	910003fd 	mov	x29, sp
    5abc:	a9025bf5 	stp	x21, x22, [sp, #32]
    5ac0:	aa0103f5 	mov	x21, x1
    5ac4:	f9400061 	ldr	x1, [x3]
    5ac8:	f90043e1 	str	x1, [sp, #128]
    5acc:	f9400461 	ldr	x1, [x3, #8]
    5ad0:	f90057e1 	str	x1, [sp, #168]
    5ad4:	f9400861 	ldr	x1, [x3, #16]
    5ad8:	f9008be1 	str	x1, [sp, #272]
    5adc:	b9401861 	ldr	w1, [x3, #24]
    5ae0:	b9009be1 	str	w1, [sp, #152]
    5ae4:	b9401c61 	ldr	w1, [x3, #28]
    5ae8:	a90153f3 	stp	x19, x20, [sp, #16]
    5aec:	aa0303f4 	mov	x20, x3
    5af0:	aa0003f3 	mov	x19, x0
    5af4:	a90363f7 	stp	x23, x24, [sp, #48]
    5af8:	aa0203f7 	mov	x23, x2
    5afc:	b900ffe1 	str	w1, [sp, #252]
    5b00:	94001c40 	bl	cc00 <_localeconv_r>
    5b04:	f9400000 	ldr	x0, [x0]
    5b08:	f9005fe0 	str	x0, [sp, #184]
    5b0c:	97fff50d 	bl	2f40 <strlen>
    5b10:	f9005be0 	str	x0, [sp, #176]
    5b14:	d2800102 	mov	x2, #0x8                   	// #8
    5b18:	910623e0 	add	x0, sp, #0x188
    5b1c:	52800001 	mov	w1, #0x0                   	// #0
    5b20:	97ffff48 	bl	5840 <memset>
    5b24:	b4000073 	cbz	x19, 5b30 <_vfprintf_r+0x80>
    5b28:	f9402660 	ldr	x0, [x19, #72]
    5b2c:	b400d7e0 	cbz	x0, 7628 <_vfprintf_r+0x1b78>
    5b30:	b940b2a0 	ldr	w0, [x21, #176]
    5b34:	79c022a1 	ldrsh	w1, [x21, #16]
    5b38:	37000040 	tbnz	w0, #0, 5b40 <_vfprintf_r+0x90>
    5b3c:	3648a361 	tbz	w1, #9, 6fa8 <_vfprintf_r+0x14f8>
    5b40:	376800a1 	tbnz	w1, #13, 5b54 <_vfprintf_r+0xa4>
    5b44:	32130021 	orr	w1, w1, #0x2000
    5b48:	12127800 	and	w0, w0, #0xffffdfff
    5b4c:	790022a1 	strh	w1, [x21, #16]
    5b50:	b900b2a0 	str	w0, [x21, #176]
    5b54:	d34d3401 	ubfx	x1, x0, #13, #1
    5b58:	f9008fe1 	str	x1, [sp, #280]
    5b5c:	37695040 	tbnz	w0, #13, 8564 <_vfprintf_r+0x2ab4>
    5b60:	79c022a1 	ldrsh	w1, [x21, #16]
    5b64:	361805c1 	tbz	w1, #3, 5c1c <_vfprintf_r+0x16c>
    5b68:	f9400ea0 	ldr	x0, [x21, #24]
    5b6c:	b4000580 	cbz	x0, 5c1c <_vfprintf_r+0x16c>
    5b70:	52800340 	mov	w0, #0x1a                  	// #26
    5b74:	0a000020 	and	w0, w1, w0
    5b78:	7100281f 	cmp	w0, #0xa
    5b7c:	54000620 	b.eq	5c40 <_vfprintf_r+0x190>  // b.none
    5b80:	910883f6 	add	x22, sp, #0x220
    5b84:	6d0627e8 	stp	d8, d9, [sp, #96]
    5b88:	2f00e408 	movi	d8, #0x0
    5b8c:	90000074 	adrp	x20, 11000 <__malloc_av_+0x360>
    5b90:	aa1703ea 	mov	x10, x23
    5b94:	911c8294 	add	x20, x20, #0x720
    5b98:	a90573fb 	stp	x27, x28, [sp, #80]
    5b9c:	aa1603fc 	mov	x28, x22
    5ba0:	f0000040 	adrp	x0, 10000 <__sfp_handle_exceptions+0x300>
    5ba4:	91110000 	add	x0, x0, #0x440
    5ba8:	a9046bf9 	stp	x25, x26, [sp, #64]
    5bac:	b9007fff 	str	wzr, [sp, #124]
    5bb0:	f90047e0 	str	x0, [sp, #136]
    5bb4:	b9009fff 	str	wzr, [sp, #156]
    5bb8:	a90effff 	stp	xzr, xzr, [sp, #232]
    5bbc:	b900fbff 	str	wzr, [sp, #248]
    5bc0:	a9107fff 	stp	xzr, xzr, [sp, #256]
    5bc4:	f900d3f6 	str	x22, [sp, #416]
    5bc8:	b901abff 	str	wzr, [sp, #424]
    5bcc:	f900dbff 	str	xzr, [sp, #432]
    5bd0:	aa0a03f7 	mov	x23, x10
    5bd4:	aa0a03f8 	mov	x24, x10
    5bd8:	f9407699 	ldr	x25, [x20, #232]
    5bdc:	94001bf9 	bl	cbc0 <__locale_mb_cur_max>
    5be0:	910623e4 	add	x4, sp, #0x188
    5be4:	93407c03 	sxtw	x3, w0
    5be8:	aa1703e2 	mov	x2, x23
    5bec:	9105f3e1 	add	x1, sp, #0x17c
    5bf0:	aa1303e0 	mov	x0, x19
    5bf4:	d63f0320 	blr	x25
    5bf8:	7100001f 	cmp	w0, #0x0
    5bfc:	34000580 	cbz	w0, 5cac <_vfprintf_r+0x1fc>
    5c00:	5400048b 	b.lt	5c90 <_vfprintf_r+0x1e0>  // b.tstop
    5c04:	b9417fe1 	ldr	w1, [sp, #380]
    5c08:	7100943f 	cmp	w1, #0x25
    5c0c:	540039a0 	b.eq	6340 <_vfprintf_r+0x890>  // b.none
    5c10:	93407c00 	sxtw	x0, w0
    5c14:	8b0002f7 	add	x23, x23, x0
    5c18:	17fffff0 	b	5bd8 <_vfprintf_r+0x128>
    5c1c:	aa1503e1 	mov	x1, x21
    5c20:	aa1303e0 	mov	x0, x19
    5c24:	97fff8f3 	bl	3ff0 <__swsetup_r>
    5c28:	350149c0 	cbnz	w0, 8560 <_vfprintf_r+0x2ab0>
    5c2c:	79c022a1 	ldrsh	w1, [x21, #16]
    5c30:	52800340 	mov	w0, #0x1a                  	// #26
    5c34:	0a000020 	and	w0, w1, w0
    5c38:	7100281f 	cmp	w0, #0xa
    5c3c:	54fffa21 	b.ne	5b80 <_vfprintf_r+0xd0>  // b.any
    5c40:	79c026a0 	ldrsh	w0, [x21, #18]
    5c44:	37fff9e0 	tbnz	w0, #31, 5b80 <_vfprintf_r+0xd0>
    5c48:	b940b2a0 	ldr	w0, [x21, #176]
    5c4c:	37000040 	tbnz	w0, #0, 5c54 <_vfprintf_r+0x1a4>
    5c50:	36491941 	tbz	w1, #9, 7f78 <_vfprintf_r+0x24c8>
    5c54:	ad400680 	ldp	q0, q1, [x20]
    5c58:	aa1703e2 	mov	x2, x23
    5c5c:	aa1503e1 	mov	x1, x21
    5c60:	910503e3 	add	x3, sp, #0x140
    5c64:	aa1303e0 	mov	x0, x19
    5c68:	ad0a07e0 	stp	q0, q1, [sp, #320]
    5c6c:	94000c61 	bl	8df0 <__sbprintf>
    5c70:	b9007fe0 	str	w0, [sp, #124]
    5c74:	a9407bfd 	ldp	x29, x30, [sp]
    5c78:	a94153f3 	ldp	x19, x20, [sp, #16]
    5c7c:	a9425bf5 	ldp	x21, x22, [sp, #32]
    5c80:	a94363f7 	ldp	x23, x24, [sp, #48]
    5c84:	b9407fe0 	ldr	w0, [sp, #124]
    5c88:	910a83ff 	add	sp, sp, #0x2a0
    5c8c:	d65f03c0 	ret
    5c90:	910623e0 	add	x0, sp, #0x188
    5c94:	d2800102 	mov	x2, #0x8                   	// #8
    5c98:	52800001 	mov	w1, #0x0                   	// #0
    5c9c:	97fffee9 	bl	5840 <memset>
    5ca0:	d2800020 	mov	x0, #0x1                   	// #1
    5ca4:	8b0002f7 	add	x23, x23, x0
    5ca8:	17ffffcc 	b	5bd8 <_vfprintf_r+0x128>
    5cac:	2a0003fa 	mov	w26, w0
    5cb0:	cb1802e0 	sub	x0, x23, x24
    5cb4:	aa1803ea 	mov	x10, x24
    5cb8:	2a0003fb 	mov	w27, w0
    5cbc:	3400e400 	cbz	w0, 793c <_vfprintf_r+0x1e8c>
    5cc0:	f940dbe2 	ldr	x2, [sp, #432]
    5cc4:	93407f61 	sxtw	x1, w27
    5cc8:	b941abe0 	ldr	w0, [sp, #424]
    5ccc:	8b010042 	add	x2, x2, x1
    5cd0:	a900078a 	stp	x10, x1, [x28]
    5cd4:	11000400 	add	w0, w0, #0x1
    5cd8:	b901abe0 	str	w0, [sp, #424]
    5cdc:	9100439c 	add	x28, x28, #0x10
    5ce0:	f900dbe2 	str	x2, [sp, #432]
    5ce4:	71001c1f 	cmp	w0, #0x7
    5ce8:	5400452c 	b.gt	658c <_vfprintf_r+0xadc>
    5cec:	b9407fe0 	ldr	w0, [sp, #124]
    5cf0:	0b1b0000 	add	w0, w0, w27
    5cf4:	b9007fe0 	str	w0, [sp, #124]
    5cf8:	3400e23a 	cbz	w26, 793c <_vfprintf_r+0x1e8c>
    5cfc:	910006ea 	add	x10, x23, #0x1
    5d00:	394006e8 	ldrb	w8, [x23, #1]
    5d04:	12800007 	mov	w7, #0xffffffff            	// #-1
    5d08:	5280000b 	mov	w11, #0x0                   	// #0
    5d0c:	52800009 	mov	w9, #0x0                   	// #0
    5d10:	2a0b03f8 	mov	w24, w11
    5d14:	2a0903f7 	mov	w23, w9
    5d18:	2a0703f9 	mov	w25, w7
    5d1c:	aa0a03fa 	mov	x26, x10
    5d20:	3905bfff 	strb	wzr, [sp, #367]
    5d24:	9100075a 	add	x26, x26, #0x1
    5d28:	51008100 	sub	w0, w8, #0x20
    5d2c:	7101681f 	cmp	w0, #0x5a
    5d30:	540000c8 	b.hi	5d48 <_vfprintf_r+0x298>  // b.pmore
    5d34:	f94047e1 	ldr	x1, [sp, #136]
    5d38:	78605820 	ldrh	w0, [x1, w0, uxtw #1]
    5d3c:	10000061 	adr	x1, 5d48 <_vfprintf_r+0x298>
    5d40:	8b20a820 	add	x0, x1, w0, sxth #2
    5d44:	d61f0000 	br	x0
    5d48:	2a1703e9 	mov	w9, w23
    5d4c:	2a1803eb 	mov	w11, w24
    5d50:	aa1a03ea 	mov	x10, x26
    5d54:	3400df48 	cbz	w8, 793c <_vfprintf_r+0x1e8c>
    5d58:	5280003a 	mov	w26, #0x1                   	// #1
    5d5c:	9106e3fb 	add	x27, sp, #0x1b8
    5d60:	2a1a03f7 	mov	w23, w26
    5d64:	52800001 	mov	w1, #0x0                   	// #0
    5d68:	d2800019 	mov	x25, #0x0                   	// #0
    5d6c:	52800007 	mov	w7, #0x0                   	// #0
    5d70:	52800018 	mov	w24, #0x0                   	// #0
    5d74:	b90093ff 	str	wzr, [sp, #144]
    5d78:	b900a3ff 	str	wzr, [sp, #160]
    5d7c:	3905bfff 	strb	wzr, [sp, #367]
    5d80:	3906e3e8 	strb	w8, [sp, #440]
    5d84:	d503201f 	nop
    5d88:	721f0132 	ands	w18, w9, #0x2
    5d8c:	11000b42 	add	w2, w26, #0x2
    5d90:	f940dbe0 	ldr	x0, [sp, #432]
    5d94:	1a9a105a 	csel	w26, w2, w26, ne	// ne = any
    5d98:	5280108e 	mov	w14, #0x84                  	// #132
    5d9c:	6a0e012e 	ands	w14, w9, w14
    5da0:	54000081 	b.ne	5db0 <_vfprintf_r+0x300>  // b.any
    5da4:	4b1a0164 	sub	w4, w11, w26
    5da8:	7100009f 	cmp	w4, #0x0
    5dac:	54001a6c 	b.gt	60f8 <_vfprintf_r+0x648>
    5db0:	340001a1 	cbz	w1, 5de4 <_vfprintf_r+0x334>
    5db4:	b941abe1 	ldr	w1, [sp, #424]
    5db8:	9105bfe2 	add	x2, sp, #0x16f
    5dbc:	91000400 	add	x0, x0, #0x1
    5dc0:	f9000382 	str	x2, [x28]
    5dc4:	11000421 	add	w1, w1, #0x1
    5dc8:	d2800022 	mov	x2, #0x1                   	// #1
    5dcc:	f9000782 	str	x2, [x28, #8]
    5dd0:	9100439c 	add	x28, x28, #0x10
    5dd4:	b901abe1 	str	w1, [sp, #424]
    5dd8:	f900dbe0 	str	x0, [sp, #432]
    5ddc:	71001c3f 	cmp	w1, #0x7
    5de0:	54003e4c 	b.gt	65a8 <_vfprintf_r+0xaf8>
    5de4:	340001b2 	cbz	w18, 5e18 <_vfprintf_r+0x368>
    5de8:	b941abe1 	ldr	w1, [sp, #424]
    5dec:	9105c3e2 	add	x2, sp, #0x170
    5df0:	91000800 	add	x0, x0, #0x2
    5df4:	f9000382 	str	x2, [x28]
    5df8:	11000421 	add	w1, w1, #0x1
    5dfc:	d2800042 	mov	x2, #0x2                   	// #2
    5e00:	f9000782 	str	x2, [x28, #8]
    5e04:	9100439c 	add	x28, x28, #0x10
    5e08:	b901abe1 	str	w1, [sp, #424]
    5e0c:	f900dbe0 	str	x0, [sp, #432]
    5e10:	71001c3f 	cmp	w1, #0x7
    5e14:	5400734c 	b.gt	6c7c <_vfprintf_r+0x11cc>
    5e18:	710201df 	cmp	w14, #0x80
    5e1c:	540029e0 	b.eq	6358 <_vfprintf_r+0x8a8>  // b.none
    5e20:	4b1700e7 	sub	w7, w7, w23
    5e24:	710000ff 	cmp	w7, #0x0
    5e28:	5400050c 	b.gt	5ec8 <_vfprintf_r+0x418>
    5e2c:	37400e29 	tbnz	w9, #8, 5ff0 <_vfprintf_r+0x540>
    5e30:	b941abe1 	ldr	w1, [sp, #424]
    5e34:	93407eec 	sxtw	x12, w23
    5e38:	8b0c0000 	add	x0, x0, x12
    5e3c:	a900339b 	stp	x27, x12, [x28]
    5e40:	11000421 	add	w1, w1, #0x1
    5e44:	b901abe1 	str	w1, [sp, #424]
    5e48:	f900dbe0 	str	x0, [sp, #432]
    5e4c:	71001c3f 	cmp	w1, #0x7
    5e50:	5400224c 	b.gt	6298 <_vfprintf_r+0x7e8>
    5e54:	9100439c 	add	x28, x28, #0x10
    5e58:	36100089 	tbz	w9, #2, 5e68 <_vfprintf_r+0x3b8>
    5e5c:	4b1a0177 	sub	w23, w11, w26
    5e60:	710002ff 	cmp	w23, #0x0
    5e64:	5400734c 	b.gt	6ccc <_vfprintf_r+0x121c>
    5e68:	b9407fe1 	ldr	w1, [sp, #124]
    5e6c:	6b1a017f 	cmp	w11, w26
    5e70:	1a9aa163 	csel	w3, w11, w26, ge	// ge = tcont
    5e74:	0b030021 	add	w1, w1, w3
    5e78:	b9007fe1 	str	w1, [sp, #124]
    5e7c:	b5002300 	cbnz	x0, 62dc <_vfprintf_r+0x82c>
    5e80:	b901abff 	str	wzr, [sp, #424]
    5e84:	b40000d9 	cbz	x25, 5e9c <_vfprintf_r+0x3ec>
    5e88:	aa1903e1 	mov	x1, x25
    5e8c:	aa1303e0 	mov	x0, x19
    5e90:	f9004bea 	str	x10, [sp, #144]
    5e94:	97fffbf3 	bl	4e60 <_free_r>
    5e98:	f9404bea 	ldr	x10, [sp, #144]
    5e9c:	aa1603fc 	mov	x28, x22
    5ea0:	17ffff4c 	b	5bd0 <_vfprintf_r+0x120>
    5ea4:	5100c100 	sub	w0, w8, #0x30
    5ea8:	52800018 	mov	w24, #0x0                   	// #0
    5eac:	38401748 	ldrb	w8, [x26], #1
    5eb0:	0b180b0b 	add	w11, w24, w24, lsl #2
    5eb4:	0b0b0418 	add	w24, w0, w11, lsl #1
    5eb8:	5100c100 	sub	w0, w8, #0x30
    5ebc:	7100241f 	cmp	w0, #0x9
    5ec0:	54ffff69 	b.ls	5eac <_vfprintf_r+0x3fc>  // b.plast
    5ec4:	17ffff99 	b	5d28 <_vfprintf_r+0x278>
    5ec8:	f0000044 	adrp	x4, 10000 <__sfp_handle_exceptions+0x300>
    5ecc:	b941abe1 	ldr	w1, [sp, #424]
    5ed0:	91140084 	add	x4, x4, #0x500
    5ed4:	710040ff 	cmp	w7, #0x10
    5ed8:	5400058d 	b.le	5f88 <_vfprintf_r+0x4d8>
    5edc:	aa1c03e2 	mov	x2, x28
    5ee0:	d280020d 	mov	x13, #0x10                  	// #16
    5ee4:	aa0a03fc 	mov	x28, x10
    5ee8:	b900c3f8 	str	w24, [sp, #192]
    5eec:	aa0403f8 	mov	x24, x4
    5ef0:	b900cbe8 	str	w8, [sp, #200]
    5ef4:	b900d3e9 	str	w9, [sp, #208]
    5ef8:	b900dbeb 	str	w11, [sp, #216]
    5efc:	b900e3f7 	str	w23, [sp, #224]
    5f00:	2a0703f7 	mov	w23, w7
    5f04:	14000004 	b	5f14 <_vfprintf_r+0x464>
    5f08:	510042f7 	sub	w23, w23, #0x10
    5f0c:	710042ff 	cmp	w23, #0x10
    5f10:	540002ad 	b.le	5f64 <_vfprintf_r+0x4b4>
    5f14:	91004000 	add	x0, x0, #0x10
    5f18:	11000421 	add	w1, w1, #0x1
    5f1c:	a9003458 	stp	x24, x13, [x2]
    5f20:	91004042 	add	x2, x2, #0x10
    5f24:	b901abe1 	str	w1, [sp, #424]
    5f28:	f900dbe0 	str	x0, [sp, #432]
    5f2c:	71001c3f 	cmp	w1, #0x7
    5f30:	54fffecd 	b.le	5f08 <_vfprintf_r+0x458>
    5f34:	910683e2 	add	x2, sp, #0x1a0
    5f38:	aa1503e1 	mov	x1, x21
    5f3c:	aa1303e0 	mov	x0, x19
    5f40:	94001b38 	bl	cc20 <__sprint_r>
    5f44:	35001da0 	cbnz	w0, 62f8 <_vfprintf_r+0x848>
    5f48:	510042f7 	sub	w23, w23, #0x10
    5f4c:	b941abe1 	ldr	w1, [sp, #424]
    5f50:	f940dbe0 	ldr	x0, [sp, #432]
    5f54:	aa1603e2 	mov	x2, x22
    5f58:	d280020d 	mov	x13, #0x10                  	// #16
    5f5c:	710042ff 	cmp	w23, #0x10
    5f60:	54fffdac 	b.gt	5f14 <_vfprintf_r+0x464>
    5f64:	2a1703e7 	mov	w7, w23
    5f68:	aa1803e4 	mov	x4, x24
    5f6c:	b940cbe8 	ldr	w8, [sp, #200]
    5f70:	aa1c03ea 	mov	x10, x28
    5f74:	b940c3f8 	ldr	w24, [sp, #192]
    5f78:	aa0203fc 	mov	x28, x2
    5f7c:	b940d3e9 	ldr	w9, [sp, #208]
    5f80:	b940dbeb 	ldr	w11, [sp, #216]
    5f84:	b940e3f7 	ldr	w23, [sp, #224]
    5f88:	93407ce7 	sxtw	x7, w7
    5f8c:	11000421 	add	w1, w1, #0x1
    5f90:	8b070000 	add	x0, x0, x7
    5f94:	a9001f84 	stp	x4, x7, [x28]
    5f98:	9100439c 	add	x28, x28, #0x10
    5f9c:	b901abe1 	str	w1, [sp, #424]
    5fa0:	f900dbe0 	str	x0, [sp, #432]
    5fa4:	71001c3f 	cmp	w1, #0x7
    5fa8:	54fff42d 	b.le	5e2c <_vfprintf_r+0x37c>
    5fac:	910683e2 	add	x2, sp, #0x1a0
    5fb0:	aa1503e1 	mov	x1, x21
    5fb4:	aa1303e0 	mov	x0, x19
    5fb8:	b900c3e8 	str	w8, [sp, #192]
    5fbc:	b900cbe9 	str	w9, [sp, #200]
    5fc0:	b900d3eb 	str	w11, [sp, #208]
    5fc4:	f9006fea 	str	x10, [sp, #216]
    5fc8:	94001b16 	bl	cc20 <__sprint_r>
    5fcc:	35001960 	cbnz	w0, 62f8 <_vfprintf_r+0x848>
    5fd0:	b940cbe9 	ldr	w9, [sp, #200]
    5fd4:	aa1603fc 	mov	x28, x22
    5fd8:	f9406fea 	ldr	x10, [sp, #216]
    5fdc:	f940dbe0 	ldr	x0, [sp, #432]
    5fe0:	b940c3e8 	ldr	w8, [sp, #192]
    5fe4:	b940d3eb 	ldr	w11, [sp, #208]
    5fe8:	3647f249 	tbz	w9, #8, 5e30 <_vfprintf_r+0x380>
    5fec:	d503201f 	nop
    5ff0:	7101951f 	cmp	w8, #0x65
    5ff4:	5400252d 	b.le	6498 <_vfprintf_r+0x9e8>
    5ff8:	1e602108 	fcmp	d8, #0.0
    5ffc:	54001001 	b.ne	61fc <_vfprintf_r+0x74c>  // b.any
    6000:	b941abe1 	ldr	w1, [sp, #424]
    6004:	91000400 	add	x0, x0, #0x1
    6008:	d0000042 	adrp	x2, 10000 <__sfp_handle_exceptions+0x300>
    600c:	d2800024 	mov	x4, #0x1                   	// #1
    6010:	91058042 	add	x2, x2, #0x160
    6014:	11000421 	add	w1, w1, #0x1
    6018:	a9001382 	stp	x2, x4, [x28]
    601c:	9100439c 	add	x28, x28, #0x10
    6020:	b901abe1 	str	w1, [sp, #424]
    6024:	f900dbe0 	str	x0, [sp, #432]
    6028:	71001c3f 	cmp	w1, #0x7
    602c:	5400b0ec 	b.gt	7648 <_vfprintf_r+0x1b98>
    6030:	b9409fe2 	ldr	w2, [sp, #156]
    6034:	b9417be1 	ldr	w1, [sp, #376]
    6038:	6b02003f 	cmp	w1, w2
    603c:	54007c0a 	b.ge	6fbc <_vfprintf_r+0x150c>  // b.tcont
    6040:	a94b0fe2 	ldp	x2, x3, [sp, #176]
    6044:	a9000b83 	stp	x3, x2, [x28]
    6048:	b941abe1 	ldr	w1, [sp, #424]
    604c:	9100439c 	add	x28, x28, #0x10
    6050:	11000421 	add	w1, w1, #0x1
    6054:	b901abe1 	str	w1, [sp, #424]
    6058:	8b020000 	add	x0, x0, x2
    605c:	f900dbe0 	str	x0, [sp, #432]
    6060:	71001c3f 	cmp	w1, #0x7
    6064:	5400894c 	b.gt	718c <_vfprintf_r+0x16dc>
    6068:	b9409fe1 	ldr	w1, [sp, #156]
    606c:	51000437 	sub	w23, w1, #0x1
    6070:	710002ff 	cmp	w23, #0x0
    6074:	54ffef2d 	b.le	5e58 <_vfprintf_r+0x3a8>
    6078:	d0000044 	adrp	x4, 10000 <__sfp_handle_exceptions+0x300>
    607c:	b941abe1 	ldr	w1, [sp, #424]
    6080:	91140084 	add	x4, x4, #0x500
    6084:	710042ff 	cmp	w23, #0x10
    6088:	5400bcad 	b.le	781c <_vfprintf_r+0x1d6c>
    608c:	aa1c03e2 	mov	x2, x28
    6090:	aa0403f8 	mov	x24, x4
    6094:	aa0a03fc 	mov	x28, x10
    6098:	d280021b 	mov	x27, #0x10                  	// #16
    609c:	b90093e9 	str	w9, [sp, #144]
    60a0:	b900a3eb 	str	w11, [sp, #160]
    60a4:	14000004 	b	60b4 <_vfprintf_r+0x604>
    60a8:	510042f7 	sub	w23, w23, #0x10
    60ac:	710042ff 	cmp	w23, #0x10
    60b0:	5400bacd 	b.le	7808 <_vfprintf_r+0x1d58>
    60b4:	91004000 	add	x0, x0, #0x10
    60b8:	11000421 	add	w1, w1, #0x1
    60bc:	a9006c58 	stp	x24, x27, [x2]
    60c0:	91004042 	add	x2, x2, #0x10
    60c4:	b901abe1 	str	w1, [sp, #424]
    60c8:	f900dbe0 	str	x0, [sp, #432]
    60cc:	71001c3f 	cmp	w1, #0x7
    60d0:	54fffecd 	b.le	60a8 <_vfprintf_r+0x5f8>
    60d4:	910683e2 	add	x2, sp, #0x1a0
    60d8:	aa1503e1 	mov	x1, x21
    60dc:	aa1303e0 	mov	x0, x19
    60e0:	94001ad0 	bl	cc20 <__sprint_r>
    60e4:	350010a0 	cbnz	w0, 62f8 <_vfprintf_r+0x848>
    60e8:	f940dbe0 	ldr	x0, [sp, #432]
    60ec:	aa1603e2 	mov	x2, x22
    60f0:	b941abe1 	ldr	w1, [sp, #424]
    60f4:	17ffffed 	b	60a8 <_vfprintf_r+0x5f8>
    60f8:	d000004d 	adrp	x13, 10000 <__sfp_handle_exceptions+0x300>
    60fc:	b941abe1 	ldr	w1, [sp, #424]
    6100:	911441ad 	add	x13, x13, #0x510
    6104:	7100409f 	cmp	w4, #0x10
    6108:	5400064d 	b.le	61d0 <_vfprintf_r+0x720>
    610c:	aa1c03e2 	mov	x2, x28
    6110:	d280020f 	mov	x15, #0x10                  	// #16
    6114:	aa0a03fc 	mov	x28, x10
    6118:	b900c3f2 	str	w18, [sp, #192]
    611c:	b900cbee 	str	w14, [sp, #200]
    6120:	b900d3f8 	str	w24, [sp, #208]
    6124:	aa0d03f8 	mov	x24, x13
    6128:	b900dbe8 	str	w8, [sp, #216]
    612c:	b900e3e9 	str	w9, [sp, #224]
    6130:	b90123eb 	str	w11, [sp, #288]
    6134:	b9012be7 	str	w7, [sp, #296]
    6138:	b90133f7 	str	w23, [sp, #304]
    613c:	2a0403f7 	mov	w23, w4
    6140:	14000004 	b	6150 <_vfprintf_r+0x6a0>
    6144:	510042f7 	sub	w23, w23, #0x10
    6148:	710042ff 	cmp	w23, #0x10
    614c:	540002ad 	b.le	61a0 <_vfprintf_r+0x6f0>
    6150:	91004000 	add	x0, x0, #0x10
    6154:	11000421 	add	w1, w1, #0x1
    6158:	a9003c58 	stp	x24, x15, [x2]
    615c:	91004042 	add	x2, x2, #0x10
    6160:	b901abe1 	str	w1, [sp, #424]
    6164:	f900dbe0 	str	x0, [sp, #432]
    6168:	71001c3f 	cmp	w1, #0x7
    616c:	54fffecd 	b.le	6144 <_vfprintf_r+0x694>
    6170:	910683e2 	add	x2, sp, #0x1a0
    6174:	aa1503e1 	mov	x1, x21
    6178:	aa1303e0 	mov	x0, x19
    617c:	94001aa9 	bl	cc20 <__sprint_r>
    6180:	35000bc0 	cbnz	w0, 62f8 <_vfprintf_r+0x848>
    6184:	510042f7 	sub	w23, w23, #0x10
    6188:	b941abe1 	ldr	w1, [sp, #424]
    618c:	f940dbe0 	ldr	x0, [sp, #432]
    6190:	aa1603e2 	mov	x2, x22
    6194:	d280020f 	mov	x15, #0x10                  	// #16
    6198:	710042ff 	cmp	w23, #0x10
    619c:	54fffdac 	b.gt	6150 <_vfprintf_r+0x6a0>
    61a0:	2a1703e4 	mov	w4, w23
    61a4:	aa1803ed 	mov	x13, x24
    61a8:	b940c3f2 	ldr	w18, [sp, #192]
    61ac:	aa1c03ea 	mov	x10, x28
    61b0:	b940cbee 	ldr	w14, [sp, #200]
    61b4:	aa0203fc 	mov	x28, x2
    61b8:	b940d3f8 	ldr	w24, [sp, #208]
    61bc:	b940dbe8 	ldr	w8, [sp, #216]
    61c0:	b940e3e9 	ldr	w9, [sp, #224]
    61c4:	b94123eb 	ldr	w11, [sp, #288]
    61c8:	b9412be7 	ldr	w7, [sp, #296]
    61cc:	b94133f7 	ldr	w23, [sp, #304]
    61d0:	93407c84 	sxtw	x4, w4
    61d4:	11000421 	add	w1, w1, #0x1
    61d8:	8b040000 	add	x0, x0, x4
    61dc:	a900138d 	stp	x13, x4, [x28]
    61e0:	b901abe1 	str	w1, [sp, #424]
    61e4:	f900dbe0 	str	x0, [sp, #432]
    61e8:	71001c3f 	cmp	w1, #0x7
    61ec:	5400930c 	b.gt	744c <_vfprintf_r+0x199c>
    61f0:	3945bfe1 	ldrb	w1, [sp, #367]
    61f4:	9100439c 	add	x28, x28, #0x10
    61f8:	17fffeee 	b	5db0 <_vfprintf_r+0x300>
    61fc:	b9417be2 	ldr	w2, [sp, #376]
    6200:	7100005f 	cmp	w2, #0x0
    6204:	54005e8c 	b.gt	6dd4 <_vfprintf_r+0x1324>
    6208:	b941abe1 	ldr	w1, [sp, #424]
    620c:	91000400 	add	x0, x0, #0x1
    6210:	d0000044 	adrp	x4, 10000 <__sfp_handle_exceptions+0x300>
    6214:	d2800027 	mov	x7, #0x1                   	// #1
    6218:	91058084 	add	x4, x4, #0x160
    621c:	11000421 	add	w1, w1, #0x1
    6220:	a9001f84 	stp	x4, x7, [x28]
    6224:	9100439c 	add	x28, x28, #0x10
    6228:	b901abe1 	str	w1, [sp, #424]
    622c:	f900dbe0 	str	x0, [sp, #432]
    6230:	71001c3f 	cmp	w1, #0x7
    6234:	5401084c 	b.gt	833c <_vfprintf_r+0x288c>
    6238:	b9409fe1 	ldr	w1, [sp, #156]
    623c:	2a020021 	orr	w1, w1, w2
    6240:	3400d7e1 	cbz	w1, 7d3c <_vfprintf_r+0x228c>
    6244:	a94b13e3 	ldp	x3, x4, [sp, #176]
    6248:	a9000f84 	stp	x4, x3, [x28]
    624c:	b941abe1 	ldr	w1, [sp, #424]
    6250:	91004386 	add	x6, x28, #0x10
    6254:	11000421 	add	w1, w1, #0x1
    6258:	b901abe1 	str	w1, [sp, #424]
    625c:	8b000060 	add	x0, x3, x0
    6260:	f900dbe0 	str	x0, [sp, #432]
    6264:	71001c3f 	cmp	w1, #0x7
    6268:	5400d80c 	b.gt	7d68 <_vfprintf_r+0x22b8>
    626c:	37f91ec2 	tbnz	w2, #31, 8644 <_vfprintf_r+0x2b94>
    6270:	b9809fe2 	ldrsw	x2, [sp, #156]
    6274:	11000421 	add	w1, w1, #0x1
    6278:	a90008db 	stp	x27, x2, [x6]
    627c:	910040dc 	add	x28, x6, #0x10
    6280:	8b000040 	add	x0, x2, x0
    6284:	b901abe1 	str	w1, [sp, #424]
    6288:	f900dbe0 	str	x0, [sp, #432]
    628c:	71001c3f 	cmp	w1, #0x7
    6290:	54ffde4d 	b.le	5e58 <_vfprintf_r+0x3a8>
    6294:	d503201f 	nop
    6298:	910683e2 	add	x2, sp, #0x1a0
    629c:	aa1503e1 	mov	x1, x21
    62a0:	aa1303e0 	mov	x0, x19
    62a4:	b90093e9 	str	w9, [sp, #144]
    62a8:	b900a3eb 	str	w11, [sp, #160]
    62ac:	f90063ea 	str	x10, [sp, #192]
    62b0:	94001a5c 	bl	cc20 <__sprint_r>
    62b4:	35000220 	cbnz	w0, 62f8 <_vfprintf_r+0x848>
    62b8:	f94063ea 	ldr	x10, [sp, #192]
    62bc:	aa1603fc 	mov	x28, x22
    62c0:	f940dbe0 	ldr	x0, [sp, #432]
    62c4:	b94093e9 	ldr	w9, [sp, #144]
    62c8:	b940a3eb 	ldr	w11, [sp, #160]
    62cc:	17fffee3 	b	5e58 <_vfprintf_r+0x3a8>
    62d0:	39400348 	ldrb	w8, [x26]
    62d4:	321c02f7 	orr	w23, w23, #0x10
    62d8:	17fffe93 	b	5d24 <_vfprintf_r+0x274>
    62dc:	910683e2 	add	x2, sp, #0x1a0
    62e0:	aa1503e1 	mov	x1, x21
    62e4:	aa1303e0 	mov	x0, x19
    62e8:	f9004bea 	str	x10, [sp, #144]
    62ec:	94001a4d 	bl	cc20 <__sprint_r>
    62f0:	f9404bea 	ldr	x10, [sp, #144]
    62f4:	34ffdc60 	cbz	w0, 5e80 <_vfprintf_r+0x3d0>
    62f8:	aa1903e1 	mov	x1, x25
    62fc:	b4000061 	cbz	x1, 6308 <_vfprintf_r+0x858>
    6300:	aa1303e0 	mov	x0, x19
    6304:	97fffad7 	bl	4e60 <_free_r>
    6308:	79c022a0 	ldrsh	w0, [x21, #16]
    630c:	b940b2a1 	ldr	w1, [x21, #176]
    6310:	36001781 	tbz	w1, #0, 6600 <_vfprintf_r+0xb50>
    6314:	a9446bf9 	ldp	x25, x26, [sp, #64]
    6318:	a94573fb 	ldp	x27, x28, [sp, #80]
    631c:	6d4627e8 	ldp	d8, d9, [sp, #96]
    6320:	373112c0 	tbnz	w0, #6, 8578 <_vfprintf_r+0x2ac8>
    6324:	a9407bfd 	ldp	x29, x30, [sp]
    6328:	a94153f3 	ldp	x19, x20, [sp, #16]
    632c:	a9425bf5 	ldp	x21, x22, [sp, #32]
    6330:	a94363f7 	ldp	x23, x24, [sp, #48]
    6334:	b9407fe0 	ldr	w0, [sp, #124]
    6338:	910a83ff 	add	sp, sp, #0x2a0
    633c:	d65f03c0 	ret
    6340:	2a0003fa 	mov	w26, w0
    6344:	cb1802e0 	sub	x0, x23, x24
    6348:	aa1803ea 	mov	x10, x24
    634c:	2a0003fb 	mov	w27, w0
    6350:	34ffcd60 	cbz	w0, 5cfc <_vfprintf_r+0x24c>
    6354:	17fffe5b 	b	5cc0 <_vfprintf_r+0x210>
    6358:	4b1a016d 	sub	w13, w11, w26
    635c:	710001bf 	cmp	w13, #0x0
    6360:	54ffd60d 	b.le	5e20 <_vfprintf_r+0x370>
    6364:	d0000044 	adrp	x4, 10000 <__sfp_handle_exceptions+0x300>
    6368:	b941abe1 	ldr	w1, [sp, #424]
    636c:	91140084 	add	x4, x4, #0x500
    6370:	710041bf 	cmp	w13, #0x10
    6374:	540005cd 	b.le	642c <_vfprintf_r+0x97c>
    6378:	aa1c03e2 	mov	x2, x28
    637c:	d280020e 	mov	x14, #0x10                  	// #16
    6380:	aa0a03fc 	mov	x28, x10
    6384:	b900c3f8 	str	w24, [sp, #192]
    6388:	aa0403f8 	mov	x24, x4
    638c:	b900cbe8 	str	w8, [sp, #200]
    6390:	b900d3e9 	str	w9, [sp, #208]
    6394:	b900dbeb 	str	w11, [sp, #216]
    6398:	b900e3e7 	str	w7, [sp, #224]
    639c:	b90123f7 	str	w23, [sp, #288]
    63a0:	2a0d03f7 	mov	w23, w13
    63a4:	14000004 	b	63b4 <_vfprintf_r+0x904>
    63a8:	510042f7 	sub	w23, w23, #0x10
    63ac:	710042ff 	cmp	w23, #0x10
    63b0:	540002ad 	b.le	6404 <_vfprintf_r+0x954>
    63b4:	91004000 	add	x0, x0, #0x10
    63b8:	11000421 	add	w1, w1, #0x1
    63bc:	a9003858 	stp	x24, x14, [x2]
    63c0:	91004042 	add	x2, x2, #0x10
    63c4:	b901abe1 	str	w1, [sp, #424]
    63c8:	f900dbe0 	str	x0, [sp, #432]
    63cc:	71001c3f 	cmp	w1, #0x7
    63d0:	54fffecd 	b.le	63a8 <_vfprintf_r+0x8f8>
    63d4:	910683e2 	add	x2, sp, #0x1a0
    63d8:	aa1503e1 	mov	x1, x21
    63dc:	aa1303e0 	mov	x0, x19
    63e0:	94001a10 	bl	cc20 <__sprint_r>
    63e4:	35fff8a0 	cbnz	w0, 62f8 <_vfprintf_r+0x848>
    63e8:	510042f7 	sub	w23, w23, #0x10
    63ec:	b941abe1 	ldr	w1, [sp, #424]
    63f0:	f940dbe0 	ldr	x0, [sp, #432]
    63f4:	aa1603e2 	mov	x2, x22
    63f8:	d280020e 	mov	x14, #0x10                  	// #16
    63fc:	710042ff 	cmp	w23, #0x10
    6400:	54fffdac 	b.gt	63b4 <_vfprintf_r+0x904>
    6404:	2a1703ed 	mov	w13, w23
    6408:	aa1803e4 	mov	x4, x24
    640c:	b940cbe8 	ldr	w8, [sp, #200]
    6410:	aa1c03ea 	mov	x10, x28
    6414:	b940c3f8 	ldr	w24, [sp, #192]
    6418:	aa0203fc 	mov	x28, x2
    641c:	b940d3e9 	ldr	w9, [sp, #208]
    6420:	b940dbeb 	ldr	w11, [sp, #216]
    6424:	b940e3e7 	ldr	w7, [sp, #224]
    6428:	b94123f7 	ldr	w23, [sp, #288]
    642c:	93407dad 	sxtw	x13, w13
    6430:	11000421 	add	w1, w1, #0x1
    6434:	8b0d0000 	add	x0, x0, x13
    6438:	a9003784 	stp	x4, x13, [x28]
    643c:	9100439c 	add	x28, x28, #0x10
    6440:	b901abe1 	str	w1, [sp, #424]
    6444:	f900dbe0 	str	x0, [sp, #432]
    6448:	71001c3f 	cmp	w1, #0x7
    644c:	54ffcead 	b.le	5e20 <_vfprintf_r+0x370>
    6450:	910683e2 	add	x2, sp, #0x1a0
    6454:	aa1503e1 	mov	x1, x21
    6458:	aa1303e0 	mov	x0, x19
    645c:	b900c3e8 	str	w8, [sp, #192]
    6460:	b900cbe9 	str	w9, [sp, #200]
    6464:	b900d3eb 	str	w11, [sp, #208]
    6468:	b900dbe7 	str	w7, [sp, #216]
    646c:	f90073ea 	str	x10, [sp, #224]
    6470:	940019ec 	bl	cc20 <__sprint_r>
    6474:	35fff420 	cbnz	w0, 62f8 <_vfprintf_r+0x848>
    6478:	f94073ea 	ldr	x10, [sp, #224]
    647c:	aa1603fc 	mov	x28, x22
    6480:	f940dbe0 	ldr	x0, [sp, #432]
    6484:	b940c3e8 	ldr	w8, [sp, #192]
    6488:	b940cbe9 	ldr	w9, [sp, #200]
    648c:	b940d3eb 	ldr	w11, [sp, #208]
    6490:	b940dbe7 	ldr	w7, [sp, #216]
    6494:	17fffe63 	b	5e20 <_vfprintf_r+0x370>
    6498:	b941abe1 	ldr	w1, [sp, #424]
    649c:	91000400 	add	x0, x0, #0x1
    64a0:	b9409fe3 	ldr	w3, [sp, #156]
    64a4:	91004382 	add	x2, x28, #0x10
    64a8:	11000421 	add	w1, w1, #0x1
    64ac:	7100047f 	cmp	w3, #0x1
    64b0:	5400118d 	b.le	66e0 <_vfprintf_r+0xc30>
    64b4:	d2800024 	mov	x4, #0x1                   	// #1
    64b8:	a900139b 	stp	x27, x4, [x28]
    64bc:	b901abe1 	str	w1, [sp, #424]
    64c0:	f900dbe0 	str	x0, [sp, #432]
    64c4:	71001c3f 	cmp	w1, #0x7
    64c8:	540052cc 	b.gt	6f20 <_vfprintf_r+0x1470>
    64cc:	a94b13e3 	ldp	x3, x4, [sp, #176]
    64d0:	11000421 	add	w1, w1, #0x1
    64d4:	a9000c44 	stp	x4, x3, [x2]
    64d8:	91004042 	add	x2, x2, #0x10
    64dc:	b901abe1 	str	w1, [sp, #424]
    64e0:	8b030000 	add	x0, x0, x3
    64e4:	f900dbe0 	str	x0, [sp, #432]
    64e8:	71001c3f 	cmp	w1, #0x7
    64ec:	5400538c 	b.gt	6f5c <_vfprintf_r+0x14ac>
    64f0:	1e602108 	fcmp	d8, #0.0
    64f4:	b9409fe3 	ldr	w3, [sp, #156]
    64f8:	51000477 	sub	w23, w3, #0x1
    64fc:	540011e0 	b.eq	6738 <_vfprintf_r+0xc88>  // b.none
    6500:	93407ef7 	sxtw	x23, w23
    6504:	11000421 	add	w1, w1, #0x1
    6508:	8b170000 	add	x0, x0, x23
    650c:	b901abe1 	str	w1, [sp, #424]
    6510:	f900dbe0 	str	x0, [sp, #432]
    6514:	91000765 	add	x5, x27, #0x1
    6518:	f9000045 	str	x5, [x2]
    651c:	f9000457 	str	x23, [x2, #8]
    6520:	71001c3f 	cmp	w1, #0x7
    6524:	5400616c 	b.gt	7150 <_vfprintf_r+0x16a0>
    6528:	91004042 	add	x2, x2, #0x10
    652c:	b980fbe4 	ldrsw	x4, [sp, #248]
    6530:	11000421 	add	w1, w1, #0x1
    6534:	910603e5 	add	x5, sp, #0x180
    6538:	a9001045 	stp	x5, x4, [x2]
    653c:	8b000080 	add	x0, x4, x0
    6540:	b901abe1 	str	w1, [sp, #424]
    6544:	9100405c 	add	x28, x2, #0x10
    6548:	f900dbe0 	str	x0, [sp, #432]
    654c:	71001c3f 	cmp	w1, #0x7
    6550:	54ffc84d 	b.le	5e58 <_vfprintf_r+0x3a8>
    6554:	910683e2 	add	x2, sp, #0x1a0
    6558:	aa1503e1 	mov	x1, x21
    655c:	aa1303e0 	mov	x0, x19
    6560:	b90093e9 	str	w9, [sp, #144]
    6564:	b900a3eb 	str	w11, [sp, #160]
    6568:	f90063ea 	str	x10, [sp, #192]
    656c:	940019ad 	bl	cc20 <__sprint_r>
    6570:	35ffec40 	cbnz	w0, 62f8 <_vfprintf_r+0x848>
    6574:	f94063ea 	ldr	x10, [sp, #192]
    6578:	aa1603fc 	mov	x28, x22
    657c:	f940dbe0 	ldr	x0, [sp, #432]
    6580:	b94093e9 	ldr	w9, [sp, #144]
    6584:	b940a3eb 	ldr	w11, [sp, #160]
    6588:	17fffe34 	b	5e58 <_vfprintf_r+0x3a8>
    658c:	910683e2 	add	x2, sp, #0x1a0
    6590:	aa1503e1 	mov	x1, x21
    6594:	aa1303e0 	mov	x0, x19
    6598:	940019a2 	bl	cc20 <__sprint_r>
    659c:	35ffeb60 	cbnz	w0, 6308 <_vfprintf_r+0x858>
    65a0:	aa1603fc 	mov	x28, x22
    65a4:	17fffdd2 	b	5cec <_vfprintf_r+0x23c>
    65a8:	910683e2 	add	x2, sp, #0x1a0
    65ac:	aa1503e1 	mov	x1, x21
    65b0:	aa1303e0 	mov	x0, x19
    65b4:	b900c3f2 	str	w18, [sp, #192]
    65b8:	b900cbee 	str	w14, [sp, #200]
    65bc:	b900d3e8 	str	w8, [sp, #208]
    65c0:	b900dbe9 	str	w9, [sp, #216]
    65c4:	b900e3eb 	str	w11, [sp, #224]
    65c8:	b90123e7 	str	w7, [sp, #288]
    65cc:	f90097ea 	str	x10, [sp, #296]
    65d0:	94001994 	bl	cc20 <__sprint_r>
    65d4:	35ffe920 	cbnz	w0, 62f8 <_vfprintf_r+0x848>
    65d8:	f94097ea 	ldr	x10, [sp, #296]
    65dc:	aa1603fc 	mov	x28, x22
    65e0:	f940dbe0 	ldr	x0, [sp, #432]
    65e4:	b940c3f2 	ldr	w18, [sp, #192]
    65e8:	b940cbee 	ldr	w14, [sp, #200]
    65ec:	b940d3e8 	ldr	w8, [sp, #208]
    65f0:	b940dbe9 	ldr	w9, [sp, #216]
    65f4:	b940e3eb 	ldr	w11, [sp, #224]
    65f8:	b94123e7 	ldr	w7, [sp, #288]
    65fc:	17fffdfa 	b	5de4 <_vfprintf_r+0x334>
    6600:	374fe8a0 	tbnz	w0, #9, 6314 <_vfprintf_r+0x864>
    6604:	f94052a0 	ldr	x0, [x21, #160]
    6608:	97fff6f2 	bl	41d0 <__retarget_lock_release_recursive>
    660c:	79c022a0 	ldrsh	w0, [x21, #16]
    6610:	17ffff41 	b	6314 <_vfprintf_r+0x864>
    6614:	b940ffe0 	ldr	w0, [sp, #252]
    6618:	2a1703e9 	mov	w9, w23
    661c:	2a1803eb 	mov	w11, w24
    6620:	2a1903e7 	mov	w7, w25
    6624:	aa1a03ea 	mov	x10, x26
    6628:	36185149 	tbz	w9, #3, 7050 <_vfprintf_r+0x15a0>
    662c:	37f8d3e0 	tbnz	w0, #31, 80a8 <_vfprintf_r+0x25f8>
    6630:	f94043e0 	ldr	x0, [sp, #128]
    6634:	91003c00 	add	x0, x0, #0xf
    6638:	927cec00 	and	x0, x0, #0xfffffffffffffff0
    663c:	91004001 	add	x1, x0, #0x10
    6640:	f90043e1 	str	x1, [sp, #128]
    6644:	3dc00000 	ldr	q0, [x0]
    6648:	b90093e8 	str	w8, [sp, #144]
    664c:	b900a3e9 	str	w9, [sp, #160]
    6650:	b900c3eb 	str	w11, [sp, #192]
    6654:	b900cbe7 	str	w7, [sp, #200]
    6658:	f9006bea 	str	x10, [sp, #208]
    665c:	940024b5 	bl	f930 <__trunctfdf2>
    6660:	f9406bea 	ldr	x10, [sp, #208]
    6664:	1e604008 	fmov	d8, d0
    6668:	b94093e8 	ldr	w8, [sp, #144]
    666c:	b940a3e9 	ldr	w9, [sp, #160]
    6670:	b940c3eb 	ldr	w11, [sp, #192]
    6674:	b940cbe7 	ldr	w7, [sp, #200]
    6678:	1e60c100 	fabs	d0, d8
    667c:	92f00200 	mov	x0, #0x7fefffffffffffff    	// #9218868437227405311
    6680:	9e670001 	fmov	d1, x0
    6684:	1e612000 	fcmp	d0, d1
    6688:	5400710d 	b.le	74a8 <_vfprintf_r+0x19f8>
    668c:	1e602118 	fcmpe	d8, #0.0
    6690:	5400d044 	b.mi	8098 <_vfprintf_r+0x25e8>  // b.first
    6694:	3945bfe1 	ldrb	w1, [sp, #367]
    6698:	d0000040 	adrp	x0, 10000 <__sfp_handle_exceptions+0x300>
    669c:	d0000045 	adrp	x5, 10000 <__sfp_handle_exceptions+0x300>
    66a0:	71011d1f 	cmp	w8, #0x47
    66a4:	91042000 	add	x0, x0, #0x108
    66a8:	910440a5 	add	x5, x5, #0x110
    66ac:	b90093ff 	str	wzr, [sp, #144]
    66b0:	5280007a 	mov	w26, #0x3                   	// #3
    66b4:	b900a3ff 	str	wzr, [sp, #160]
    66b8:	12187929 	and	w9, w9, #0xffffff7f
    66bc:	9a80c0bb 	csel	x27, x5, x0, gt
    66c0:	2a1a03f7 	mov	w23, w26
    66c4:	d2800019 	mov	x25, #0x0                   	// #0
    66c8:	52800007 	mov	w7, #0x0                   	// #0
    66cc:	52800018 	mov	w24, #0x0                   	// #0
    66d0:	34ffb5c1 	cbz	w1, 5d88 <_vfprintf_r+0x2d8>
    66d4:	d503201f 	nop
    66d8:	1100075a 	add	w26, w26, #0x1
    66dc:	17fffdab 	b	5d88 <_vfprintf_r+0x2d8>
    66e0:	3707eea9 	tbnz	w9, #0, 64b4 <_vfprintf_r+0xa04>
    66e4:	d2800024 	mov	x4, #0x1                   	// #1
    66e8:	a900139b 	stp	x27, x4, [x28]
    66ec:	b901abe1 	str	w1, [sp, #424]
    66f0:	f900dbe0 	str	x0, [sp, #432]
    66f4:	71001c3f 	cmp	w1, #0x7
    66f8:	54fff1ad 	b.le	652c <_vfprintf_r+0xa7c>
    66fc:	910683e2 	add	x2, sp, #0x1a0
    6700:	aa1503e1 	mov	x1, x21
    6704:	aa1303e0 	mov	x0, x19
    6708:	b90093e9 	str	w9, [sp, #144]
    670c:	b900a3eb 	str	w11, [sp, #160]
    6710:	f90063ea 	str	x10, [sp, #192]
    6714:	94001943 	bl	cc20 <__sprint_r>
    6718:	35ffdf00 	cbnz	w0, 62f8 <_vfprintf_r+0x848>
    671c:	f94063ea 	ldr	x10, [sp, #192]
    6720:	aa1603e2 	mov	x2, x22
    6724:	f940dbe0 	ldr	x0, [sp, #432]
    6728:	b94093e9 	ldr	w9, [sp, #144]
    672c:	b940a3eb 	ldr	w11, [sp, #160]
    6730:	b941abe1 	ldr	w1, [sp, #424]
    6734:	17ffff7e 	b	652c <_vfprintf_r+0xa7c>
    6738:	b9409fe3 	ldr	w3, [sp, #156]
    673c:	7100047f 	cmp	w3, #0x1
    6740:	54ffef6d 	b.le	652c <_vfprintf_r+0xa7c>
    6744:	d0000044 	adrp	x4, 10000 <__sfp_handle_exceptions+0x300>
    6748:	91140084 	add	x4, x4, #0x500
    674c:	7100447f 	cmp	w3, #0x11
    6750:	54004eed 	b.le	712c <_vfprintf_r+0x167c>
    6754:	2a0b03fc 	mov	w28, w11
    6758:	aa0403f8 	mov	x24, x4
    675c:	d280021b 	mov	x27, #0x10                  	// #16
    6760:	b90093e9 	str	w9, [sp, #144]
    6764:	f90053ea 	str	x10, [sp, #160]
    6768:	14000004 	b	6778 <_vfprintf_r+0xcc8>
    676c:	510042f7 	sub	w23, w23, #0x10
    6770:	710042ff 	cmp	w23, #0x10
    6774:	54004d4d 	b.le	711c <_vfprintf_r+0x166c>
    6778:	91004000 	add	x0, x0, #0x10
    677c:	11000421 	add	w1, w1, #0x1
    6780:	a9006c58 	stp	x24, x27, [x2]
    6784:	91004042 	add	x2, x2, #0x10
    6788:	b901abe1 	str	w1, [sp, #424]
    678c:	f900dbe0 	str	x0, [sp, #432]
    6790:	71001c3f 	cmp	w1, #0x7
    6794:	54fffecd 	b.le	676c <_vfprintf_r+0xcbc>
    6798:	910683e2 	add	x2, sp, #0x1a0
    679c:	aa1503e1 	mov	x1, x21
    67a0:	aa1303e0 	mov	x0, x19
    67a4:	9400191f 	bl	cc20 <__sprint_r>
    67a8:	35ffda80 	cbnz	w0, 62f8 <_vfprintf_r+0x848>
    67ac:	f940dbe0 	ldr	x0, [sp, #432]
    67b0:	aa1603e2 	mov	x2, x22
    67b4:	b941abe1 	ldr	w1, [sp, #424]
    67b8:	17ffffed 	b	676c <_vfprintf_r+0xcbc>
    67bc:	2a1703e9 	mov	w9, w23
    67c0:	2a1803eb 	mov	w11, w24
    67c4:	aa1a03ea 	mov	x10, x26
    67c8:	71010d1f 	cmp	w8, #0x43
    67cc:	54005540 	b.eq	7274 <_vfprintf_r+0x17c4>  // b.none
    67d0:	37205529 	tbnz	w9, #4, 7274 <_vfprintf_r+0x17c4>
    67d4:	b9409be0 	ldr	w0, [sp, #152]
    67d8:	37f8e480 	tbnz	w0, #31, 8468 <_vfprintf_r+0x29b8>
    67dc:	f94043e0 	ldr	x0, [sp, #128]
    67e0:	91002c01 	add	x1, x0, #0xb
    67e4:	927df021 	and	x1, x1, #0xfffffffffffffff8
    67e8:	f90043e1 	str	x1, [sp, #128]
    67ec:	b9400000 	ldr	w0, [x0]
    67f0:	5280003a 	mov	w26, #0x1                   	// #1
    67f4:	9106e3f8 	add	x24, sp, #0x1b8
    67f8:	2a1a03f7 	mov	w23, w26
    67fc:	3906e3e0 	strb	w0, [sp, #440]
    6800:	aa1803fb 	mov	x27, x24
    6804:	52800001 	mov	w1, #0x0                   	// #0
    6808:	d2800019 	mov	x25, #0x0                   	// #0
    680c:	52800007 	mov	w7, #0x0                   	// #0
    6810:	52800018 	mov	w24, #0x0                   	// #0
    6814:	b90093ff 	str	wzr, [sp, #144]
    6818:	b900a3ff 	str	wzr, [sp, #160]
    681c:	3905bfff 	strb	wzr, [sp, #367]
    6820:	17fffd5a 	b	5d88 <_vfprintf_r+0x2d8>
    6824:	b9409be0 	ldr	w0, [sp, #152]
    6828:	2a1703e9 	mov	w9, w23
    682c:	2a1803eb 	mov	w11, w24
    6830:	2a1903e7 	mov	w7, w25
    6834:	aa1a03ea 	mov	x10, x26
    6838:	37f844c0 	tbnz	w0, #31, 70d0 <_vfprintf_r+0x1620>
    683c:	f94043e0 	ldr	x0, [sp, #128]
    6840:	91003c01 	add	x1, x0, #0xf
    6844:	927df021 	and	x1, x1, #0xfffffffffffffff8
    6848:	f90043e1 	str	x1, [sp, #128]
    684c:	f940001b 	ldr	x27, [x0]
    6850:	3905bfff 	strb	wzr, [sp, #367]
    6854:	b40085bb 	cbz	x27, 7908 <_vfprintf_r+0x1e58>
    6858:	71014d1f 	cmp	w8, #0x53
    685c:	54007120 	b.eq	7680 <_vfprintf_r+0x1bd0>  // b.none
    6860:	121c0138 	and	w24, w9, #0x10
    6864:	372070e9 	tbnz	w9, #4, 7680 <_vfprintf_r+0x1bd0>
    6868:	37f8af87 	tbnz	w7, #31, 7e58 <_vfprintf_r+0x23a8>
    686c:	93407ce2 	sxtw	x2, w7
    6870:	aa1b03e0 	mov	x0, x27
    6874:	52800001 	mov	w1, #0x0                   	// #0
    6878:	b90093e7 	str	w7, [sp, #144]
    687c:	b900a3e9 	str	w9, [sp, #160]
    6880:	b900c3eb 	str	w11, [sp, #192]
    6884:	f90067ea 	str	x10, [sp, #200]
    6888:	97fff65e 	bl	4200 <memchr>
    688c:	f94067ea 	ldr	x10, [sp, #200]
    6890:	aa0003f9 	mov	x25, x0
    6894:	b94093e7 	ldr	w7, [sp, #144]
    6898:	b940a3e9 	ldr	w9, [sp, #160]
    689c:	b940c3eb 	ldr	w11, [sp, #192]
    68a0:	b400fe80 	cbz	x0, 8870 <_vfprintf_r+0x2dc0>
    68a4:	3945bfe1 	ldrb	w1, [sp, #367]
    68a8:	cb1b0003 	sub	x3, x0, x27
    68ac:	b90093ff 	str	wzr, [sp, #144]
    68b0:	7100007f 	cmp	w3, #0x0
    68b4:	b900a3ff 	str	wzr, [sp, #160]
    68b8:	2a0303f7 	mov	w23, w3
    68bc:	1a9fa07a 	csel	w26, w3, wzr, ge	// ge = tcont
    68c0:	52800007 	mov	w7, #0x0                   	// #0
    68c4:	d2800019 	mov	x25, #0x0                   	// #0
    68c8:	52800e68 	mov	w8, #0x73                  	// #115
    68cc:	34ffa5e1 	cbz	w1, 5d88 <_vfprintf_r+0x2d8>
    68d0:	17ffff82 	b	66d8 <_vfprintf_r+0xc28>
    68d4:	4b1803f8 	neg	w24, w24
    68d8:	f90043e0 	str	x0, [sp, #128]
    68dc:	39400348 	ldrb	w8, [x26]
    68e0:	321e02f7 	orr	w23, w23, #0x4
    68e4:	17fffd10 	b	5d24 <_vfprintf_r+0x274>
    68e8:	39400348 	ldrb	w8, [x26]
    68ec:	7101a11f 	cmp	w8, #0x68
    68f0:	540046a0 	b.eq	71c4 <_vfprintf_r+0x1714>  // b.none
    68f4:	321a02f7 	orr	w23, w23, #0x40
    68f8:	17fffd0b 	b	5d24 <_vfprintf_r+0x274>
    68fc:	52800560 	mov	w0, #0x2b                  	// #43
    6900:	39400348 	ldrb	w8, [x26]
    6904:	3905bfe0 	strb	w0, [sp, #367]
    6908:	17fffd07 	b	5d24 <_vfprintf_r+0x274>
    690c:	b9409be0 	ldr	w0, [sp, #152]
    6910:	37f83f40 	tbnz	w0, #31, 70f8 <_vfprintf_r+0x1648>
    6914:	f94043e0 	ldr	x0, [sp, #128]
    6918:	91002c00 	add	x0, x0, #0xb
    691c:	927df000 	and	x0, x0, #0xfffffffffffffff8
    6920:	f94043e1 	ldr	x1, [sp, #128]
    6924:	b9400038 	ldr	w24, [x1]
    6928:	37fffd78 	tbnz	w24, #31, 68d4 <_vfprintf_r+0xe24>
    692c:	39400348 	ldrb	w8, [x26]
    6930:	f90043e0 	str	x0, [sp, #128]
    6934:	17fffcfc 	b	5d24 <_vfprintf_r+0x274>
    6938:	aa1303e0 	mov	x0, x19
    693c:	940018b1 	bl	cc00 <_localeconv_r>
    6940:	f9400400 	ldr	x0, [x0, #8]
    6944:	f9007be0 	str	x0, [sp, #240]
    6948:	97fff17e 	bl	2f40 <strlen>
    694c:	aa0003e1 	mov	x1, x0
    6950:	aa0103fb 	mov	x27, x1
    6954:	aa1303e0 	mov	x0, x19
    6958:	f90087e1 	str	x1, [sp, #264]
    695c:	940018a9 	bl	cc00 <_localeconv_r>
    6960:	f9400800 	ldr	x0, [x0, #16]
    6964:	f90083e0 	str	x0, [sp, #256]
    6968:	f100037f 	cmp	x27, #0x0
    696c:	fa401804 	ccmp	x0, #0x0, #0x4, ne	// ne = any
    6970:	540038e0 	b.eq	708c <_vfprintf_r+0x15dc>  // b.none
    6974:	39400001 	ldrb	w1, [x0]
    6978:	321602e0 	orr	w0, w23, #0x400
    697c:	39400348 	ldrb	w8, [x26]
    6980:	7100003f 	cmp	w1, #0x0
    6984:	1a971017 	csel	w23, w0, w23, ne	// ne = any
    6988:	17fffce7 	b	5d24 <_vfprintf_r+0x274>
    698c:	39400348 	ldrb	w8, [x26]
    6990:	320002f7 	orr	w23, w23, #0x1
    6994:	17fffce4 	b	5d24 <_vfprintf_r+0x274>
    6998:	3945bfe0 	ldrb	w0, [sp, #367]
    699c:	39400348 	ldrb	w8, [x26]
    69a0:	35ff9c20 	cbnz	w0, 5d24 <_vfprintf_r+0x274>
    69a4:	52800400 	mov	w0, #0x20                  	// #32
    69a8:	3905bfe0 	strb	w0, [sp, #367]
    69ac:	17fffcde 	b	5d24 <_vfprintf_r+0x274>
    69b0:	2a1803eb 	mov	w11, w24
    69b4:	2a1903e7 	mov	w7, w25
    69b8:	aa1a03ea 	mov	x10, x26
    69bc:	321c02e9 	orr	w9, w23, #0x10
    69c0:	b9409be0 	ldr	w0, [sp, #152]
    69c4:	37280049 	tbnz	w9, #5, 69cc <_vfprintf_r+0xf1c>
    69c8:	36203529 	tbz	w9, #4, 706c <_vfprintf_r+0x15bc>
    69cc:	37f852c0 	tbnz	w0, #31, 7424 <_vfprintf_r+0x1974>
    69d0:	f94043e0 	ldr	x0, [sp, #128]
    69d4:	91003c01 	add	x1, x0, #0xf
    69d8:	927df021 	and	x1, x1, #0xfffffffffffffff8
    69dc:	f90043e1 	str	x1, [sp, #128]
    69e0:	f9400000 	ldr	x0, [x0]
    69e4:	1215793a 	and	w26, w9, #0xfffffbff
    69e8:	52800001 	mov	w1, #0x0                   	// #0
    69ec:	52800002 	mov	w2, #0x0                   	// #0
    69f0:	3905bfe2 	strb	w2, [sp, #367]
    69f4:	37f81027 	tbnz	w7, #31, 6bf8 <_vfprintf_r+0x1148>
    69f8:	f100001f 	cmp	x0, #0x0
    69fc:	12187b49 	and	w9, w26, #0xffffff7f
    6a00:	7a4008e0 	ccmp	w7, #0x0, #0x0, eq	// eq = none
    6a04:	54000f81 	b.ne	6bf4 <_vfprintf_r+0x1144>  // b.any
    6a08:	35000501 	cbnz	w1, 6aa8 <_vfprintf_r+0xff8>
    6a0c:	12000357 	and	w23, w26, #0x1
    6a10:	36001dda 	tbz	w26, #0, 6dc8 <_vfprintf_r+0x1318>
    6a14:	91086ffb 	add	x27, sp, #0x21b
    6a18:	52800600 	mov	w0, #0x30                  	// #48
    6a1c:	52800007 	mov	w7, #0x0                   	// #0
    6a20:	39086fe0 	strb	w0, [sp, #539]
    6a24:	d503201f 	nop
    6a28:	3945bfe1 	ldrb	w1, [sp, #367]
    6a2c:	6b1700ff 	cmp	w7, w23
    6a30:	b90093ff 	str	wzr, [sp, #144]
    6a34:	1a97a0fa 	csel	w26, w7, w23, ge	// ge = tcont
    6a38:	b900a3ff 	str	wzr, [sp, #160]
    6a3c:	d2800019 	mov	x25, #0x0                   	// #0
    6a40:	52800018 	mov	w24, #0x0                   	// #0
    6a44:	34ff9a21 	cbz	w1, 5d88 <_vfprintf_r+0x2d8>
    6a48:	17ffff24 	b	66d8 <_vfprintf_r+0xc28>
    6a4c:	39400348 	ldrb	w8, [x26]
    6a50:	321d02f7 	orr	w23, w23, #0x8
    6a54:	17fffcb4 	b	5d24 <_vfprintf_r+0x274>
    6a58:	2a1803eb 	mov	w11, w24
    6a5c:	2a1903e7 	mov	w7, w25
    6a60:	aa1a03ea 	mov	x10, x26
    6a64:	321c02e9 	orr	w9, w23, #0x10
    6a68:	b9409be0 	ldr	w0, [sp, #152]
    6a6c:	37280049 	tbnz	w9, #5, 6a74 <_vfprintf_r+0xfc4>
    6a70:	36202c29 	tbz	w9, #4, 6ff4 <_vfprintf_r+0x1544>
    6a74:	37f84b00 	tbnz	w0, #31, 73d4 <_vfprintf_r+0x1924>
    6a78:	f94043e0 	ldr	x0, [sp, #128]
    6a7c:	91003c01 	add	x1, x0, #0xf
    6a80:	927df021 	and	x1, x1, #0xfffffffffffffff8
    6a84:	f90043e1 	str	x1, [sp, #128]
    6a88:	f9400001 	ldr	x1, [x0]
    6a8c:	aa0103e0 	mov	x0, x1
    6a90:	b7f82c41 	tbnz	x1, #63, 7018 <_vfprintf_r+0x1568>
    6a94:	37f81887 	tbnz	w7, #31, 6da4 <_vfprintf_r+0x12f4>
    6a98:	f100001f 	cmp	x0, #0x0
    6a9c:	12187929 	and	w9, w9, #0xffffff7f
    6aa0:	7a4008e0 	ccmp	w7, #0x0, #0x0, eq	// eq = none
    6aa4:	54001801 	b.ne	6da4 <_vfprintf_r+0x12f4>  // b.any
    6aa8:	910873fb 	add	x27, sp, #0x21c
    6aac:	52800007 	mov	w7, #0x0                   	// #0
    6ab0:	52800017 	mov	w23, #0x0                   	// #0
    6ab4:	17ffffdd 	b	6a28 <_vfprintf_r+0xf78>
    6ab8:	39400348 	ldrb	w8, [x26]
    6abc:	321b02f7 	orr	w23, w23, #0x20
    6ac0:	17fffc99 	b	5d24 <_vfprintf_r+0x274>
    6ac4:	39400348 	ldrb	w8, [x26]
    6ac8:	321902f7 	orr	w23, w23, #0x80
    6acc:	17fffc96 	b	5d24 <_vfprintf_r+0x274>
    6ad0:	aa1a03e1 	mov	x1, x26
    6ad4:	38401428 	ldrb	w8, [x1], #1
    6ad8:	7100a91f 	cmp	w8, #0x2a
    6adc:	540110a0 	b.eq	8cf0 <_vfprintf_r+0x3240>  // b.none
    6ae0:	5100c100 	sub	w0, w8, #0x30
    6ae4:	aa0103fa 	mov	x26, x1
    6ae8:	52800007 	mov	w7, #0x0                   	// #0
    6aec:	52800019 	mov	w25, #0x0                   	// #0
    6af0:	7100241f 	cmp	w0, #0x9
    6af4:	54ff91a8 	b.hi	5d28 <_vfprintf_r+0x278>  // b.pmore
    6af8:	38401428 	ldrb	w8, [x1], #1
    6afc:	0b0708e7 	add	w7, w7, w7, lsl #2
    6b00:	0b070407 	add	w7, w0, w7, lsl #1
    6b04:	5100c100 	sub	w0, w8, #0x30
    6b08:	7100241f 	cmp	w0, #0x9
    6b0c:	54ffff69 	b.ls	6af8 <_vfprintf_r+0x1048>  // b.plast
    6b10:	710000ff 	cmp	w7, #0x0
    6b14:	aa0103fa 	mov	x26, x1
    6b18:	5a9fa0f9 	csinv	w25, w7, wzr, ge	// ge = tcont
    6b1c:	17fffc83 	b	5d28 <_vfprintf_r+0x278>
    6b20:	aa1a03ea 	mov	x10, x26
    6b24:	2a1803eb 	mov	w11, w24
    6b28:	2a1903e7 	mov	w7, w25
    6b2c:	321c02fa 	orr	w26, w23, #0x10
    6b30:	b9409be0 	ldr	w0, [sp, #152]
    6b34:	3728005a 	tbnz	w26, #5, 6b3c <_vfprintf_r+0x108c>
    6b38:	362027ba 	tbz	w26, #4, 702c <_vfprintf_r+0x157c>
    6b3c:	37f84600 	tbnz	w0, #31, 73fc <_vfprintf_r+0x194c>
    6b40:	f94043e0 	ldr	x0, [sp, #128]
    6b44:	91003c01 	add	x1, x0, #0xf
    6b48:	927df021 	and	x1, x1, #0xfffffffffffffff8
    6b4c:	f90043e1 	str	x1, [sp, #128]
    6b50:	f9400000 	ldr	x0, [x0]
    6b54:	52800021 	mov	w1, #0x1                   	// #1
    6b58:	17ffffa5 	b	69ec <_vfprintf_r+0xf3c>
    6b5c:	b9409be0 	ldr	w0, [sp, #152]
    6b60:	2a1703e9 	mov	w9, w23
    6b64:	2a1803eb 	mov	w11, w24
    6b68:	2a1903e7 	mov	w7, w25
    6b6c:	aa1a03ea 	mov	x10, x26
    6b70:	37f829c0 	tbnz	w0, #31, 70a8 <_vfprintf_r+0x15f8>
    6b74:	f94043e0 	ldr	x0, [sp, #128]
    6b78:	91003c01 	add	x1, x0, #0xf
    6b7c:	927df021 	and	x1, x1, #0xfffffffffffffff8
    6b80:	f90043e1 	str	x1, [sp, #128]
    6b84:	f9400000 	ldr	x0, [x0]
    6b88:	528f0602 	mov	w2, #0x7830                	// #30768
    6b8c:	d0000043 	adrp	x3, 10000 <__sfp_handle_exceptions+0x300>
    6b90:	321f013a 	orr	w26, w9, #0x2
    6b94:	9104a063 	add	x3, x3, #0x128
    6b98:	52800041 	mov	w1, #0x2                   	// #2
    6b9c:	52800f08 	mov	w8, #0x78                  	// #120
    6ba0:	f90077e3 	str	x3, [sp, #232]
    6ba4:	7902e3e2 	strh	w2, [sp, #368]
    6ba8:	17ffff91 	b	69ec <_vfprintf_r+0xf3c>
    6bac:	b9409be0 	ldr	w0, [sp, #152]
    6bb0:	2a1703e9 	mov	w9, w23
    6bb4:	aa1a03ea 	mov	x10, x26
    6bb8:	36282069 	tbz	w9, #5, 6fc4 <_vfprintf_r+0x1514>
    6bbc:	37f86920 	tbnz	w0, #31, 78e0 <_vfprintf_r+0x1e30>
    6bc0:	f94043e0 	ldr	x0, [sp, #128]
    6bc4:	91003c01 	add	x1, x0, #0xf
    6bc8:	927df021 	and	x1, x1, #0xfffffffffffffff8
    6bcc:	f90043e1 	str	x1, [sp, #128]
    6bd0:	f9400000 	ldr	x0, [x0]
    6bd4:	b9807fe1 	ldrsw	x1, [sp, #124]
    6bd8:	f9000001 	str	x1, [x0]
    6bdc:	17fffbfd 	b	5bd0 <_vfprintf_r+0x120>
    6be0:	39400348 	ldrb	w8, [x26]
    6be4:	7101b11f 	cmp	w8, #0x6c
    6be8:	54002f60 	b.eq	71d4 <_vfprintf_r+0x1724>  // b.none
    6bec:	321c02f7 	orr	w23, w23, #0x10
    6bf0:	17fffc4d 	b	5d24 <_vfprintf_r+0x274>
    6bf4:	2a0903fa 	mov	w26, w9
    6bf8:	7100043f 	cmp	w1, #0x1
    6bfc:	54000d60 	b.eq	6da8 <_vfprintf_r+0x12f8>  // b.none
    6c00:	910873f7 	add	x23, sp, #0x21c
    6c04:	aa1703fb 	mov	x27, x23
    6c08:	7100083f 	cmp	w1, #0x2
    6c0c:	54000161 	b.ne	6c38 <_vfprintf_r+0x1188>  // b.any
    6c10:	f94077e2 	ldr	x2, [sp, #232]
    6c14:	d503201f 	nop
    6c18:	92400c01 	and	x1, x0, #0xf
    6c1c:	d344fc00 	lsr	x0, x0, #4
    6c20:	38616841 	ldrb	w1, [x2, x1]
    6c24:	381fff61 	strb	w1, [x27, #-1]!
    6c28:	b5ffff80 	cbnz	x0, 6c18 <_vfprintf_r+0x1168>
    6c2c:	4b1b02f7 	sub	w23, w23, w27
    6c30:	2a1a03e9 	mov	w9, w26
    6c34:	17ffff7d 	b	6a28 <_vfprintf_r+0xf78>
    6c38:	12000801 	and	w1, w0, #0x7
    6c3c:	aa1b03e2 	mov	x2, x27
    6c40:	1100c021 	add	w1, w1, #0x30
    6c44:	381fff61 	strb	w1, [x27, #-1]!
    6c48:	d343fc00 	lsr	x0, x0, #3
    6c4c:	b5ffff60 	cbnz	x0, 6c38 <_vfprintf_r+0x1188>
    6c50:	7100c03f 	cmp	w1, #0x30
    6c54:	1a9f07e0 	cset	w0, ne	// ne = any
    6c58:	6a00035f 	tst	w26, w0
    6c5c:	54fffe80 	b.eq	6c2c <_vfprintf_r+0x117c>  // b.none
    6c60:	d1000842 	sub	x2, x2, #0x2
    6c64:	52800600 	mov	w0, #0x30                  	// #48
    6c68:	2a1a03e9 	mov	w9, w26
    6c6c:	4b0202f7 	sub	w23, w23, w2
    6c70:	381ff360 	sturb	w0, [x27, #-1]
    6c74:	aa0203fb 	mov	x27, x2
    6c78:	17ffff6c 	b	6a28 <_vfprintf_r+0xf78>
    6c7c:	910683e2 	add	x2, sp, #0x1a0
    6c80:	aa1503e1 	mov	x1, x21
    6c84:	aa1303e0 	mov	x0, x19
    6c88:	b900c3ee 	str	w14, [sp, #192]
    6c8c:	b900cbe8 	str	w8, [sp, #200]
    6c90:	b900d3e9 	str	w9, [sp, #208]
    6c94:	b900dbeb 	str	w11, [sp, #216]
    6c98:	b900e3e7 	str	w7, [sp, #224]
    6c9c:	f90093ea 	str	x10, [sp, #288]
    6ca0:	940017e0 	bl	cc20 <__sprint_r>
    6ca4:	35ffb2a0 	cbnz	w0, 62f8 <_vfprintf_r+0x848>
    6ca8:	f94093ea 	ldr	x10, [sp, #288]
    6cac:	aa1603fc 	mov	x28, x22
    6cb0:	f940dbe0 	ldr	x0, [sp, #432]
    6cb4:	b940c3ee 	ldr	w14, [sp, #192]
    6cb8:	b940cbe8 	ldr	w8, [sp, #200]
    6cbc:	b940d3e9 	ldr	w9, [sp, #208]
    6cc0:	b940dbeb 	ldr	w11, [sp, #216]
    6cc4:	b940e3e7 	ldr	w7, [sp, #224]
    6cc8:	17fffc54 	b	5e18 <_vfprintf_r+0x368>
    6ccc:	d000004d 	adrp	x13, 10000 <__sfp_handle_exceptions+0x300>
    6cd0:	b941abe1 	ldr	w1, [sp, #424]
    6cd4:	911441ad 	add	x13, x13, #0x510
    6cd8:	710042ff 	cmp	w23, #0x10
    6cdc:	540003ed 	b.le	6d58 <_vfprintf_r+0x12a8>
    6ce0:	aa0d03f8 	mov	x24, x13
    6ce4:	d280021b 	mov	x27, #0x10                  	// #16
    6ce8:	b90093eb 	str	w11, [sp, #144]
    6cec:	f90053ea 	str	x10, [sp, #160]
    6cf0:	14000004 	b	6d00 <_vfprintf_r+0x1250>
    6cf4:	510042f7 	sub	w23, w23, #0x10
    6cf8:	710042ff 	cmp	w23, #0x10
    6cfc:	5400028d 	b.le	6d4c <_vfprintf_r+0x129c>
    6d00:	91004000 	add	x0, x0, #0x10
    6d04:	11000421 	add	w1, w1, #0x1
    6d08:	a9006f98 	stp	x24, x27, [x28]
    6d0c:	9100439c 	add	x28, x28, #0x10
    6d10:	b901abe1 	str	w1, [sp, #424]
    6d14:	f900dbe0 	str	x0, [sp, #432]
    6d18:	71001c3f 	cmp	w1, #0x7
    6d1c:	54fffecd 	b.le	6cf4 <_vfprintf_r+0x1244>
    6d20:	910683e2 	add	x2, sp, #0x1a0
    6d24:	aa1503e1 	mov	x1, x21
    6d28:	aa1303e0 	mov	x0, x19
    6d2c:	940017bd 	bl	cc20 <__sprint_r>
    6d30:	35ffae40 	cbnz	w0, 62f8 <_vfprintf_r+0x848>
    6d34:	510042f7 	sub	w23, w23, #0x10
    6d38:	b941abe1 	ldr	w1, [sp, #424]
    6d3c:	f940dbe0 	ldr	x0, [sp, #432]
    6d40:	aa1603fc 	mov	x28, x22
    6d44:	710042ff 	cmp	w23, #0x10
    6d48:	54fffdcc 	b.gt	6d00 <_vfprintf_r+0x1250>
    6d4c:	f94053ea 	ldr	x10, [sp, #160]
    6d50:	aa1803ed 	mov	x13, x24
    6d54:	b94093eb 	ldr	w11, [sp, #144]
    6d58:	93407ef7 	sxtw	x23, w23
    6d5c:	11000421 	add	w1, w1, #0x1
    6d60:	8b170000 	add	x0, x0, x23
    6d64:	a9005f8d 	stp	x13, x23, [x28]
    6d68:	b901abe1 	str	w1, [sp, #424]
    6d6c:	f900dbe0 	str	x0, [sp, #432]
    6d70:	71001c3f 	cmp	w1, #0x7
    6d74:	54ff87ad 	b.le	5e68 <_vfprintf_r+0x3b8>
    6d78:	910683e2 	add	x2, sp, #0x1a0
    6d7c:	aa1503e1 	mov	x1, x21
    6d80:	aa1303e0 	mov	x0, x19
    6d84:	b90093eb 	str	w11, [sp, #144]
    6d88:	f90053ea 	str	x10, [sp, #160]
    6d8c:	940017a5 	bl	cc20 <__sprint_r>
    6d90:	35ffab40 	cbnz	w0, 62f8 <_vfprintf_r+0x848>
    6d94:	f94053ea 	ldr	x10, [sp, #160]
    6d98:	f940dbe0 	ldr	x0, [sp, #432]
    6d9c:	b94093eb 	ldr	w11, [sp, #144]
    6da0:	17fffc32 	b	5e68 <_vfprintf_r+0x3b8>
    6da4:	2a0903fa 	mov	w26, w9
    6da8:	f100241f 	cmp	x0, #0x9
    6dac:	540054c8 	b.hi	7844 <_vfprintf_r+0x1d94>  // b.pmore
    6db0:	1100c000 	add	w0, w0, #0x30
    6db4:	2a1a03e9 	mov	w9, w26
    6db8:	91086ffb 	add	x27, sp, #0x21b
    6dbc:	52800037 	mov	w23, #0x1                   	// #1
    6dc0:	39086fe0 	strb	w0, [sp, #539]
    6dc4:	17ffff19 	b	6a28 <_vfprintf_r+0xf78>
    6dc8:	910873fb 	add	x27, sp, #0x21c
    6dcc:	52800007 	mov	w7, #0x0                   	// #0
    6dd0:	17ffff16 	b	6a28 <_vfprintf_r+0xf78>
    6dd4:	b9409fe1 	ldr	w1, [sp, #156]
    6dd8:	6b01031f 	cmp	w24, w1
    6ddc:	1a81d317 	csel	w23, w24, w1, le
    6de0:	93407c2c 	sxtw	x12, w1
    6de4:	710002ff 	cmp	w23, #0x0
    6de8:	5400016d 	b.le	6e14 <_vfprintf_r+0x1364>
    6dec:	b941abe1 	ldr	w1, [sp, #424]
    6df0:	93407ee2 	sxtw	x2, w23
    6df4:	8b020000 	add	x0, x0, x2
    6df8:	a9000b9b 	stp	x27, x2, [x28]
    6dfc:	11000421 	add	w1, w1, #0x1
    6e00:	b901abe1 	str	w1, [sp, #424]
    6e04:	9100439c 	add	x28, x28, #0x10
    6e08:	f900dbe0 	str	x0, [sp, #432]
    6e0c:	71001c3f 	cmp	w1, #0x7
    6e10:	5400b40c 	b.gt	8490 <_vfprintf_r+0x29e0>
    6e14:	710002ff 	cmp	w23, #0x0
    6e18:	1a9fa2e4 	csel	w4, w23, wzr, ge	// ge = tcont
    6e1c:	4b040317 	sub	w23, w24, w4
    6e20:	710002ff 	cmp	w23, #0x0
    6e24:	5400596c 	b.gt	7950 <_vfprintf_r+0x1ea0>
    6e28:	8b38c368 	add	x8, x27, w24, sxtw
    6e2c:	37509549 	tbnz	w9, #10, 80d4 <_vfprintf_r+0x2624>
    6e30:	b9409fe1 	ldr	w1, [sp, #156]
    6e34:	b9417bf7 	ldr	w23, [sp, #376]
    6e38:	6b0102ff 	cmp	w23, w1
    6e3c:	5400268b 	b.lt	730c <_vfprintf_r+0x185c>  // b.tstop
    6e40:	37002669 	tbnz	w9, #0, 730c <_vfprintf_r+0x185c>
    6e44:	b9409fe1 	ldr	w1, [sp, #156]
    6e48:	8b0c037b 	add	x27, x27, x12
    6e4c:	cb08037b 	sub	x27, x27, x8
    6e50:	4b170037 	sub	w23, w1, w23
    6e54:	6b1b02ff 	cmp	w23, w27
    6e58:	1a9bb2fb 	csel	w27, w23, w27, lt	// lt = tstop
    6e5c:	7100037f 	cmp	w27, #0x0
    6e60:	5400016d 	b.le	6e8c <_vfprintf_r+0x13dc>
    6e64:	b941abe1 	ldr	w1, [sp, #424]
    6e68:	93407f62 	sxtw	x2, w27
    6e6c:	8b020000 	add	x0, x0, x2
    6e70:	a9000b88 	stp	x8, x2, [x28]
    6e74:	11000421 	add	w1, w1, #0x1
    6e78:	b901abe1 	str	w1, [sp, #424]
    6e7c:	9100439c 	add	x28, x28, #0x10
    6e80:	f900dbe0 	str	x0, [sp, #432]
    6e84:	71001c3f 	cmp	w1, #0x7
    6e88:	5400b7ec 	b.gt	8584 <_vfprintf_r+0x2ad4>
    6e8c:	7100037f 	cmp	w27, #0x0
    6e90:	1a9fa37b 	csel	w27, w27, wzr, ge	// ge = tcont
    6e94:	4b1b02f7 	sub	w23, w23, w27
    6e98:	710002ff 	cmp	w23, #0x0
    6e9c:	54ff7ded 	b.le	5e58 <_vfprintf_r+0x3a8>
    6ea0:	d0000044 	adrp	x4, 10000 <__sfp_handle_exceptions+0x300>
    6ea4:	b941abe1 	ldr	w1, [sp, #424]
    6ea8:	91140084 	add	x4, x4, #0x500
    6eac:	710042ff 	cmp	w23, #0x10
    6eb0:	54004b6d 	b.le	781c <_vfprintf_r+0x1d6c>
    6eb4:	aa1c03e2 	mov	x2, x28
    6eb8:	aa0403f8 	mov	x24, x4
    6ebc:	aa0a03fc 	mov	x28, x10
    6ec0:	d280021b 	mov	x27, #0x10                  	// #16
    6ec4:	b90093e9 	str	w9, [sp, #144]
    6ec8:	b900a3eb 	str	w11, [sp, #160]
    6ecc:	14000004 	b	6edc <_vfprintf_r+0x142c>
    6ed0:	510042f7 	sub	w23, w23, #0x10
    6ed4:	710042ff 	cmp	w23, #0x10
    6ed8:	5400498d 	b.le	7808 <_vfprintf_r+0x1d58>
    6edc:	91004000 	add	x0, x0, #0x10
    6ee0:	11000421 	add	w1, w1, #0x1
    6ee4:	a9006c58 	stp	x24, x27, [x2]
    6ee8:	91004042 	add	x2, x2, #0x10
    6eec:	b901abe1 	str	w1, [sp, #424]
    6ef0:	f900dbe0 	str	x0, [sp, #432]
    6ef4:	71001c3f 	cmp	w1, #0x7
    6ef8:	54fffecd 	b.le	6ed0 <_vfprintf_r+0x1420>
    6efc:	910683e2 	add	x2, sp, #0x1a0
    6f00:	aa1503e1 	mov	x1, x21
    6f04:	aa1303e0 	mov	x0, x19
    6f08:	94001746 	bl	cc20 <__sprint_r>
    6f0c:	35ff9f60 	cbnz	w0, 62f8 <_vfprintf_r+0x848>
    6f10:	f940dbe0 	ldr	x0, [sp, #432]
    6f14:	aa1603e2 	mov	x2, x22
    6f18:	b941abe1 	ldr	w1, [sp, #424]
    6f1c:	17ffffed 	b	6ed0 <_vfprintf_r+0x1420>
    6f20:	910683e2 	add	x2, sp, #0x1a0
    6f24:	aa1503e1 	mov	x1, x21
    6f28:	aa1303e0 	mov	x0, x19
    6f2c:	b90093e9 	str	w9, [sp, #144]
    6f30:	b900a3eb 	str	w11, [sp, #160]
    6f34:	f90063ea 	str	x10, [sp, #192]
    6f38:	9400173a 	bl	cc20 <__sprint_r>
    6f3c:	35ff9de0 	cbnz	w0, 62f8 <_vfprintf_r+0x848>
    6f40:	f94063ea 	ldr	x10, [sp, #192]
    6f44:	aa1603e2 	mov	x2, x22
    6f48:	f940dbe0 	ldr	x0, [sp, #432]
    6f4c:	b94093e9 	ldr	w9, [sp, #144]
    6f50:	b940a3eb 	ldr	w11, [sp, #160]
    6f54:	b941abe1 	ldr	w1, [sp, #424]
    6f58:	17fffd5d 	b	64cc <_vfprintf_r+0xa1c>
    6f5c:	910683e2 	add	x2, sp, #0x1a0
    6f60:	aa1503e1 	mov	x1, x21
    6f64:	aa1303e0 	mov	x0, x19
    6f68:	b90093e9 	str	w9, [sp, #144]
    6f6c:	b900a3eb 	str	w11, [sp, #160]
    6f70:	f90063ea 	str	x10, [sp, #192]
    6f74:	9400172b 	bl	cc20 <__sprint_r>
    6f78:	35ff9c00 	cbnz	w0, 62f8 <_vfprintf_r+0x848>
    6f7c:	1e602108 	fcmp	d8, #0.0
    6f80:	b9409fe3 	ldr	w3, [sp, #156]
    6f84:	f94063ea 	ldr	x10, [sp, #192]
    6f88:	aa1603e2 	mov	x2, x22
    6f8c:	f940dbe0 	ldr	x0, [sp, #432]
    6f90:	51000477 	sub	w23, w3, #0x1
    6f94:	b94093e9 	ldr	w9, [sp, #144]
    6f98:	b940a3eb 	ldr	w11, [sp, #160]
    6f9c:	b941abe1 	ldr	w1, [sp, #424]
    6fa0:	54ffbcc0 	b.eq	6738 <_vfprintf_r+0xc88>  // b.none
    6fa4:	17fffd57 	b	6500 <_vfprintf_r+0xa50>
    6fa8:	f94052a0 	ldr	x0, [x21, #160]
    6fac:	97fff479 	bl	4190 <__retarget_lock_acquire_recursive>
    6fb0:	79c022a1 	ldrsh	w1, [x21, #16]
    6fb4:	b940b2a0 	ldr	w0, [x21, #176]
    6fb8:	17fffae2 	b	5b40 <_vfprintf_r+0x90>
    6fbc:	360774e9 	tbz	w9, #0, 5e58 <_vfprintf_r+0x3a8>
    6fc0:	17fffc20 	b	6040 <_vfprintf_r+0x590>
    6fc4:	3727dfc9 	tbnz	w9, #4, 6bbc <_vfprintf_r+0x110c>
    6fc8:	37306fe9 	tbnz	w9, #6, 7dc4 <_vfprintf_r+0x2314>
    6fcc:	3648c009 	tbz	w9, #9, 87cc <_vfprintf_r+0x2d1c>
    6fd0:	37f8dc80 	tbnz	w0, #31, 8b60 <_vfprintf_r+0x30b0>
    6fd4:	f94043e0 	ldr	x0, [sp, #128]
    6fd8:	91003c01 	add	x1, x0, #0xf
    6fdc:	927df021 	and	x1, x1, #0xfffffffffffffff8
    6fe0:	f90043e1 	str	x1, [sp, #128]
    6fe4:	f9400000 	ldr	x0, [x0]
    6fe8:	3941f3e1 	ldrb	w1, [sp, #124]
    6fec:	39000001 	strb	w1, [x0]
    6ff0:	17fffaf8 	b	5bd0 <_vfprintf_r+0x120>
    6ff4:	36305089 	tbz	w9, #6, 7a04 <_vfprintf_r+0x1f54>
    6ff8:	37f876c0 	tbnz	w0, #31, 7ed0 <_vfprintf_r+0x2420>
    6ffc:	f94043e0 	ldr	x0, [sp, #128]
    7000:	91002c01 	add	x1, x0, #0xb
    7004:	927df021 	and	x1, x1, #0xfffffffffffffff8
    7008:	f90043e1 	str	x1, [sp, #128]
    700c:	79800000 	ldrsh	x0, [x0]
    7010:	aa0003e1 	mov	x1, x0
    7014:	b6ffd401 	tbz	x1, #63, 6a94 <_vfprintf_r+0xfe4>
    7018:	cb0003e0 	neg	x0, x0
    701c:	2a0903fa 	mov	w26, w9
    7020:	528005a2 	mov	w2, #0x2d                  	// #45
    7024:	52800021 	mov	w1, #0x1                   	// #1
    7028:	17fffe72 	b	69f0 <_vfprintf_r+0xf40>
    702c:	363052da 	tbz	w26, #6, 7a84 <_vfprintf_r+0x1fd4>
    7030:	37f87640 	tbnz	w0, #31, 7ef8 <_vfprintf_r+0x2448>
    7034:	f94043e0 	ldr	x0, [sp, #128]
    7038:	91002c01 	add	x1, x0, #0xb
    703c:	927df021 	and	x1, x1, #0xfffffffffffffff8
    7040:	f90043e1 	str	x1, [sp, #128]
    7044:	79400000 	ldrh	w0, [x0]
    7048:	52800021 	mov	w1, #0x1                   	// #1
    704c:	17fffe68 	b	69ec <_vfprintf_r+0xf3c>
    7050:	37f880e0 	tbnz	w0, #31, 806c <_vfprintf_r+0x25bc>
    7054:	f94043e0 	ldr	x0, [sp, #128]
    7058:	91003c01 	add	x1, x0, #0xf
    705c:	fd400008 	ldr	d8, [x0]
    7060:	927df021 	and	x1, x1, #0xfffffffffffffff8
    7064:	f90043e1 	str	x1, [sp, #128]
    7068:	17fffd84 	b	6678 <_vfprintf_r+0xbc8>
    706c:	363051e9 	tbz	w9, #6, 7aa8 <_vfprintf_r+0x1ff8>
    7070:	37f87580 	tbnz	w0, #31, 7f20 <_vfprintf_r+0x2470>
    7074:	f94043e0 	ldr	x0, [sp, #128]
    7078:	91002c01 	add	x1, x0, #0xb
    707c:	927df021 	and	x1, x1, #0xfffffffffffffff8
    7080:	79400000 	ldrh	w0, [x0]
    7084:	f90043e1 	str	x1, [sp, #128]
    7088:	17fffe57 	b	69e4 <_vfprintf_r+0xf34>
    708c:	39400348 	ldrb	w8, [x26]
    7090:	17fffb25 	b	5d24 <_vfprintf_r+0x274>
    7094:	2a1703e9 	mov	w9, w23
    7098:	2a1803eb 	mov	w11, w24
    709c:	2a1903e7 	mov	w7, w25
    70a0:	aa1a03ea 	mov	x10, x26
    70a4:	17fffe71 	b	6a68 <_vfprintf_r+0xfb8>
    70a8:	b9409be0 	ldr	w0, [sp, #152]
    70ac:	11002001 	add	w1, w0, #0x8
    70b0:	7100003f 	cmp	w1, #0x0
    70b4:	54009d0d 	b.le	8454 <_vfprintf_r+0x29a4>
    70b8:	f94043e0 	ldr	x0, [sp, #128]
    70bc:	b9009be1 	str	w1, [sp, #152]
    70c0:	91003c02 	add	x2, x0, #0xf
    70c4:	927df041 	and	x1, x2, #0xfffffffffffffff8
    70c8:	f90043e1 	str	x1, [sp, #128]
    70cc:	17fffeae 	b	6b84 <_vfprintf_r+0x10d4>
    70d0:	b9409be0 	ldr	w0, [sp, #152]
    70d4:	11002001 	add	w1, w0, #0x8
    70d8:	7100003f 	cmp	w1, #0x0
    70dc:	54009b2d 	b.le	8440 <_vfprintf_r+0x2990>
    70e0:	f94043e0 	ldr	x0, [sp, #128]
    70e4:	b9009be1 	str	w1, [sp, #152]
    70e8:	91003c02 	add	x2, x0, #0xf
    70ec:	927df041 	and	x1, x2, #0xfffffffffffffff8
    70f0:	f90043e1 	str	x1, [sp, #128]
    70f4:	17fffdd6 	b	684c <_vfprintf_r+0xd9c>
    70f8:	b9409be0 	ldr	w0, [sp, #152]
    70fc:	11002001 	add	w1, w0, #0x8
    7100:	7100003f 	cmp	w1, #0x0
    7104:	5400990d 	b.le	8424 <_vfprintf_r+0x2974>
    7108:	f94043e0 	ldr	x0, [sp, #128]
    710c:	b9009be1 	str	w1, [sp, #152]
    7110:	91002c00 	add	x0, x0, #0xb
    7114:	927df000 	and	x0, x0, #0xfffffffffffffff8
    7118:	17fffe02 	b	6920 <_vfprintf_r+0xe70>
    711c:	f94053ea 	ldr	x10, [sp, #160]
    7120:	2a1c03eb 	mov	w11, w28
    7124:	b94093e9 	ldr	w9, [sp, #144]
    7128:	aa1803e4 	mov	x4, x24
    712c:	93407ef7 	sxtw	x23, w23
    7130:	11000421 	add	w1, w1, #0x1
    7134:	8b170000 	add	x0, x0, x23
    7138:	b901abe1 	str	w1, [sp, #424]
    713c:	f900dbe0 	str	x0, [sp, #432]
    7140:	f9000044 	str	x4, [x2]
    7144:	f9000457 	str	x23, [x2, #8]
    7148:	71001c3f 	cmp	w1, #0x7
    714c:	54ff9eed 	b.le	6528 <_vfprintf_r+0xa78>
    7150:	910683e2 	add	x2, sp, #0x1a0
    7154:	aa1503e1 	mov	x1, x21
    7158:	aa1303e0 	mov	x0, x19
    715c:	b90093e9 	str	w9, [sp, #144]
    7160:	b900a3eb 	str	w11, [sp, #160]
    7164:	f90063ea 	str	x10, [sp, #192]
    7168:	940016ae 	bl	cc20 <__sprint_r>
    716c:	35ff8c60 	cbnz	w0, 62f8 <_vfprintf_r+0x848>
    7170:	f94063ea 	ldr	x10, [sp, #192]
    7174:	aa1603e2 	mov	x2, x22
    7178:	f940dbe0 	ldr	x0, [sp, #432]
    717c:	b94093e9 	ldr	w9, [sp, #144]
    7180:	b940a3eb 	ldr	w11, [sp, #160]
    7184:	b941abe1 	ldr	w1, [sp, #424]
    7188:	17fffce9 	b	652c <_vfprintf_r+0xa7c>
    718c:	910683e2 	add	x2, sp, #0x1a0
    7190:	aa1503e1 	mov	x1, x21
    7194:	aa1303e0 	mov	x0, x19
    7198:	b90093e9 	str	w9, [sp, #144]
    719c:	b900a3eb 	str	w11, [sp, #160]
    71a0:	f90063ea 	str	x10, [sp, #192]
    71a4:	9400169f 	bl	cc20 <__sprint_r>
    71a8:	35ff8a80 	cbnz	w0, 62f8 <_vfprintf_r+0x848>
    71ac:	f94063ea 	ldr	x10, [sp, #192]
    71b0:	aa1603fc 	mov	x28, x22
    71b4:	f940dbe0 	ldr	x0, [sp, #432]
    71b8:	b94093e9 	ldr	w9, [sp, #144]
    71bc:	b940a3eb 	ldr	w11, [sp, #160]
    71c0:	17fffbaa 	b	6068 <_vfprintf_r+0x5b8>
    71c4:	39400748 	ldrb	w8, [x26, #1]
    71c8:	321702f7 	orr	w23, w23, #0x200
    71cc:	9100075a 	add	x26, x26, #0x1
    71d0:	17fffad5 	b	5d24 <_vfprintf_r+0x274>
    71d4:	39400748 	ldrb	w8, [x26, #1]
    71d8:	321b02f7 	orr	w23, w23, #0x20
    71dc:	9100075a 	add	x26, x26, #0x1
    71e0:	17fffad1 	b	5d24 <_vfprintf_r+0x274>
    71e4:	aa1a03ea 	mov	x10, x26
    71e8:	2a1803eb 	mov	w11, w24
    71ec:	2a1903e7 	mov	w7, w25
    71f0:	2a1703fa 	mov	w26, w23
    71f4:	17fffe4f 	b	6b30 <_vfprintf_r+0x1080>
    71f8:	2a1703e9 	mov	w9, w23
    71fc:	2a1803eb 	mov	w11, w24
    7200:	2a1903e7 	mov	w7, w25
    7204:	aa1a03ea 	mov	x10, x26
    7208:	b0000040 	adrp	x0, 10000 <__sfp_handle_exceptions+0x300>
    720c:	91050000 	add	x0, x0, #0x140
    7210:	f90077e0 	str	x0, [sp, #232]
    7214:	b9409be0 	ldr	w0, [sp, #152]
    7218:	37280b09 	tbnz	w9, #5, 7378 <_vfprintf_r+0x18c8>
    721c:	37200ae9 	tbnz	w9, #4, 7378 <_vfprintf_r+0x18c8>
    7220:	363040e9 	tbz	w9, #6, 7a3c <_vfprintf_r+0x1f8c>
    7224:	37f86400 	tbnz	w0, #31, 7ea4 <_vfprintf_r+0x23f4>
    7228:	f94043e0 	ldr	x0, [sp, #128]
    722c:	91002c01 	add	x1, x0, #0xb
    7230:	927df021 	and	x1, x1, #0xfffffffffffffff8
    7234:	79400000 	ldrh	w0, [x0]
    7238:	f90043e1 	str	x1, [sp, #128]
    723c:	14000055 	b	7390 <_vfprintf_r+0x18e0>
    7240:	b0000040 	adrp	x0, 10000 <__sfp_handle_exceptions+0x300>
    7244:	2a1703e9 	mov	w9, w23
    7248:	9104a000 	add	x0, x0, #0x128
    724c:	2a1803eb 	mov	w11, w24
    7250:	2a1903e7 	mov	w7, w25
    7254:	aa1a03ea 	mov	x10, x26
    7258:	f90077e0 	str	x0, [sp, #232]
    725c:	17ffffee 	b	7214 <_vfprintf_r+0x1764>
    7260:	2a1703e9 	mov	w9, w23
    7264:	2a1803eb 	mov	w11, w24
    7268:	2a1903e7 	mov	w7, w25
    726c:	aa1a03ea 	mov	x10, x26
    7270:	17fffdd4 	b	69c0 <_vfprintf_r+0xf10>
    7274:	910663e0 	add	x0, sp, #0x198
    7278:	d2800102 	mov	x2, #0x8                   	// #8
    727c:	52800001 	mov	w1, #0x0                   	// #0
    7280:	b90093e8 	str	w8, [sp, #144]
    7284:	b900a3e9 	str	w9, [sp, #160]
    7288:	b900c3eb 	str	w11, [sp, #192]
    728c:	f90067ea 	str	x10, [sp, #200]
    7290:	97fff96c 	bl	5840 <memset>
    7294:	b9409be0 	ldr	w0, [sp, #152]
    7298:	f94067ea 	ldr	x10, [sp, #200]
    729c:	b94093e8 	ldr	w8, [sp, #144]
    72a0:	b940a3e9 	ldr	w9, [sp, #160]
    72a4:	b940c3eb 	ldr	w11, [sp, #192]
    72a8:	37f839a0 	tbnz	w0, #31, 79dc <_vfprintf_r+0x1f2c>
    72ac:	f94043e0 	ldr	x0, [sp, #128]
    72b0:	91002c01 	add	x1, x0, #0xb
    72b4:	927df021 	and	x1, x1, #0xfffffffffffffff8
    72b8:	f90043e1 	str	x1, [sp, #128]
    72bc:	b9400002 	ldr	w2, [x0]
    72c0:	9106e3f8 	add	x24, sp, #0x1b8
    72c4:	910663e3 	add	x3, sp, #0x198
    72c8:	aa1803e1 	mov	x1, x24
    72cc:	aa1303e0 	mov	x0, x19
    72d0:	b90093e8 	str	w8, [sp, #144]
    72d4:	b900a3e9 	str	w9, [sp, #160]
    72d8:	b900c3eb 	str	w11, [sp, #192]
    72dc:	f90067ea 	str	x10, [sp, #200]
    72e0:	94000de4 	bl	aa70 <_wcrtomb_r>
    72e4:	f94067ea 	ldr	x10, [sp, #200]
    72e8:	2a0003f7 	mov	w23, w0
    72ec:	b94093e8 	ldr	w8, [sp, #144]
    72f0:	3100041f 	cmn	w0, #0x1
    72f4:	b940a3e9 	ldr	w9, [sp, #160]
    72f8:	b940c3eb 	ldr	w11, [sp, #192]
    72fc:	5400c5a0 	b.eq	8bb0 <_vfprintf_r+0x3100>  // b.none
    7300:	7100001f 	cmp	w0, #0x0
    7304:	1a9fa01a 	csel	w26, w0, wzr, ge	// ge = tcont
    7308:	17fffd3e 	b	6800 <_vfprintf_r+0xd50>
    730c:	a94b0fe2 	ldp	x2, x3, [sp, #176]
    7310:	a9000b83 	stp	x3, x2, [x28]
    7314:	b941abe1 	ldr	w1, [sp, #424]
    7318:	9100439c 	add	x28, x28, #0x10
    731c:	11000421 	add	w1, w1, #0x1
    7320:	b901abe1 	str	w1, [sp, #424]
    7324:	8b020000 	add	x0, x0, x2
    7328:	f900dbe0 	str	x0, [sp, #432]
    732c:	71001c3f 	cmp	w1, #0x7
    7330:	54ffd8ad 	b.le	6e44 <_vfprintf_r+0x1394>
    7334:	910683e2 	add	x2, sp, #0x1a0
    7338:	aa1503e1 	mov	x1, x21
    733c:	aa1303e0 	mov	x0, x19
    7340:	f9004bec 	str	x12, [sp, #144]
    7344:	b900a3e9 	str	w9, [sp, #160]
    7348:	b900c3eb 	str	w11, [sp, #192]
    734c:	a90cabe8 	stp	x8, x10, [sp, #200]
    7350:	94001634 	bl	cc20 <__sprint_r>
    7354:	35ff7d20 	cbnz	w0, 62f8 <_vfprintf_r+0x848>
    7358:	f9404bec 	ldr	x12, [sp, #144]
    735c:	aa1603fc 	mov	x28, x22
    7360:	a94cabe8 	ldp	x8, x10, [sp, #200]
    7364:	f940dbe0 	ldr	x0, [sp, #432]
    7368:	b940a3e9 	ldr	w9, [sp, #160]
    736c:	b940c3eb 	ldr	w11, [sp, #192]
    7370:	b9417bf7 	ldr	w23, [sp, #376]
    7374:	17fffeb4 	b	6e44 <_vfprintf_r+0x1394>
    7378:	37f801a0 	tbnz	w0, #31, 73ac <_vfprintf_r+0x18fc>
    737c:	f94043e0 	ldr	x0, [sp, #128]
    7380:	91003c01 	add	x1, x0, #0xf
    7384:	927df021 	and	x1, x1, #0xfffffffffffffff8
    7388:	f90043e1 	str	x1, [sp, #128]
    738c:	f9400000 	ldr	x0, [x0]
    7390:	f100001f 	cmp	x0, #0x0
    7394:	1a9f07e1 	cset	w1, ne	// ne = any
    7398:	6a01013f 	tst	w9, w1
    739c:	540014c1 	b.ne	7634 <_vfprintf_r+0x1b84>  // b.any
    73a0:	1215793a 	and	w26, w9, #0xfffffbff
    73a4:	52800041 	mov	w1, #0x2                   	// #2
    73a8:	17fffd91 	b	69ec <_vfprintf_r+0xf3c>
    73ac:	b9409be0 	ldr	w0, [sp, #152]
    73b0:	11002001 	add	w1, w0, #0x8
    73b4:	7100003f 	cmp	w1, #0x0
    73b8:	540035cd 	b.le	7a70 <_vfprintf_r+0x1fc0>
    73bc:	f94043e0 	ldr	x0, [sp, #128]
    73c0:	b9009be1 	str	w1, [sp, #152]
    73c4:	91003c02 	add	x2, x0, #0xf
    73c8:	927df041 	and	x1, x2, #0xfffffffffffffff8
    73cc:	f90043e1 	str	x1, [sp, #128]
    73d0:	17ffffef 	b	738c <_vfprintf_r+0x18dc>
    73d4:	b9409be0 	ldr	w0, [sp, #152]
    73d8:	11002001 	add	w1, w0, #0x8
    73dc:	7100003f 	cmp	w1, #0x0
    73e0:	5400324d 	b.le	7a28 <_vfprintf_r+0x1f78>
    73e4:	f94043e0 	ldr	x0, [sp, #128]
    73e8:	b9009be1 	str	w1, [sp, #152]
    73ec:	91003c02 	add	x2, x0, #0xf
    73f0:	927df041 	and	x1, x2, #0xfffffffffffffff8
    73f4:	f90043e1 	str	x1, [sp, #128]
    73f8:	17fffda4 	b	6a88 <_vfprintf_r+0xfd8>
    73fc:	b9409be0 	ldr	w0, [sp, #152]
    7400:	11002001 	add	w1, w0, #0x8
    7404:	7100003f 	cmp	w1, #0x0
    7408:	5400360d 	b.le	7ac8 <_vfprintf_r+0x2018>
    740c:	f94043e0 	ldr	x0, [sp, #128]
    7410:	b9009be1 	str	w1, [sp, #152]
    7414:	91003c02 	add	x2, x0, #0xf
    7418:	927df041 	and	x1, x2, #0xfffffffffffffff8
    741c:	f90043e1 	str	x1, [sp, #128]
    7420:	17fffdcc 	b	6b50 <_vfprintf_r+0x10a0>
    7424:	b9409be0 	ldr	w0, [sp, #152]
    7428:	11002001 	add	w1, w0, #0x8
    742c:	7100003f 	cmp	w1, #0x0
    7430:	5400316d 	b.le	7a5c <_vfprintf_r+0x1fac>
    7434:	f94043e0 	ldr	x0, [sp, #128]
    7438:	b9009be1 	str	w1, [sp, #152]
    743c:	91003c02 	add	x2, x0, #0xf
    7440:	927df041 	and	x1, x2, #0xfffffffffffffff8
    7444:	f90043e1 	str	x1, [sp, #128]
    7448:	17fffd66 	b	69e0 <_vfprintf_r+0xf30>
    744c:	910683e2 	add	x2, sp, #0x1a0
    7450:	aa1503e1 	mov	x1, x21
    7454:	aa1303e0 	mov	x0, x19
    7458:	b900c3f2 	str	w18, [sp, #192]
    745c:	b900cbee 	str	w14, [sp, #200]
    7460:	b900d3e8 	str	w8, [sp, #208]
    7464:	b900dbe9 	str	w9, [sp, #216]
    7468:	b900e3eb 	str	w11, [sp, #224]
    746c:	b90123e7 	str	w7, [sp, #288]
    7470:	f90097ea 	str	x10, [sp, #296]
    7474:	940015eb 	bl	cc20 <__sprint_r>
    7478:	35ff7400 	cbnz	w0, 62f8 <_vfprintf_r+0x848>
    747c:	f94097ea 	ldr	x10, [sp, #296]
    7480:	aa1603fc 	mov	x28, x22
    7484:	f940dbe0 	ldr	x0, [sp, #432]
    7488:	3945bfe1 	ldrb	w1, [sp, #367]
    748c:	b940c3f2 	ldr	w18, [sp, #192]
    7490:	b940cbee 	ldr	w14, [sp, #200]
    7494:	b940d3e8 	ldr	w8, [sp, #208]
    7498:	b940dbe9 	ldr	w9, [sp, #216]
    749c:	b940e3eb 	ldr	w11, [sp, #224]
    74a0:	b94123e7 	ldr	w7, [sp, #288]
    74a4:	17fffa43 	b	5db0 <_vfprintf_r+0x300>
    74a8:	1e682100 	fcmp	d8, d8
    74ac:	5400a7c6 	b.vs	89a4 <_vfprintf_r+0x2ef4>
    74b0:	121a7917 	and	w23, w8, #0xffffffdf
    74b4:	710106ff 	cmp	w23, #0x41
    74b8:	54003121 	b.ne	7adc <_vfprintf_r+0x202c>  // b.any
    74bc:	52800f01 	mov	w1, #0x78                  	// #120
    74c0:	7101851f 	cmp	w8, #0x61
    74c4:	52800b00 	mov	w0, #0x58                  	// #88
    74c8:	1a811000 	csel	w0, w0, w1, ne	// ne = any
    74cc:	52800601 	mov	w1, #0x30                  	// #48
    74d0:	3905c3e1 	strb	w1, [sp, #368]
    74d4:	3905c7e0 	strb	w0, [sp, #369]
    74d8:	9106e3fb 	add	x27, sp, #0x1b8
    74dc:	d2800019 	mov	x25, #0x0                   	// #0
    74e0:	71018cff 	cmp	w7, #0x63
    74e4:	540055ac 	b.gt	7f98 <_vfprintf_r+0x24e8>
    74e8:	9e660100 	fmov	x0, d8
    74ec:	d360fc00 	lsr	x0, x0, #32
    74f0:	36f854a0 	tbz	w0, #31, 7f84 <_vfprintf_r+0x24d4>
    74f4:	1e614100 	fneg	d0, d8
    74f8:	528005a0 	mov	w0, #0x2d                  	// #45
    74fc:	b900c3e0 	str	w0, [sp, #192]
    7500:	9105e3e0 	add	x0, sp, #0x178
    7504:	b90093e8 	str	w8, [sp, #144]
    7508:	2913afe9 	stp	w9, w11, [sp, #156]
    750c:	f90067ea 	str	x10, [sp, #200]
    7510:	b900fbe7 	str	w7, [sp, #248]
    7514:	940015d7 	bl	cc70 <frexp>
    7518:	1e681001 	fmov	d1, #1.250000000000000000e-01
    751c:	b94093e8 	ldr	w8, [sp, #144]
    7520:	f94067ea 	ldr	x10, [sp, #200]
    7524:	1e610801 	fmul	d1, d0, d1
    7528:	2953afe9 	ldp	w9, w11, [sp, #156]
    752c:	b940fbe7 	ldr	w7, [sp, #248]
    7530:	1e602028 	fcmp	d1, #0.0
    7534:	54000061 	b.ne	7540 <_vfprintf_r+0x1a90>  // b.any
    7538:	52800020 	mov	w0, #0x1                   	// #1
    753c:	b9017be0 	str	w0, [sp, #376]
    7540:	2a0703e3 	mov	w3, w7
    7544:	7101851f 	cmp	w8, #0x61
    7548:	91000463 	add	x3, x3, #0x1
    754c:	b0000040 	adrp	x0, 10000 <__sfp_handle_exceptions+0x300>
    7550:	b0000042 	adrp	x2, 10000 <__sfp_handle_exceptions+0x300>
    7554:	9104a000 	add	x0, x0, #0x128
    7558:	91050042 	add	x2, x2, #0x140
    755c:	8b030363 	add	x3, x27, x3
    7560:	9a801042 	csel	x2, x2, x0, ne	// ne = any
    7564:	1e661002 	fmov	d2, #1.600000000000000000e+01
    7568:	aa1b03e0 	mov	x0, x27
    756c:	14000003 	b	7578 <_vfprintf_r+0x1ac8>
    7570:	1e602028 	fcmp	d1, #0.0
    7574:	540096a0 	b.eq	8848 <_vfprintf_r+0x2d98>  // b.none
    7578:	1e620821 	fmul	d1, d1, d2
    757c:	aa0003ec 	mov	x12, x0
    7580:	1e780021 	fcvtzs	w1, d1
    7584:	1e620020 	scvtf	d0, w1
    7588:	3861c844 	ldrb	w4, [x2, w1, sxtw]
    758c:	38001404 	strb	w4, [x0], #1
    7590:	1e603821 	fsub	d1, d1, d0
    7594:	eb00007f 	cmp	x3, x0
    7598:	54fffec1 	b.ne	7570 <_vfprintf_r+0x1ac0>  // b.any
    759c:	1e6c1000 	fmov	d0, #5.000000000000000000e-01
    75a0:	1e602030 	fcmpe	d1, d0
    75a4:	5400008c 	b.gt	75b4 <_vfprintf_r+0x1b04>
    75a8:	1e602020 	fcmp	d1, d0
    75ac:	540002a1 	b.ne	7600 <_vfprintf_r+0x1b50>  // b.any
    75b0:	36000281 	tbz	w1, #0, 7600 <_vfprintf_r+0x1b50>
    75b4:	f900cfec 	str	x12, [sp, #408]
    75b8:	aa0003e1 	mov	x1, x0
    75bc:	39403c44 	ldrb	w4, [x2, #15]
    75c0:	385ff003 	ldurb	w3, [x0, #-1]
    75c4:	6b04007f 	cmp	w3, w4
    75c8:	54000121 	b.ne	75ec <_vfprintf_r+0x1b3c>  // b.any
    75cc:	52800607 	mov	w7, #0x30                  	// #48
    75d0:	381ff027 	sturb	w7, [x1, #-1]
    75d4:	f940cfe1 	ldr	x1, [sp, #408]
    75d8:	d1000423 	sub	x3, x1, #0x1
    75dc:	f900cfe3 	str	x3, [sp, #408]
    75e0:	385ff023 	ldurb	w3, [x1, #-1]
    75e4:	6b03009f 	cmp	w4, w3
    75e8:	54ffff40 	b.eq	75d0 <_vfprintf_r+0x1b20>  // b.none
    75ec:	11000464 	add	w4, w3, #0x1
    75f0:	12001c84 	and	w4, w4, #0xff
    75f4:	7100e47f 	cmp	w3, #0x39
    75f8:	54004f00 	b.eq	7fd8 <_vfprintf_r+0x2528>  // b.none
    75fc:	381ff024 	sturb	w4, [x1, #-1]
    7600:	b9417bf8 	ldr	w24, [sp, #376]
    7604:	4b1b0000 	sub	w0, w0, w27
    7608:	11003d01 	add	w1, w8, #0xf
    760c:	321f0129 	orr	w9, w9, #0x2
    7610:	12001c21 	and	w1, w1, #0xff
    7614:	52800022 	mov	w2, #0x1                   	// #1
    7618:	b9009fe0 	str	w0, [sp, #156]
    761c:	51000700 	sub	w0, w24, #0x1
    7620:	b9017be0 	str	w0, [sp, #376]
    7624:	1400016b 	b	7bd0 <_vfprintf_r+0x2120>
    7628:	aa1303e0 	mov	x0, x19
    762c:	97ffedad 	bl	2ce0 <__sinit>
    7630:	17fff940 	b	5b30 <_vfprintf_r+0x80>
    7634:	52800601 	mov	w1, #0x30                  	// #48
    7638:	321f0129 	orr	w9, w9, #0x2
    763c:	3905c3e1 	strb	w1, [sp, #368]
    7640:	3905c7e8 	strb	w8, [sp, #369]
    7644:	17ffff57 	b	73a0 <_vfprintf_r+0x18f0>
    7648:	910683e2 	add	x2, sp, #0x1a0
    764c:	aa1503e1 	mov	x1, x21
    7650:	aa1303e0 	mov	x0, x19
    7654:	b90093e9 	str	w9, [sp, #144]
    7658:	b900a3eb 	str	w11, [sp, #160]
    765c:	f90063ea 	str	x10, [sp, #192]
    7660:	94001570 	bl	cc20 <__sprint_r>
    7664:	35ff64a0 	cbnz	w0, 62f8 <_vfprintf_r+0x848>
    7668:	f94063ea 	ldr	x10, [sp, #192]
    766c:	aa1603fc 	mov	x28, x22
    7670:	f940dbe0 	ldr	x0, [sp, #432]
    7674:	b94093e9 	ldr	w9, [sp, #144]
    7678:	b940a3eb 	ldr	w11, [sp, #160]
    767c:	17fffa6d 	b	6030 <_vfprintf_r+0x580>
    7680:	910643e0 	add	x0, sp, #0x190
    7684:	d2800102 	mov	x2, #0x8                   	// #8
    7688:	52800001 	mov	w1, #0x0                   	// #0
    768c:	b90093e8 	str	w8, [sp, #144]
    7690:	b900a3e9 	str	w9, [sp, #160]
    7694:	b900c3eb 	str	w11, [sp, #192]
    7698:	b900cbe7 	str	w7, [sp, #200]
    769c:	f9006bea 	str	x10, [sp, #208]
    76a0:	f900cffb 	str	x27, [sp, #408]
    76a4:	97fff867 	bl	5840 <memset>
    76a8:	b940cbe7 	ldr	w7, [sp, #200]
    76ac:	f9406bea 	ldr	x10, [sp, #208]
    76b0:	b94093e8 	ldr	w8, [sp, #144]
    76b4:	b940a3e9 	ldr	w9, [sp, #160]
    76b8:	b940c3eb 	ldr	w11, [sp, #192]
    76bc:	37f84b27 	tbnz	w7, #31, 8020 <_vfprintf_r+0x2570>
    76c0:	d2800018 	mov	x24, #0x0                   	// #0
    76c4:	52800017 	mov	w23, #0x0                   	// #0
    76c8:	2a0903fa 	mov	w26, w9
    76cc:	2a0703f9 	mov	w25, w7
    76d0:	f9004bf5 	str	x21, [sp, #144]
    76d4:	2a1703f5 	mov	w21, w23
    76d8:	aa1803f7 	mov	x23, x24
    76dc:	aa0a03f8 	mov	x24, x10
    76e0:	b900a3e8 	str	w8, [sp, #160]
    76e4:	b900c3eb 	str	w11, [sp, #192]
    76e8:	1400000d 	b	771c <_vfprintf_r+0x1c6c>
    76ec:	910643e3 	add	x3, sp, #0x190
    76f0:	9106e3e1 	add	x1, sp, #0x1b8
    76f4:	aa1303e0 	mov	x0, x19
    76f8:	94000cde 	bl	aa70 <_wcrtomb_r>
    76fc:	3100041f 	cmn	w0, #0x1
    7700:	54008540 	b.eq	87a8 <_vfprintf_r+0x2cf8>  // b.none
    7704:	0b0002a0 	add	w0, w21, w0
    7708:	6b19001f 	cmp	w0, w25
    770c:	540000ec 	b.gt	7728 <_vfprintf_r+0x1c78>
    7710:	910012f7 	add	x23, x23, #0x4
    7714:	54008780 	b.eq	8804 <_vfprintf_r+0x2d54>  // b.none
    7718:	2a0003f5 	mov	w21, w0
    771c:	f940cfe0 	ldr	x0, [sp, #408]
    7720:	b8776802 	ldr	w2, [x0, x23]
    7724:	35fffe42 	cbnz	w2, 76ec <_vfprintf_r+0x1c3c>
    7728:	2a1503f7 	mov	w23, w21
    772c:	b940a3e8 	ldr	w8, [sp, #160]
    7730:	f9404bf5 	ldr	x21, [sp, #144]
    7734:	2a1a03e9 	mov	w9, w26
    7738:	b940c3eb 	ldr	w11, [sp, #192]
    773c:	aa1803ea 	mov	x10, x24
    7740:	340061d7 	cbz	w23, 8378 <_vfprintf_r+0x28c8>
    7744:	71018eff 	cmp	w23, #0x63
    7748:	5400778d 	b.le	8638 <_vfprintf_r+0x2b88>
    774c:	110006e1 	add	w1, w23, #0x1
    7750:	aa1303e0 	mov	x0, x19
    7754:	b90093e8 	str	w8, [sp, #144]
    7758:	93407c21 	sxtw	x1, w1
    775c:	b900a3e9 	str	w9, [sp, #160]
    7760:	b900c3eb 	str	w11, [sp, #192]
    7764:	f90067ea 	str	x10, [sp, #200]
    7768:	97ffee8e 	bl	31a0 <_malloc_r>
    776c:	f94067ea 	ldr	x10, [sp, #200]
    7770:	aa0003fb 	mov	x27, x0
    7774:	b94093e8 	ldr	w8, [sp, #144]
    7778:	b940a3e9 	ldr	w9, [sp, #160]
    777c:	b940c3eb 	ldr	w11, [sp, #192]
    7780:	b400b0c0 	cbz	x0, 8d98 <_vfprintf_r+0x32e8>
    7784:	aa0003f9 	mov	x25, x0
    7788:	d2800102 	mov	x2, #0x8                   	// #8
    778c:	52800001 	mov	w1, #0x0                   	// #0
    7790:	910643e0 	add	x0, sp, #0x190
    7794:	b90093e8 	str	w8, [sp, #144]
    7798:	b900a3e9 	str	w9, [sp, #160]
    779c:	b900c3eb 	str	w11, [sp, #192]
    77a0:	f90067ea 	str	x10, [sp, #200]
    77a4:	97fff827 	bl	5840 <memset>
    77a8:	93407ee0 	sxtw	x0, w23
    77ac:	910643e4 	add	x4, sp, #0x190
    77b0:	aa0003f8 	mov	x24, x0
    77b4:	aa0003e3 	mov	x3, x0
    77b8:	910663e2 	add	x2, sp, #0x198
    77bc:	aa1b03e1 	mov	x1, x27
    77c0:	aa1303e0 	mov	x0, x19
    77c4:	94000cf7 	bl	aba0 <_wcsrtombs_r>
    77c8:	f94067ea 	ldr	x10, [sp, #200]
    77cc:	eb00031f 	cmp	x24, x0
    77d0:	b94093e8 	ldr	w8, [sp, #144]
    77d4:	b940a3e9 	ldr	w9, [sp, #160]
    77d8:	b940c3eb 	ldr	w11, [sp, #192]
    77dc:	5400ad41 	b.ne	8d84 <_vfprintf_r+0x32d4>  // b.any
    77e0:	3837cb7f 	strb	wzr, [x27, w23, sxtw]
    77e4:	710002ff 	cmp	w23, #0x0
    77e8:	b90093ff 	str	wzr, [sp, #144]
    77ec:	1a9fa2fa 	csel	w26, w23, wzr, ge	// ge = tcont
    77f0:	3945bfe1 	ldrb	w1, [sp, #367]
    77f4:	52800007 	mov	w7, #0x0                   	// #0
    77f8:	b900a3ff 	str	wzr, [sp, #160]
    77fc:	52800018 	mov	w24, #0x0                   	// #0
    7800:	34ff2c41 	cbz	w1, 5d88 <_vfprintf_r+0x2d8>
    7804:	17fffbb5 	b	66d8 <_vfprintf_r+0xc28>
    7808:	b94093e9 	ldr	w9, [sp, #144]
    780c:	aa1c03ea 	mov	x10, x28
    7810:	b940a3eb 	ldr	w11, [sp, #160]
    7814:	aa0203fc 	mov	x28, x2
    7818:	aa1803e4 	mov	x4, x24
    781c:	93407ef7 	sxtw	x23, w23
    7820:	11000421 	add	w1, w1, #0x1
    7824:	8b170000 	add	x0, x0, x23
    7828:	b901abe1 	str	w1, [sp, #424]
    782c:	f900dbe0 	str	x0, [sp, #432]
    7830:	a9005f84 	stp	x4, x23, [x28]
    7834:	71001c3f 	cmp	w1, #0x7
    7838:	54ff530c 	b.gt	6298 <_vfprintf_r+0x7e8>
    783c:	9100439c 	add	x28, x28, #0x10
    7840:	17fff986 	b	5e58 <_vfprintf_r+0x3a8>
    7844:	910873f7 	add	x23, sp, #0x21c
    7848:	12160343 	and	w3, w26, #0x400
    784c:	b202e7f8 	mov	x24, #0xcccccccccccccccc    	// #-3689348814741910324
    7850:	aa1703e2 	mov	x2, x23
    7854:	aa1703e4 	mov	x4, x23
    7858:	52800005 	mov	w5, #0x0                   	// #0
    785c:	aa1303f7 	mov	x23, x19
    7860:	f29999b8 	movk	x24, #0xcccd
    7864:	2a0303f3 	mov	w19, w3
    7868:	aa1503e3 	mov	x3, x21
    786c:	f94083f5 	ldr	x21, [sp, #256]
    7870:	14000007 	b	788c <_vfprintf_r+0x1ddc>
    7874:	9bd87c19 	umulh	x25, x0, x24
    7878:	d343ff39 	lsr	x25, x25, #3
    787c:	f100241f 	cmp	x0, #0x9
    7880:	54000249 	b.ls	78c8 <_vfprintf_r+0x1e18>  // b.plast
    7884:	aa1903e0 	mov	x0, x25
    7888:	aa1b03e2 	mov	x2, x27
    788c:	9bd87c19 	umulh	x25, x0, x24
    7890:	110004a5 	add	w5, w5, #0x1
    7894:	d100045b 	sub	x27, x2, #0x1
    7898:	d343ff39 	lsr	x25, x25, #3
    789c:	8b190b21 	add	x1, x25, x25, lsl #2
    78a0:	cb010401 	sub	x1, x0, x1, lsl #1
    78a4:	1100c021 	add	w1, w1, #0x30
    78a8:	381ff041 	sturb	w1, [x2, #-1]
    78ac:	34fffe53 	cbz	w19, 7874 <_vfprintf_r+0x1dc4>
    78b0:	394002a1 	ldrb	w1, [x21]
    78b4:	7103fc3f 	cmp	w1, #0xff
    78b8:	7a451020 	ccmp	w1, w5, #0x0, ne	// ne = any
    78bc:	54fffdc1 	b.ne	7874 <_vfprintf_r+0x1dc4>  // b.any
    78c0:	f100241f 	cmp	x0, #0x9
    78c4:	54006208 	b.hi	8504 <_vfprintf_r+0x2a54>  // b.pmore
    78c8:	aa1703f3 	mov	x19, x23
    78cc:	aa0403f7 	mov	x23, x4
    78d0:	b9009fe5 	str	w5, [sp, #156]
    78d4:	f90083f5 	str	x21, [sp, #256]
    78d8:	aa0303f5 	mov	x21, x3
    78dc:	17fffcd4 	b	6c2c <_vfprintf_r+0x117c>
    78e0:	b9409be0 	ldr	w0, [sp, #152]
    78e4:	11002001 	add	w1, w0, #0x8
    78e8:	7100003f 	cmp	w1, #0x0
    78ec:	540027ed 	b.le	7de8 <_vfprintf_r+0x2338>
    78f0:	f94043e0 	ldr	x0, [sp, #128]
    78f4:	b9009be1 	str	w1, [sp, #152]
    78f8:	91003c02 	add	x2, x0, #0xf
    78fc:	927df041 	and	x1, x2, #0xfffffffffffffff8
    7900:	f90043e1 	str	x1, [sp, #128]
    7904:	17fffcb3 	b	6bd0 <_vfprintf_r+0x1120>
    7908:	710018ff 	cmp	w7, #0x6
    790c:	528000c3 	mov	w3, #0x6                   	// #6
    7910:	1a8390fa 	csel	w26, w7, w3, ls	// ls = plast
    7914:	b0000045 	adrp	x5, 10000 <__sfp_handle_exceptions+0x300>
    7918:	2a1a03f7 	mov	w23, w26
    791c:	910560bb 	add	x27, x5, #0x158
    7920:	d2800019 	mov	x25, #0x0                   	// #0
    7924:	52800001 	mov	w1, #0x0                   	// #0
    7928:	52800007 	mov	w7, #0x0                   	// #0
    792c:	52800018 	mov	w24, #0x0                   	// #0
    7930:	b90093ff 	str	wzr, [sp, #144]
    7934:	b900a3ff 	str	wzr, [sp, #160]
    7938:	17fff914 	b	5d88 <_vfprintf_r+0x2d8>
    793c:	f940dbe0 	ldr	x0, [sp, #432]
    7940:	b5003060 	cbnz	x0, 7f4c <_vfprintf_r+0x249c>
    7944:	79c022a0 	ldrsh	w0, [x21, #16]
    7948:	b901abff 	str	wzr, [sp, #424]
    794c:	17fffa70 	b	630c <_vfprintf_r+0x85c>
    7950:	b0000044 	adrp	x4, 10000 <__sfp_handle_exceptions+0x300>
    7954:	b941abe1 	ldr	w1, [sp, #424]
    7958:	91140084 	add	x4, x4, #0x500
    795c:	710042ff 	cmp	w23, #0x10
    7960:	54001bcd 	b.le	7cd8 <_vfprintf_r+0x2228>
    7964:	aa1c03e2 	mov	x2, x28
    7968:	d2800208 	mov	x8, #0x10                  	// #16
    796c:	aa0a03fc 	mov	x28, x10
    7970:	b900c3f8 	str	w24, [sp, #192]
    7974:	aa0403f8 	mov	x24, x4
    7978:	f90067ec 	str	x12, [sp, #200]
    797c:	b900d3e9 	str	w9, [sp, #208]
    7980:	b900dbeb 	str	w11, [sp, #216]
    7984:	14000004 	b	7994 <_vfprintf_r+0x1ee4>
    7988:	510042f7 	sub	w23, w23, #0x10
    798c:	710042ff 	cmp	w23, #0x10
    7990:	5400196d 	b.le	7cbc <_vfprintf_r+0x220c>
    7994:	91004000 	add	x0, x0, #0x10
    7998:	11000421 	add	w1, w1, #0x1
    799c:	a9002058 	stp	x24, x8, [x2]
    79a0:	91004042 	add	x2, x2, #0x10
    79a4:	b901abe1 	str	w1, [sp, #424]
    79a8:	f900dbe0 	str	x0, [sp, #432]
    79ac:	71001c3f 	cmp	w1, #0x7
    79b0:	54fffecd 	b.le	7988 <_vfprintf_r+0x1ed8>
    79b4:	910683e2 	add	x2, sp, #0x1a0
    79b8:	aa1503e1 	mov	x1, x21
    79bc:	aa1303e0 	mov	x0, x19
    79c0:	94001498 	bl	cc20 <__sprint_r>
    79c4:	35ff49a0 	cbnz	w0, 62f8 <_vfprintf_r+0x848>
    79c8:	f940dbe0 	ldr	x0, [sp, #432]
    79cc:	aa1603e2 	mov	x2, x22
    79d0:	b941abe1 	ldr	w1, [sp, #424]
    79d4:	d2800208 	mov	x8, #0x10                  	// #16
    79d8:	17ffffec 	b	7988 <_vfprintf_r+0x1ed8>
    79dc:	b9409be0 	ldr	w0, [sp, #152]
    79e0:	11002001 	add	w1, w0, #0x8
    79e4:	7100003f 	cmp	w1, #0x0
    79e8:	54002bed 	b.le	7f64 <_vfprintf_r+0x24b4>
    79ec:	f94043e0 	ldr	x0, [sp, #128]
    79f0:	b9009be1 	str	w1, [sp, #152]
    79f4:	91002c02 	add	x2, x0, #0xb
    79f8:	927df041 	and	x1, x2, #0xfffffffffffffff8
    79fc:	f90043e1 	str	x1, [sp, #128]
    7a00:	17fffe2f 	b	72bc <_vfprintf_r+0x180c>
    7a04:	364821a9 	tbz	w9, #9, 7e38 <_vfprintf_r+0x2388>
    7a08:	37f870c0 	tbnz	w0, #31, 8820 <_vfprintf_r+0x2d70>
    7a0c:	f94043e0 	ldr	x0, [sp, #128]
    7a10:	91002c01 	add	x1, x0, #0xb
    7a14:	927df021 	and	x1, x1, #0xfffffffffffffff8
    7a18:	f90043e1 	str	x1, [sp, #128]
    7a1c:	39800000 	ldrsb	x0, [x0]
    7a20:	aa0003e1 	mov	x1, x0
    7a24:	17fffc1b 	b	6a90 <_vfprintf_r+0xfe0>
    7a28:	f94057e2 	ldr	x2, [sp, #168]
    7a2c:	b9409be0 	ldr	w0, [sp, #152]
    7a30:	b9009be1 	str	w1, [sp, #152]
    7a34:	8b20c040 	add	x0, x2, w0, sxtw
    7a38:	17fffc14 	b	6a88 <_vfprintf_r+0xfd8>
    7a3c:	36481e09 	tbz	w9, #9, 7dfc <_vfprintf_r+0x234c>
    7a40:	37f87480 	tbnz	w0, #31, 88d0 <_vfprintf_r+0x2e20>
    7a44:	f94043e0 	ldr	x0, [sp, #128]
    7a48:	91002c01 	add	x1, x0, #0xb
    7a4c:	927df021 	and	x1, x1, #0xfffffffffffffff8
    7a50:	39400000 	ldrb	w0, [x0]
    7a54:	f90043e1 	str	x1, [sp, #128]
    7a58:	17fffe4e 	b	7390 <_vfprintf_r+0x18e0>
    7a5c:	f94057e2 	ldr	x2, [sp, #168]
    7a60:	b9409be0 	ldr	w0, [sp, #152]
    7a64:	b9009be1 	str	w1, [sp, #152]
    7a68:	8b20c040 	add	x0, x2, w0, sxtw
    7a6c:	17fffbdd 	b	69e0 <_vfprintf_r+0xf30>
    7a70:	f94057e2 	ldr	x2, [sp, #168]
    7a74:	b9409be0 	ldr	w0, [sp, #152]
    7a78:	b9009be1 	str	w1, [sp, #152]
    7a7c:	8b20c040 	add	x0, x2, w0, sxtw
    7a80:	17fffe43 	b	738c <_vfprintf_r+0x18dc>
    7a84:	36481cba 	tbz	w26, #9, 7e18 <_vfprintf_r+0x2368>
    7a88:	37f87500 	tbnz	w0, #31, 8928 <_vfprintf_r+0x2e78>
    7a8c:	f94043e0 	ldr	x0, [sp, #128]
    7a90:	91002c01 	add	x1, x0, #0xb
    7a94:	927df021 	and	x1, x1, #0xfffffffffffffff8
    7a98:	f90043e1 	str	x1, [sp, #128]
    7a9c:	39400000 	ldrb	w0, [x0]
    7aa0:	52800021 	mov	w1, #0x1                   	// #1
    7aa4:	17fffbd2 	b	69ec <_vfprintf_r+0xf3c>
    7aa8:	36481809 	tbz	w9, #9, 7da8 <_vfprintf_r+0x22f8>
    7aac:	37f878e0 	tbnz	w0, #31, 89c8 <_vfprintf_r+0x2f18>
    7ab0:	f94043e0 	ldr	x0, [sp, #128]
    7ab4:	91002c01 	add	x1, x0, #0xb
    7ab8:	927df021 	and	x1, x1, #0xfffffffffffffff8
    7abc:	39400000 	ldrb	w0, [x0]
    7ac0:	f90043e1 	str	x1, [sp, #128]
    7ac4:	17fffbc8 	b	69e4 <_vfprintf_r+0xf34>
    7ac8:	f94057e2 	ldr	x2, [sp, #168]
    7acc:	b9409be0 	ldr	w0, [sp, #152]
    7ad0:	b9009be1 	str	w1, [sp, #152]
    7ad4:	8b20c040 	add	x0, x2, w0, sxtw
    7ad8:	17fffc1e 	b	6b50 <_vfprintf_r+0x10a0>
    7adc:	310004ff 	cmn	w7, #0x1
    7ae0:	54002580 	b.eq	7f90 <_vfprintf_r+0x24e0>  // b.none
    7ae4:	71011eff 	cmp	w23, #0x47
    7ae8:	7a4008e0 	ccmp	w7, #0x0, #0x0, eq	// eq = none
    7aec:	1a9f14e7 	csinc	w7, w7, wzr, ne	// ne = any
    7af0:	9e660100 	fmov	x0, d8
    7af4:	32180139 	orr	w25, w9, #0x100
    7af8:	d360fc00 	lsr	x0, x0, #32
    7afc:	37f86d60 	tbnz	w0, #31, 88a8 <_vfprintf_r+0x2df8>
    7b00:	1e604109 	fmov	d9, d8
    7b04:	b900c3ff 	str	wzr, [sp, #192]
    7b08:	2913a7e8 	stp	w8, w9, [sp, #156]
    7b0c:	1e604120 	fmov	d0, d9
    7b10:	b900cbeb 	str	w11, [sp, #200]
    7b14:	f9006bea 	str	x10, [sp, #208]
    7b18:	71011aff 	cmp	w23, #0x46
    7b1c:	54004401 	b.ne	839c <_vfprintf_r+0x28ec>  // b.any
    7b20:	2a0703e2 	mov	w2, w7
    7b24:	52800061 	mov	w1, #0x3                   	// #3
    7b28:	910663e5 	add	x5, sp, #0x198
    7b2c:	910643e4 	add	x4, sp, #0x190
    7b30:	9105e3e3 	add	x3, sp, #0x178
    7b34:	aa1303e0 	mov	x0, x19
    7b38:	b90093e7 	str	w7, [sp, #144]
    7b3c:	94000c95 	bl	ad90 <_dtoa_r>
    7b40:	b94093e7 	ldr	w7, [sp, #144]
    7b44:	aa0003fb 	mov	x27, x0
    7b48:	39400001 	ldrb	w1, [x0]
    7b4c:	f9406bea 	ldr	x10, [sp, #208]
    7b50:	7100c03f 	cmp	w1, #0x30
    7b54:	2953a7e8 	ldp	w8, w9, [sp, #156]
    7b58:	8b27c000 	add	x0, x0, w7, sxtw
    7b5c:	b940cbeb 	ldr	w11, [sp, #200]
    7b60:	54005320 	b.eq	85c4 <_vfprintf_r+0x2b14>  // b.none
    7b64:	b9417be1 	ldr	w1, [sp, #376]
    7b68:	8b21c001 	add	x1, x0, w1, sxtw
    7b6c:	1e602128 	fcmp	d9, #0.0
    7b70:	540054c0 	b.eq	8608 <_vfprintf_r+0x2b58>  // b.none
    7b74:	f940cfe0 	ldr	x0, [sp, #408]
    7b78:	52800603 	mov	w3, #0x30                  	// #48
    7b7c:	eb00003f 	cmp	x1, x0
    7b80:	54000109 	b.ls	7ba0 <_vfprintf_r+0x20f0>  // b.plast
    7b84:	d503201f 	nop
    7b88:	91000402 	add	x2, x0, #0x1
    7b8c:	f900cfe2 	str	x2, [sp, #408]
    7b90:	39000003 	strb	w3, [x0]
    7b94:	f940cfe0 	ldr	x0, [sp, #408]
    7b98:	eb00003f 	cmp	x1, x0
    7b9c:	54ffff68 	b.hi	7b88 <_vfprintf_r+0x20d8>  // b.pmore
    7ba0:	b9417bf8 	ldr	w24, [sp, #376]
    7ba4:	cb1b0000 	sub	x0, x0, x27
    7ba8:	b9009fe0 	str	w0, [sp, #156]
    7bac:	71011eff 	cmp	w23, #0x47
    7bb0:	54002200 	b.eq	7ff0 <_vfprintf_r+0x2540>  // b.none
    7bb4:	51000700 	sub	w0, w24, #0x1
    7bb8:	71011aff 	cmp	w23, #0x46
    7bbc:	54005100 	b.eq	85dc <_vfprintf_r+0x2b2c>  // b.none
    7bc0:	b9411be2 	ldr	w2, [sp, #280]
    7bc4:	12001d01 	and	w1, w8, #0xff
    7bc8:	d2800019 	mov	x25, #0x0                   	// #0
    7bcc:	b9017be0 	str	w0, [sp, #376]
    7bd0:	390603e1 	strb	w1, [sp, #384]
    7bd4:	52800561 	mov	w1, #0x2b                  	// #43
    7bd8:	36f80080 	tbz	w0, #31, 7be8 <_vfprintf_r+0x2138>
    7bdc:	52800020 	mov	w0, #0x1                   	// #1
    7be0:	4b180000 	sub	w0, w0, w24
    7be4:	528005a1 	mov	w1, #0x2d                  	// #45
    7be8:	390607e1 	strb	w1, [sp, #385]
    7bec:	7100241f 	cmp	w0, #0x9
    7bf0:	54005bad 	b.le	8764 <_vfprintf_r+0x2cb4>
    7bf4:	91067fec 	add	x12, sp, #0x19f
    7bf8:	529999ad 	mov	w13, #0xcccd                	// #52429
    7bfc:	aa0c03e4 	mov	x4, x12
    7c00:	72b9998d 	movk	w13, #0xcccc, lsl #16
    7c04:	9bad7c02 	umull	x2, w0, w13
    7c08:	aa0403e3 	mov	x3, x4
    7c0c:	2a0003e5 	mov	w5, w0
    7c10:	d1000484 	sub	x4, x4, #0x1
    7c14:	d363fc42 	lsr	x2, x2, #35
    7c18:	0b020841 	add	w1, w2, w2, lsl #2
    7c1c:	4b010401 	sub	w1, w0, w1, lsl #1
    7c20:	2a0203e0 	mov	w0, w2
    7c24:	1100c021 	add	w1, w1, #0x30
    7c28:	381ff061 	sturb	w1, [x3, #-1]
    7c2c:	71018cbf 	cmp	w5, #0x63
    7c30:	54fffeac 	b.gt	7c04 <_vfprintf_r+0x2154>
    7c34:	1100c040 	add	w0, w2, #0x30
    7c38:	381ff080 	sturb	w0, [x4, #-1]
    7c3c:	d1000860 	sub	x0, x3, #0x2
    7c40:	eb0c001f 	cmp	x0, x12
    7c44:	54007f02 	b.cs	8c24 <_vfprintf_r+0x3174>  // b.hs, b.nlast
    7c48:	91060be1 	add	x1, sp, #0x182
    7c4c:	38401402 	ldrb	w2, [x0], #1
    7c50:	38001422 	strb	w2, [x1], #1
    7c54:	eb0c001f 	cmp	x0, x12
    7c58:	54ffffa1 	b.ne	7c4c <_vfprintf_r+0x219c>  // b.any
    7c5c:	910a83e0 	add	x0, sp, #0x2a0
    7c60:	cb030003 	sub	x3, x0, x3
    7c64:	5103f460 	sub	w0, w3, #0xfd
    7c68:	b900fbe0 	str	w0, [sp, #248]
    7c6c:	b9409fe0 	ldr	w0, [sp, #156]
    7c70:	b940fbe1 	ldr	w1, [sp, #248]
    7c74:	0b010017 	add	w23, w0, w1
    7c78:	7100041f 	cmp	w0, #0x1
    7c7c:	54005a4d 	b.le	87c4 <_vfprintf_r+0x2d14>
    7c80:	b940b3e0 	ldr	w0, [sp, #176]
    7c84:	0b0002f7 	add	w23, w23, w0
    7c88:	12157929 	and	w9, w9, #0xfffffbff
    7c8c:	710002ff 	cmp	w23, #0x0
    7c90:	32180129 	orr	w9, w9, #0x100
    7c94:	1a9fa2fa 	csel	w26, w23, wzr, ge	// ge = tcont
    7c98:	52800018 	mov	w24, #0x0                   	// #0
    7c9c:	b90093ff 	str	wzr, [sp, #144]
    7ca0:	b900a3ff 	str	wzr, [sp, #160]
    7ca4:	b940c3e0 	ldr	w0, [sp, #192]
    7ca8:	35001b00 	cbnz	w0, 8008 <_vfprintf_r+0x2558>
    7cac:	3945bfe1 	ldrb	w1, [sp, #367]
    7cb0:	52800007 	mov	w7, #0x0                   	// #0
    7cb4:	34ff06a1 	cbz	w1, 5d88 <_vfprintf_r+0x2d8>
    7cb8:	17fffa88 	b	66d8 <_vfprintf_r+0xc28>
    7cbc:	f94067ec 	ldr	x12, [sp, #200]
    7cc0:	aa1803e4 	mov	x4, x24
    7cc4:	b940d3e9 	ldr	w9, [sp, #208]
    7cc8:	aa1c03ea 	mov	x10, x28
    7ccc:	b940c3f8 	ldr	w24, [sp, #192]
    7cd0:	aa0203fc 	mov	x28, x2
    7cd4:	b940dbeb 	ldr	w11, [sp, #216]
    7cd8:	93407ee7 	sxtw	x7, w23
    7cdc:	11000421 	add	w1, w1, #0x1
    7ce0:	8b070000 	add	x0, x0, x7
    7ce4:	a9001f84 	stp	x4, x7, [x28]
    7ce8:	9100439c 	add	x28, x28, #0x10
    7cec:	b901abe1 	str	w1, [sp, #424]
    7cf0:	f900dbe0 	str	x0, [sp, #432]
    7cf4:	71001c3f 	cmp	w1, #0x7
    7cf8:	54ff898d 	b.le	6e28 <_vfprintf_r+0x1378>
    7cfc:	910683e2 	add	x2, sp, #0x1a0
    7d00:	aa1503e1 	mov	x1, x21
    7d04:	aa1303e0 	mov	x0, x19
    7d08:	f90063ec 	str	x12, [sp, #192]
    7d0c:	b900cbe9 	str	w9, [sp, #200]
    7d10:	b900d3eb 	str	w11, [sp, #208]
    7d14:	f9006fea 	str	x10, [sp, #216]
    7d18:	940013c2 	bl	cc20 <__sprint_r>
    7d1c:	35ff2ee0 	cbnz	w0, 62f8 <_vfprintf_r+0x848>
    7d20:	f94063ec 	ldr	x12, [sp, #192]
    7d24:	aa1603fc 	mov	x28, x22
    7d28:	f9406fea 	ldr	x10, [sp, #216]
    7d2c:	f940dbe0 	ldr	x0, [sp, #432]
    7d30:	b940cbe9 	ldr	w9, [sp, #200]
    7d34:	b940d3eb 	ldr	w11, [sp, #208]
    7d38:	17fffc3c 	b	6e28 <_vfprintf_r+0x1378>
    7d3c:	360708e9 	tbz	w9, #0, 5e58 <_vfprintf_r+0x3a8>
    7d40:	a94b0fe2 	ldp	x2, x3, [sp, #176]
    7d44:	a9000b83 	stp	x3, x2, [x28]
    7d48:	b941abe1 	ldr	w1, [sp, #424]
    7d4c:	91004386 	add	x6, x28, #0x10
    7d50:	11000421 	add	w1, w1, #0x1
    7d54:	b901abe1 	str	w1, [sp, #424]
    7d58:	8b000040 	add	x0, x2, x0
    7d5c:	f900dbe0 	str	x0, [sp, #432]
    7d60:	71001c3f 	cmp	w1, #0x7
    7d64:	54ff286d 	b.le	6270 <_vfprintf_r+0x7c0>
    7d68:	910683e2 	add	x2, sp, #0x1a0
    7d6c:	aa1503e1 	mov	x1, x21
    7d70:	aa1303e0 	mov	x0, x19
    7d74:	b90093e9 	str	w9, [sp, #144]
    7d78:	b900a3eb 	str	w11, [sp, #160]
    7d7c:	f90063ea 	str	x10, [sp, #192]
    7d80:	940013a8 	bl	cc20 <__sprint_r>
    7d84:	35ff2ba0 	cbnz	w0, 62f8 <_vfprintf_r+0x848>
    7d88:	f94063ea 	ldr	x10, [sp, #192]
    7d8c:	aa1603e6 	mov	x6, x22
    7d90:	f940dbe0 	ldr	x0, [sp, #432]
    7d94:	b94093e9 	ldr	w9, [sp, #144]
    7d98:	b940a3eb 	ldr	w11, [sp, #160]
    7d9c:	b9417be2 	ldr	w2, [sp, #376]
    7da0:	b941abe1 	ldr	w1, [sp, #424]
    7da4:	17fff932 	b	626c <_vfprintf_r+0x7bc>
    7da8:	37f85e80 	tbnz	w0, #31, 8978 <_vfprintf_r+0x2ec8>
    7dac:	f94043e0 	ldr	x0, [sp, #128]
    7db0:	91002c01 	add	x1, x0, #0xb
    7db4:	927df021 	and	x1, x1, #0xfffffffffffffff8
    7db8:	b9400000 	ldr	w0, [x0]
    7dbc:	f90043e1 	str	x1, [sp, #128]
    7dc0:	17fffb09 	b	69e4 <_vfprintf_r+0xf34>
    7dc4:	37f86180 	tbnz	w0, #31, 89f4 <_vfprintf_r+0x2f44>
    7dc8:	f94043e0 	ldr	x0, [sp, #128]
    7dcc:	91003c01 	add	x1, x0, #0xf
    7dd0:	927df021 	and	x1, x1, #0xfffffffffffffff8
    7dd4:	f90043e1 	str	x1, [sp, #128]
    7dd8:	f9400000 	ldr	x0, [x0]
    7ddc:	7940fbe1 	ldrh	w1, [sp, #124]
    7de0:	79000001 	strh	w1, [x0]
    7de4:	17fff77b 	b	5bd0 <_vfprintf_r+0x120>
    7de8:	f94057e2 	ldr	x2, [sp, #168]
    7dec:	b9409be0 	ldr	w0, [sp, #152]
    7df0:	b9009be1 	str	w1, [sp, #152]
    7df4:	8b20c040 	add	x0, x2, w0, sxtw
    7df8:	17fffb76 	b	6bd0 <_vfprintf_r+0x1120>
    7dfc:	37f85800 	tbnz	w0, #31, 88fc <_vfprintf_r+0x2e4c>
    7e00:	f94043e0 	ldr	x0, [sp, #128]
    7e04:	91002c01 	add	x1, x0, #0xb
    7e08:	927df021 	and	x1, x1, #0xfffffffffffffff8
    7e0c:	b9400000 	ldr	w0, [x0]
    7e10:	f90043e1 	str	x1, [sp, #128]
    7e14:	17fffd5f 	b	7390 <_vfprintf_r+0x18e0>
    7e18:	37f860c0 	tbnz	w0, #31, 8a30 <_vfprintf_r+0x2f80>
    7e1c:	f94043e0 	ldr	x0, [sp, #128]
    7e20:	91002c01 	add	x1, x0, #0xb
    7e24:	927df021 	and	x1, x1, #0xfffffffffffffff8
    7e28:	f90043e1 	str	x1, [sp, #128]
    7e2c:	b9400000 	ldr	w0, [x0]
    7e30:	52800021 	mov	w1, #0x1                   	// #1
    7e34:	17fffaee 	b	69ec <_vfprintf_r+0xf3c>
    7e38:	37f858c0 	tbnz	w0, #31, 8950 <_vfprintf_r+0x2ea0>
    7e3c:	f94043e0 	ldr	x0, [sp, #128]
    7e40:	91002c01 	add	x1, x0, #0xb
    7e44:	927df021 	and	x1, x1, #0xfffffffffffffff8
    7e48:	f90043e1 	str	x1, [sp, #128]
    7e4c:	b9800000 	ldrsw	x0, [x0]
    7e50:	aa0003e1 	mov	x1, x0
    7e54:	17fffb0f 	b	6a90 <_vfprintf_r+0xfe0>
    7e58:	aa1b03e0 	mov	x0, x27
    7e5c:	b900c3e9 	str	w9, [sp, #192]
    7e60:	b900cbeb 	str	w11, [sp, #200]
    7e64:	d2800019 	mov	x25, #0x0                   	// #0
    7e68:	f9006bea 	str	x10, [sp, #208]
    7e6c:	97ffec35 	bl	2f40 <strlen>
    7e70:	3945bfe1 	ldrb	w1, [sp, #367]
    7e74:	7100001f 	cmp	w0, #0x0
    7e78:	b90093ff 	str	wzr, [sp, #144]
    7e7c:	2a0003f7 	mov	w23, w0
    7e80:	b900a3ff 	str	wzr, [sp, #160]
    7e84:	1a9fa01a 	csel	w26, w0, wzr, ge	// ge = tcont
    7e88:	f9406bea 	ldr	x10, [sp, #208]
    7e8c:	52800007 	mov	w7, #0x0                   	// #0
    7e90:	b940c3e9 	ldr	w9, [sp, #192]
    7e94:	52800e68 	mov	w8, #0x73                  	// #115
    7e98:	b940cbeb 	ldr	w11, [sp, #200]
    7e9c:	34fef761 	cbz	w1, 5d88 <_vfprintf_r+0x2d8>
    7ea0:	17fffa0e 	b	66d8 <_vfprintf_r+0xc28>
    7ea4:	b9409be0 	ldr	w0, [sp, #152]
    7ea8:	11002001 	add	w1, w0, #0x8
    7eac:	7100003f 	cmp	w1, #0x0
    7eb0:	5400504d 	b.le	88b8 <_vfprintf_r+0x2e08>
    7eb4:	f94043e0 	ldr	x0, [sp, #128]
    7eb8:	b9009be1 	str	w1, [sp, #152]
    7ebc:	91002c02 	add	x2, x0, #0xb
    7ec0:	927df041 	and	x1, x2, #0xfffffffffffffff8
    7ec4:	79400000 	ldrh	w0, [x0]
    7ec8:	f90043e1 	str	x1, [sp, #128]
    7ecc:	17fffd31 	b	7390 <_vfprintf_r+0x18e0>
    7ed0:	b9409be0 	ldr	w0, [sp, #152]
    7ed4:	11002001 	add	w1, w0, #0x8
    7ed8:	7100003f 	cmp	w1, #0x0
    7edc:	54005a0d 	b.le	8a1c <_vfprintf_r+0x2f6c>
    7ee0:	f94043e0 	ldr	x0, [sp, #128]
    7ee4:	b9009be1 	str	w1, [sp, #152]
    7ee8:	91002c02 	add	x2, x0, #0xb
    7eec:	927df041 	and	x1, x2, #0xfffffffffffffff8
    7ef0:	f90043e1 	str	x1, [sp, #128]
    7ef4:	17fffc46 	b	700c <_vfprintf_r+0x155c>
    7ef8:	b9409be0 	ldr	w0, [sp, #152]
    7efc:	11002001 	add	w1, w0, #0x8
    7f00:	7100003f 	cmp	w1, #0x0
    7f04:	54004c8d 	b.le	8894 <_vfprintf_r+0x2de4>
    7f08:	f94043e0 	ldr	x0, [sp, #128]
    7f0c:	b9009be1 	str	w1, [sp, #152]
    7f10:	91002c02 	add	x2, x0, #0xb
    7f14:	927df041 	and	x1, x2, #0xfffffffffffffff8
    7f18:	f90043e1 	str	x1, [sp, #128]
    7f1c:	17fffc4a 	b	7044 <_vfprintf_r+0x1594>
    7f20:	b9409be0 	ldr	w0, [sp, #152]
    7f24:	11002001 	add	w1, w0, #0x8
    7f28:	7100003f 	cmp	w1, #0x0
    7f2c:	5400596d 	b.le	8a58 <_vfprintf_r+0x2fa8>
    7f30:	f94043e0 	ldr	x0, [sp, #128]
    7f34:	b9009be1 	str	w1, [sp, #152]
    7f38:	91002c02 	add	x2, x0, #0xb
    7f3c:	927df041 	and	x1, x2, #0xfffffffffffffff8
    7f40:	79400000 	ldrh	w0, [x0]
    7f44:	f90043e1 	str	x1, [sp, #128]
    7f48:	17fffaa7 	b	69e4 <_vfprintf_r+0xf34>
    7f4c:	aa1303e0 	mov	x0, x19
    7f50:	910683e2 	add	x2, sp, #0x1a0
    7f54:	aa1503e1 	mov	x1, x21
    7f58:	94001332 	bl	cc20 <__sprint_r>
    7f5c:	34ffcf40 	cbz	w0, 7944 <_vfprintf_r+0x1e94>
    7f60:	17fff8ea 	b	6308 <_vfprintf_r+0x858>
    7f64:	f94057e2 	ldr	x2, [sp, #168]
    7f68:	b9409be0 	ldr	w0, [sp, #152]
    7f6c:	b9009be1 	str	w1, [sp, #152]
    7f70:	8b20c040 	add	x0, x2, w0, sxtw
    7f74:	17fffcd2 	b	72bc <_vfprintf_r+0x180c>
    7f78:	f94052a0 	ldr	x0, [x21, #160]
    7f7c:	97fff095 	bl	41d0 <__retarget_lock_release_recursive>
    7f80:	17fff735 	b	5c54 <_vfprintf_r+0x1a4>
    7f84:	1e604100 	fmov	d0, d8
    7f88:	b900c3ff 	str	wzr, [sp, #192]
    7f8c:	17fffd5d 	b	7500 <_vfprintf_r+0x1a50>
    7f90:	528000c7 	mov	w7, #0x6                   	// #6
    7f94:	17fffed7 	b	7af0 <_vfprintf_r+0x2040>
    7f98:	110004e1 	add	w1, w7, #0x1
    7f9c:	aa1303e0 	mov	x0, x19
    7fa0:	b90093e7 	str	w7, [sp, #144]
    7fa4:	93407c21 	sxtw	x1, w1
    7fa8:	2913a7e8 	stp	w8, w9, [sp, #156]
    7fac:	f90063ea 	str	x10, [sp, #192]
    7fb0:	b900fbeb 	str	w11, [sp, #248]
    7fb4:	97ffec7b 	bl	31a0 <_malloc_r>
    7fb8:	f94063ea 	ldr	x10, [sp, #192]
    7fbc:	aa0003fb 	mov	x27, x0
    7fc0:	b94093e7 	ldr	w7, [sp, #144]
    7fc4:	2953a7e8 	ldp	w8, w9, [sp, #156]
    7fc8:	b940fbeb 	ldr	w11, [sp, #248]
    7fcc:	b4005f20 	cbz	x0, 8bb0 <_vfprintf_r+0x3100>
    7fd0:	aa0003f9 	mov	x25, x0
    7fd4:	17fffd45 	b	74e8 <_vfprintf_r+0x1a38>
    7fd8:	39402844 	ldrb	w4, [x2, #10]
    7fdc:	17fffd88 	b	75fc <_vfprintf_r+0x1b4c>
    7fe0:	f940cfe0 	ldr	x0, [sp, #408]
    7fe4:	b9417bf8 	ldr	w24, [sp, #376]
    7fe8:	cb1b0000 	sub	x0, x0, x27
    7fec:	b9009fe0 	str	w0, [sp, #156]
    7ff0:	6b07031f 	cmp	w24, w7
    7ff4:	3a43db01 	ccmn	w24, #0x3, #0x1, le
    7ff8:	540017ea 	b.ge	82f4 <_vfprintf_r+0x2844>  // b.tcont
    7ffc:	51000908 	sub	w8, w8, #0x2
    8000:	51000700 	sub	w0, w24, #0x1
    8004:	17fffeef 	b	7bc0 <_vfprintf_r+0x2110>
    8008:	528005a0 	mov	w0, #0x2d                  	// #45
    800c:	1100075a 	add	w26, w26, #0x1
    8010:	528005a1 	mov	w1, #0x2d                  	// #45
    8014:	52800007 	mov	w7, #0x0                   	// #0
    8018:	3905bfe0 	strb	w0, [sp, #367]
    801c:	17fff75b 	b	5d88 <_vfprintf_r+0x2d8>
    8020:	910643e4 	add	x4, sp, #0x190
    8024:	910663e2 	add	x2, sp, #0x198
    8028:	aa1303e0 	mov	x0, x19
    802c:	d2800003 	mov	x3, #0x0                   	// #0
    8030:	d2800001 	mov	x1, #0x0                   	// #0
    8034:	b90093e8 	str	w8, [sp, #144]
    8038:	b900a3e9 	str	w9, [sp, #160]
    803c:	b900c3eb 	str	w11, [sp, #192]
    8040:	f90067ea 	str	x10, [sp, #200]
    8044:	94000ad7 	bl	aba0 <_wcsrtombs_r>
    8048:	f94067ea 	ldr	x10, [sp, #200]
    804c:	2a0003f7 	mov	w23, w0
    8050:	b94093e8 	ldr	w8, [sp, #144]
    8054:	3100041f 	cmn	w0, #0x1
    8058:	b940a3e9 	ldr	w9, [sp, #160]
    805c:	b940c3eb 	ldr	w11, [sp, #192]
    8060:	540069c0 	b.eq	8d98 <_vfprintf_r+0x32e8>  // b.none
    8064:	f900cffb 	str	x27, [sp, #408]
    8068:	17fffdb6 	b	7740 <_vfprintf_r+0x1c90>
    806c:	b940ffe0 	ldr	w0, [sp, #252]
    8070:	11004001 	add	w1, w0, #0x10
    8074:	7100003f 	cmp	w1, #0x0
    8078:	540038cd 	b.le	8790 <_vfprintf_r+0x2ce0>
    807c:	f94043e0 	ldr	x0, [sp, #128]
    8080:	b900ffe1 	str	w1, [sp, #252]
    8084:	91003c02 	add	x2, x0, #0xf
    8088:	fd400008 	ldr	d8, [x0]
    808c:	927df041 	and	x1, x2, #0xfffffffffffffff8
    8090:	f90043e1 	str	x1, [sp, #128]
    8094:	17fff979 	b	6678 <_vfprintf_r+0xbc8>
    8098:	528005a0 	mov	w0, #0x2d                  	// #45
    809c:	528005a1 	mov	w1, #0x2d                  	// #45
    80a0:	3905bfe0 	strb	w0, [sp, #367]
    80a4:	17fff97d 	b	6698 <_vfprintf_r+0xbe8>
    80a8:	b940ffe0 	ldr	w0, [sp, #252]
    80ac:	11004001 	add	w1, w0, #0x10
    80b0:	7100003f 	cmp	w1, #0x0
    80b4:	540034ed 	b.le	8750 <_vfprintf_r+0x2ca0>
    80b8:	f94043e0 	ldr	x0, [sp, #128]
    80bc:	b900ffe1 	str	w1, [sp, #252]
    80c0:	91003c00 	add	x0, x0, #0xf
    80c4:	927cec00 	and	x0, x0, #0xfffffffffffffff0
    80c8:	91004001 	add	x1, x0, #0x10
    80cc:	f90043e1 	str	x1, [sp, #128]
    80d0:	17fff95d 	b	6644 <_vfprintf_r+0xb94>
    80d4:	b94093e1 	ldr	w1, [sp, #144]
    80d8:	7100003f 	cmp	w1, #0x0
    80dc:	b940a3e1 	ldr	w1, [sp, #160]
    80e0:	7a40d820 	ccmp	w1, #0x0, #0x0, le
    80e4:	540063cd 	b.le	8d5c <_vfprintf_r+0x32ac>
    80e8:	8b0c036d 	add	x13, x27, x12
    80ec:	aa1c03e2 	mov	x2, x28
    80f0:	90000044 	adrp	x4, 10000 <__sfp_handle_exceptions+0x300>
    80f4:	2a0103fc 	mov	w28, w1
    80f8:	91140084 	add	x4, x4, #0x500
    80fc:	aa0d03f8 	mov	x24, x13
    8100:	d2800217 	mov	x23, #0x10                  	// #16
    8104:	f90053f3 	str	x19, [sp, #160]
    8108:	f90063f9 	str	x25, [sp, #192]
    810c:	aa0803f9 	mov	x25, x8
    8110:	f90073ec 	str	x12, [sp, #224]
    8114:	f90093fb 	str	x27, [sp, #288]
    8118:	b9012be9 	str	w9, [sp, #296]
    811c:	b90133eb 	str	w11, [sp, #304]
    8120:	b90137fa 	str	w26, [sp, #308]
    8124:	a9506ffa 	ldp	x26, x27, [sp, #256]
    8128:	f9009fea 	str	x10, [sp, #312]
    812c:	14000028 	b	81cc <_vfprintf_r+0x271c>
    8130:	5100079c 	sub	w28, w28, #0x1
    8134:	b941abe1 	ldr	w1, [sp, #424]
    8138:	8b1b0000 	add	x0, x0, x27
    813c:	f9407be3 	ldr	x3, [sp, #240]
    8140:	11000421 	add	w1, w1, #0x1
    8144:	a9006c43 	stp	x3, x27, [x2]
    8148:	91004042 	add	x2, x2, #0x10
    814c:	b901abe1 	str	w1, [sp, #424]
    8150:	f900dbe0 	str	x0, [sp, #432]
    8154:	71001c3f 	cmp	w1, #0x7
    8158:	5400086c 	b.gt	8264 <_vfprintf_r+0x27b4>
    815c:	39400341 	ldrb	w1, [x26]
    8160:	cb190305 	sub	x5, x24, x25
    8164:	aa1803e3 	mov	x3, x24
    8168:	6b05003f 	cmp	w1, w5
    816c:	1a85b033 	csel	w19, w1, w5, lt	// lt = tstop
    8170:	7100027f 	cmp	w19, #0x0
    8174:	5400018d 	b.le	81a4 <_vfprintf_r+0x26f4>
    8178:	b941abe1 	ldr	w1, [sp, #424]
    817c:	93407e6a 	sxtw	x10, w19
    8180:	8b0a0000 	add	x0, x0, x10
    8184:	a9002859 	stp	x25, x10, [x2]
    8188:	11000421 	add	w1, w1, #0x1
    818c:	b901abe1 	str	w1, [sp, #424]
    8190:	f900dbe0 	str	x0, [sp, #432]
    8194:	71001c3f 	cmp	w1, #0x7
    8198:	5400094c 	b.gt	82c0 <_vfprintf_r+0x2810>
    819c:	39400341 	ldrb	w1, [x26]
    81a0:	91004042 	add	x2, x2, #0x10
    81a4:	7100027f 	cmp	w19, #0x0
    81a8:	1a9fa265 	csel	w5, w19, wzr, ge	// ge = tcont
    81ac:	4b050033 	sub	w19, w1, w5
    81b0:	7100027f 	cmp	w19, #0x0
    81b4:	540001ac 	b.gt	81e8 <_vfprintf_r+0x2738>
    81b8:	b94093e5 	ldr	w5, [sp, #144]
    81bc:	8b210339 	add	x25, x25, w1, uxtb
    81c0:	710000bf 	cmp	w5, #0x0
    81c4:	7a40db80 	ccmp	w28, #0x0, #0x0, le
    81c8:	54004b0d 	b.le	8b28 <_vfprintf_r+0x3078>
    81cc:	7100039f 	cmp	w28, #0x0
    81d0:	54fffb0c 	b.gt	8130 <_vfprintf_r+0x2680>
    81d4:	b94093e1 	ldr	w1, [sp, #144]
    81d8:	d100075a 	sub	x26, x26, #0x1
    81dc:	51000421 	sub	w1, w1, #0x1
    81e0:	b90093e1 	str	w1, [sp, #144]
    81e4:	17ffffd4 	b	8134 <_vfprintf_r+0x2684>
    81e8:	9000004a 	adrp	x10, 10000 <__sfp_handle_exceptions+0x300>
    81ec:	b941abe1 	ldr	w1, [sp, #424]
    81f0:	9114014a 	add	x10, x10, #0x500
    81f4:	7100427f 	cmp	w19, #0x10
    81f8:	540004ed 	b.le	8294 <_vfprintf_r+0x27e4>
    81fc:	a90c93e3 	stp	x3, x4, [sp, #200]
    8200:	f9006ff8 	str	x24, [sp, #216]
    8204:	f94053f8 	ldr	x24, [sp, #160]
    8208:	14000004 	b	8218 <_vfprintf_r+0x2768>
    820c:	51004273 	sub	w19, w19, #0x10
    8210:	7100427f 	cmp	w19, #0x10
    8214:	540003cd 	b.le	828c <_vfprintf_r+0x27dc>
    8218:	91004000 	add	x0, x0, #0x10
    821c:	11000421 	add	w1, w1, #0x1
    8220:	a9005c44 	stp	x4, x23, [x2]
    8224:	91004042 	add	x2, x2, #0x10
    8228:	b901abe1 	str	w1, [sp, #424]
    822c:	f900dbe0 	str	x0, [sp, #432]
    8230:	71001c3f 	cmp	w1, #0x7
    8234:	54fffecd 	b.le	820c <_vfprintf_r+0x275c>
    8238:	910683e2 	add	x2, sp, #0x1a0
    823c:	aa1503e1 	mov	x1, x21
    8240:	aa1803e0 	mov	x0, x24
    8244:	94001277 	bl	cc20 <__sprint_r>
    8248:	35001840 	cbnz	w0, 8550 <_vfprintf_r+0x2aa0>
    824c:	f940dbe0 	ldr	x0, [sp, #432]
    8250:	90000043 	adrp	x3, 10000 <__sfp_handle_exceptions+0x300>
    8254:	b941abe1 	ldr	w1, [sp, #424]
    8258:	aa1603e2 	mov	x2, x22
    825c:	91140064 	add	x4, x3, #0x500
    8260:	17ffffeb 	b	820c <_vfprintf_r+0x275c>
    8264:	f94053e0 	ldr	x0, [sp, #160]
    8268:	910683e2 	add	x2, sp, #0x1a0
    826c:	aa1503e1 	mov	x1, x21
    8270:	9400126c 	bl	cc20 <__sprint_r>
    8274:	35004d00 	cbnz	w0, 8c14 <_vfprintf_r+0x3164>
    8278:	f940dbe0 	ldr	x0, [sp, #432]
    827c:	90000041 	adrp	x1, 10000 <__sfp_handle_exceptions+0x300>
    8280:	aa1603e2 	mov	x2, x22
    8284:	91140024 	add	x4, x1, #0x500
    8288:	17ffffb5 	b	815c <_vfprintf_r+0x26ac>
    828c:	a94cabe3 	ldp	x3, x10, [sp, #200]
    8290:	f9406ff8 	ldr	x24, [sp, #216]
    8294:	93407e65 	sxtw	x5, w19
    8298:	11000421 	add	w1, w1, #0x1
    829c:	8b050000 	add	x0, x0, x5
    82a0:	a900144a 	stp	x10, x5, [x2]
    82a4:	b901abe1 	str	w1, [sp, #424]
    82a8:	f900dbe0 	str	x0, [sp, #432]
    82ac:	71001c3f 	cmp	w1, #0x7
    82b0:	5400110c 	b.gt	84d0 <_vfprintf_r+0x2a20>
    82b4:	39400341 	ldrb	w1, [x26]
    82b8:	91004042 	add	x2, x2, #0x10
    82bc:	17ffffbf 	b	81b8 <_vfprintf_r+0x2708>
    82c0:	f94053e0 	ldr	x0, [sp, #160]
    82c4:	910683e2 	add	x2, sp, #0x1a0
    82c8:	aa1503e1 	mov	x1, x21
    82cc:	f90067f8 	str	x24, [sp, #200]
    82d0:	94001254 	bl	cc20 <__sprint_r>
    82d4:	35004a00 	cbnz	w0, 8c14 <_vfprintf_r+0x3164>
    82d8:	f94067e3 	ldr	x3, [sp, #200]
    82dc:	90000044 	adrp	x4, 10000 <__sfp_handle_exceptions+0x300>
    82e0:	f940dbe0 	ldr	x0, [sp, #432]
    82e4:	aa1603e2 	mov	x2, x22
    82e8:	39400341 	ldrb	w1, [x26]
    82ec:	91140084 	add	x4, x4, #0x500
    82f0:	17ffffad 	b	81a4 <_vfprintf_r+0x26f4>
    82f4:	b9409fe1 	ldr	w1, [sp, #156]
    82f8:	6b01031f 	cmp	w24, w1
    82fc:	540018cb 	b.lt	8614 <_vfprintf_r+0x2b64>  // b.tstop
    8300:	b940b3e0 	ldr	w0, [sp, #176]
    8304:	f240013f 	tst	x9, #0x1
    8308:	0b00030c 	add	w12, w24, w0
    830c:	1a981197 	csel	w23, w12, w24, ne	// ne = any
    8310:	36500069 	tbz	w9, #10, 831c <_vfprintf_r+0x286c>
    8314:	7100031f 	cmp	w24, #0x0
    8318:	54003acc 	b.gt	8a70 <_vfprintf_r+0x2fc0>
    831c:	710002ff 	cmp	w23, #0x0
    8320:	52800ce8 	mov	w8, #0x67                  	// #103
    8324:	1a9fa2fa 	csel	w26, w23, wzr, ge	// ge = tcont
    8328:	2a1903e9 	mov	w9, w25
    832c:	d2800019 	mov	x25, #0x0                   	// #0
    8330:	b90093ff 	str	wzr, [sp, #144]
    8334:	b900a3ff 	str	wzr, [sp, #160]
    8338:	17fffe5b 	b	7ca4 <_vfprintf_r+0x21f4>
    833c:	910683e2 	add	x2, sp, #0x1a0
    8340:	aa1503e1 	mov	x1, x21
    8344:	aa1303e0 	mov	x0, x19
    8348:	b90093e9 	str	w9, [sp, #144]
    834c:	b900a3eb 	str	w11, [sp, #160]
    8350:	f90063ea 	str	x10, [sp, #192]
    8354:	94001233 	bl	cc20 <__sprint_r>
    8358:	35fefd00 	cbnz	w0, 62f8 <_vfprintf_r+0x848>
    835c:	f94063ea 	ldr	x10, [sp, #192]
    8360:	aa1603fc 	mov	x28, x22
    8364:	f940dbe0 	ldr	x0, [sp, #432]
    8368:	b94093e9 	ldr	w9, [sp, #144]
    836c:	b940a3eb 	ldr	w11, [sp, #160]
    8370:	b9417be2 	ldr	w2, [sp, #376]
    8374:	17fff7b1 	b	6238 <_vfprintf_r+0x788>
    8378:	3945bfe1 	ldrb	w1, [sp, #367]
    837c:	5280001a 	mov	w26, #0x0                   	// #0
    8380:	b90093ff 	str	wzr, [sp, #144]
    8384:	52800007 	mov	w7, #0x0                   	// #0
    8388:	b900a3ff 	str	wzr, [sp, #160]
    838c:	52800018 	mov	w24, #0x0                   	// #0
    8390:	d2800019 	mov	x25, #0x0                   	// #0
    8394:	34fecfa1 	cbz	w1, 5d88 <_vfprintf_r+0x2d8>
    8398:	17fff8d0 	b	66d8 <_vfprintf_r+0xc28>
    839c:	710116ff 	cmp	w23, #0x45
    83a0:	54000221 	b.ne	83e4 <_vfprintf_r+0x2934>  // b.any
    83a4:	110004f8 	add	w24, w7, #0x1
    83a8:	52800041 	mov	w1, #0x2                   	// #2
    83ac:	2a1803e2 	mov	w2, w24
    83b0:	910663e5 	add	x5, sp, #0x198
    83b4:	910643e4 	add	x4, sp, #0x190
    83b8:	9105e3e3 	add	x3, sp, #0x178
    83bc:	aa1303e0 	mov	x0, x19
    83c0:	b90093e7 	str	w7, [sp, #144]
    83c4:	94000a73 	bl	ad90 <_dtoa_r>
    83c8:	aa0003fb 	mov	x27, x0
    83cc:	f9406bea 	ldr	x10, [sp, #208]
    83d0:	8b38c001 	add	x1, x0, w24, sxtw
    83d4:	b94093e7 	ldr	w7, [sp, #144]
    83d8:	2953a7e8 	ldp	w8, w9, [sp, #156]
    83dc:	b940cbeb 	ldr	w11, [sp, #200]
    83e0:	17fffde3 	b	7b6c <_vfprintf_r+0x20bc>
    83e4:	2a0703e2 	mov	w2, w7
    83e8:	910663e5 	add	x5, sp, #0x198
    83ec:	910643e4 	add	x4, sp, #0x190
    83f0:	9105e3e3 	add	x3, sp, #0x178
    83f4:	aa1303e0 	mov	x0, x19
    83f8:	52800041 	mov	w1, #0x2                   	// #2
    83fc:	b90093e7 	str	w7, [sp, #144]
    8400:	94000a64 	bl	ad90 <_dtoa_r>
    8404:	2953a7e8 	ldp	w8, w9, [sp, #156]
    8408:	aa0003fb 	mov	x27, x0
    840c:	f9406bea 	ldr	x10, [sp, #208]
    8410:	b94093e7 	ldr	w7, [sp, #144]
    8414:	b940cbeb 	ldr	w11, [sp, #200]
    8418:	3607de49 	tbz	w9, #0, 7fe0 <_vfprintf_r+0x2530>
    841c:	8b27c361 	add	x1, x27, w7, sxtw
    8420:	17fffdd3 	b	7b6c <_vfprintf_r+0x20bc>
    8424:	f94057e2 	ldr	x2, [sp, #168]
    8428:	b9409be0 	ldr	w0, [sp, #152]
    842c:	b9009be1 	str	w1, [sp, #152]
    8430:	8b20c042 	add	x2, x2, w0, sxtw
    8434:	f94043e0 	ldr	x0, [sp, #128]
    8438:	f90043e2 	str	x2, [sp, #128]
    843c:	17fff939 	b	6920 <_vfprintf_r+0xe70>
    8440:	f94057e2 	ldr	x2, [sp, #168]
    8444:	b9409be0 	ldr	w0, [sp, #152]
    8448:	b9009be1 	str	w1, [sp, #152]
    844c:	8b20c040 	add	x0, x2, w0, sxtw
    8450:	17fff8ff 	b	684c <_vfprintf_r+0xd9c>
    8454:	f94057e2 	ldr	x2, [sp, #168]
    8458:	b9409be0 	ldr	w0, [sp, #152]
    845c:	b9009be1 	str	w1, [sp, #152]
    8460:	8b20c040 	add	x0, x2, w0, sxtw
    8464:	17fff9c8 	b	6b84 <_vfprintf_r+0x10d4>
    8468:	b9409be0 	ldr	w0, [sp, #152]
    846c:	11002001 	add	w1, w0, #0x8
    8470:	7100003f 	cmp	w1, #0x0
    8474:	54001bed 	b.le	87f0 <_vfprintf_r+0x2d40>
    8478:	f94043e0 	ldr	x0, [sp, #128]
    847c:	b9009be1 	str	w1, [sp, #152]
    8480:	91002c02 	add	x2, x0, #0xb
    8484:	927df041 	and	x1, x2, #0xfffffffffffffff8
    8488:	f90043e1 	str	x1, [sp, #128]
    848c:	17fff8d8 	b	67ec <_vfprintf_r+0xd3c>
    8490:	910683e2 	add	x2, sp, #0x1a0
    8494:	aa1503e1 	mov	x1, x21
    8498:	aa1303e0 	mov	x0, x19
    849c:	f90063ec 	str	x12, [sp, #192]
    84a0:	b900cbe9 	str	w9, [sp, #200]
    84a4:	b900d3eb 	str	w11, [sp, #208]
    84a8:	f9006fea 	str	x10, [sp, #216]
    84ac:	940011dd 	bl	cc20 <__sprint_r>
    84b0:	35fef240 	cbnz	w0, 62f8 <_vfprintf_r+0x848>
    84b4:	f94063ec 	ldr	x12, [sp, #192]
    84b8:	aa1603fc 	mov	x28, x22
    84bc:	f9406fea 	ldr	x10, [sp, #216]
    84c0:	f940dbe0 	ldr	x0, [sp, #432]
    84c4:	b940cbe9 	ldr	w9, [sp, #200]
    84c8:	b940d3eb 	ldr	w11, [sp, #208]
    84cc:	17fffa52 	b	6e14 <_vfprintf_r+0x1364>
    84d0:	f94053e0 	ldr	x0, [sp, #160]
    84d4:	910683e2 	add	x2, sp, #0x1a0
    84d8:	aa1503e1 	mov	x1, x21
    84dc:	f90067e3 	str	x3, [sp, #200]
    84e0:	940011d0 	bl	cc20 <__sprint_r>
    84e4:	35003980 	cbnz	w0, 8c14 <_vfprintf_r+0x3164>
    84e8:	f94067e3 	ldr	x3, [sp, #200]
    84ec:	90000044 	adrp	x4, 10000 <__sfp_handle_exceptions+0x300>
    84f0:	f940dbe0 	ldr	x0, [sp, #432]
    84f4:	aa1603e2 	mov	x2, x22
    84f8:	39400341 	ldrb	w1, [x26]
    84fc:	91140084 	add	x4, x4, #0x500
    8500:	17ffff2e 	b	81b8 <_vfprintf_r+0x2708>
    8504:	f9407be1 	ldr	x1, [sp, #240]
    8508:	b90093e8 	str	w8, [sp, #144]
    850c:	f94087e0 	ldr	x0, [sp, #264]
    8510:	29139feb 	stp	w11, w7, [sp, #156]
    8514:	a90c2be3 	stp	x3, x10, [sp, #192]
    8518:	cb00037b 	sub	x27, x27, x0
    851c:	aa0003e2 	mov	x2, x0
    8520:	aa1b03e0 	mov	x0, x27
    8524:	f9006be4 	str	x4, [sp, #208]
    8528:	9400153a 	bl	da10 <strncpy>
    852c:	394006a0 	ldrb	w0, [x21, #1]
    8530:	52800005 	mov	w5, #0x0                   	// #0
    8534:	a94c2be3 	ldp	x3, x10, [sp, #192]
    8538:	7100001f 	cmp	w0, #0x0
    853c:	f9406be4 	ldr	x4, [sp, #208]
    8540:	9a9506b5 	cinc	x21, x21, ne	// ne = any
    8544:	b94093e8 	ldr	w8, [sp, #144]
    8548:	29539feb 	ldp	w11, w7, [sp, #156]
    854c:	17fffcce 	b	7884 <_vfprintf_r+0x1dd4>
    8550:	f94063e1 	ldr	x1, [sp, #192]
    8554:	aa1803f3 	mov	x19, x24
    8558:	b5feed41 	cbnz	x1, 6300 <_vfprintf_r+0x850>
    855c:	17fff76b 	b	6308 <_vfprintf_r+0x858>
    8560:	b940b2a0 	ldr	w0, [x21, #176]
    8564:	370000a0 	tbnz	w0, #0, 8578 <_vfprintf_r+0x2ac8>
    8568:	794022a0 	ldrh	w0, [x21, #16]
    856c:	37480060 	tbnz	w0, #9, 8578 <_vfprintf_r+0x2ac8>
    8570:	f94052a0 	ldr	x0, [x21, #160]
    8574:	97ffef17 	bl	41d0 <__retarget_lock_release_recursive>
    8578:	12800000 	mov	w0, #0xffffffff            	// #-1
    857c:	b9007fe0 	str	w0, [sp, #124]
    8580:	17fff769 	b	6324 <_vfprintf_r+0x874>
    8584:	910683e2 	add	x2, sp, #0x1a0
    8588:	aa1503e1 	mov	x1, x21
    858c:	aa1303e0 	mov	x0, x19
    8590:	b90093e9 	str	w9, [sp, #144]
    8594:	b900a3eb 	str	w11, [sp, #160]
    8598:	f90063ea 	str	x10, [sp, #192]
    859c:	940011a1 	bl	cc20 <__sprint_r>
    85a0:	35feeac0 	cbnz	w0, 62f8 <_vfprintf_r+0x848>
    85a4:	2953afe1 	ldp	w1, w11, [sp, #156]
    85a8:	aa1603fc 	mov	x28, x22
    85ac:	b9417bf7 	ldr	w23, [sp, #376]
    85b0:	f94063ea 	ldr	x10, [sp, #192]
    85b4:	4b170037 	sub	w23, w1, w23
    85b8:	f940dbe0 	ldr	x0, [sp, #432]
    85bc:	b94093e9 	ldr	w9, [sp, #144]
    85c0:	17fffa33 	b	6e8c <_vfprintf_r+0x13dc>
    85c4:	1e602128 	fcmp	d9, #0.0
    85c8:	540038c1 	b.ne	8ce0 <_vfprintf_r+0x3230>  // b.any
    85cc:	b9417bf8 	ldr	w24, [sp, #376]
    85d0:	8b38c000 	add	x0, x0, w24, sxtw
    85d4:	4b1b0000 	sub	w0, w0, w27
    85d8:	b9009fe0 	str	w0, [sp, #156]
    85dc:	12000120 	and	w0, w9, #0x1
    85e0:	2a070000 	orr	w0, w0, w7
    85e4:	7100031f 	cmp	w24, #0x0
    85e8:	5400350d 	b.le	8c88 <_vfprintf_r+0x31d8>
    85ec:	35002840 	cbnz	w0, 8af4 <_vfprintf_r+0x3044>
    85f0:	2a1803f7 	mov	w23, w24
    85f4:	52800cc8 	mov	w8, #0x66                  	// #102
    85f8:	375023e9 	tbnz	w9, #10, 8a74 <_vfprintf_r+0x2fc4>
    85fc:	710002ff 	cmp	w23, #0x0
    8600:	1a9fa2fa 	csel	w26, w23, wzr, ge	// ge = tcont
    8604:	17ffff49 	b	8328 <_vfprintf_r+0x2878>
    8608:	b9417bf8 	ldr	w24, [sp, #376]
    860c:	aa0103e0 	mov	x0, x1
    8610:	17fffd65 	b	7ba4 <_vfprintf_r+0x20f4>
    8614:	b940b3e1 	ldr	w1, [sp, #176]
    8618:	52800ce8 	mov	w8, #0x67                  	// #103
    861c:	0b000037 	add	w23, w1, w0
    8620:	7100031f 	cmp	w24, #0x0
    8624:	54fffeac 	b.gt	85f8 <_vfprintf_r+0x2b48>
    8628:	4b1802ec 	sub	w12, w23, w24
    862c:	31000597 	adds	w23, w12, #0x1
    8630:	1a9f52fa 	csel	w26, w23, wzr, pl	// pl = nfrst
    8634:	17ffff3d 	b	8328 <_vfprintf_r+0x2878>
    8638:	9106e3fb 	add	x27, sp, #0x1b8
    863c:	d2800019 	mov	x25, #0x0                   	// #0
    8640:	17fffc52 	b	7788 <_vfprintf_r+0x1cd8>
    8644:	90000044 	adrp	x4, 10000 <__sfp_handle_exceptions+0x300>
    8648:	4b0203f7 	neg	w23, w2
    864c:	91140084 	add	x4, x4, #0x500
    8650:	3100405f 	cmn	w2, #0x10
    8654:	540004ea 	b.ge	86f0 <_vfprintf_r+0x2c40>  // b.tcont
    8658:	aa1503e2 	mov	x2, x21
    865c:	2a0903fc 	mov	w28, w9
    8660:	2a1703f5 	mov	w21, w23
    8664:	d2800218 	mov	x24, #0x10                  	// #16
    8668:	aa0203f7 	mov	x23, x2
    866c:	f9004bf9 	str	x25, [sp, #144]
    8670:	aa0403f9 	mov	x25, x4
    8674:	b900a3eb 	str	w11, [sp, #160]
    8678:	f90063ea 	str	x10, [sp, #192]
    867c:	14000004 	b	868c <_vfprintf_r+0x2bdc>
    8680:	510042b5 	sub	w21, w21, #0x10
    8684:	710042bf 	cmp	w21, #0x10
    8688:	5400024d 	b.le	86d0 <_vfprintf_r+0x2c20>
    868c:	91004000 	add	x0, x0, #0x10
    8690:	11000421 	add	w1, w1, #0x1
    8694:	a90060d9 	stp	x25, x24, [x6]
    8698:	910040c6 	add	x6, x6, #0x10
    869c:	b901abe1 	str	w1, [sp, #424]
    86a0:	f900dbe0 	str	x0, [sp, #432]
    86a4:	71001c3f 	cmp	w1, #0x7
    86a8:	54fffecd 	b.le	8680 <_vfprintf_r+0x2bd0>
    86ac:	910683e2 	add	x2, sp, #0x1a0
    86b0:	aa1703e1 	mov	x1, x23
    86b4:	aa1303e0 	mov	x0, x19
    86b8:	9400115a 	bl	cc20 <__sprint_r>
    86bc:	35002260 	cbnz	w0, 8b08 <_vfprintf_r+0x3058>
    86c0:	f940dbe0 	ldr	x0, [sp, #432]
    86c4:	aa1603e6 	mov	x6, x22
    86c8:	b941abe1 	ldr	w1, [sp, #424]
    86cc:	17ffffed 	b	8680 <_vfprintf_r+0x2bd0>
    86d0:	f94063ea 	ldr	x10, [sp, #192]
    86d4:	aa1703e2 	mov	x2, x23
    86d8:	aa1903e4 	mov	x4, x25
    86dc:	b940a3eb 	ldr	w11, [sp, #160]
    86e0:	f9404bf9 	ldr	x25, [sp, #144]
    86e4:	2a1503f7 	mov	w23, w21
    86e8:	2a1c03e9 	mov	w9, w28
    86ec:	aa0203f5 	mov	x21, x2
    86f0:	93407ef7 	sxtw	x23, w23
    86f4:	11000421 	add	w1, w1, #0x1
    86f8:	8b170000 	add	x0, x0, x23
    86fc:	a9005cc4 	stp	x4, x23, [x6]
    8700:	910040c6 	add	x6, x6, #0x10
    8704:	b901abe1 	str	w1, [sp, #424]
    8708:	f900dbe0 	str	x0, [sp, #432]
    870c:	71001c3f 	cmp	w1, #0x7
    8710:	54fedb0d 	b.le	6270 <_vfprintf_r+0x7c0>
    8714:	910683e2 	add	x2, sp, #0x1a0
    8718:	aa1503e1 	mov	x1, x21
    871c:	aa1303e0 	mov	x0, x19
    8720:	b90093e9 	str	w9, [sp, #144]
    8724:	b900a3eb 	str	w11, [sp, #160]
    8728:	f90063ea 	str	x10, [sp, #192]
    872c:	9400113d 	bl	cc20 <__sprint_r>
    8730:	35fede40 	cbnz	w0, 62f8 <_vfprintf_r+0x848>
    8734:	f94063ea 	ldr	x10, [sp, #192]
    8738:	aa1603e6 	mov	x6, x22
    873c:	f940dbe0 	ldr	x0, [sp, #432]
    8740:	b94093e9 	ldr	w9, [sp, #144]
    8744:	b940a3eb 	ldr	w11, [sp, #160]
    8748:	b941abe1 	ldr	w1, [sp, #424]
    874c:	17fff6c9 	b	6270 <_vfprintf_r+0x7c0>
    8750:	f9408be2 	ldr	x2, [sp, #272]
    8754:	b940ffe0 	ldr	w0, [sp, #252]
    8758:	b900ffe1 	str	w1, [sp, #252]
    875c:	8b20c040 	add	x0, x2, w0, sxtw
    8760:	17fff7b9 	b	6644 <_vfprintf_r+0xb94>
    8764:	91060be1 	add	x1, sp, #0x182
    8768:	35000082 	cbnz	w2, 8778 <_vfprintf_r+0x2cc8>
    876c:	91060fe1 	add	x1, sp, #0x183
    8770:	52800602 	mov	w2, #0x30                  	// #48
    8774:	39060be2 	strb	w2, [sp, #386]
    8778:	1100c000 	add	w0, w0, #0x30
    877c:	38001420 	strb	w0, [x1], #1
    8780:	910603e2 	add	x2, sp, #0x180
    8784:	4b020020 	sub	w0, w1, w2
    8788:	b900fbe0 	str	w0, [sp, #248]
    878c:	17fffd38 	b	7c6c <_vfprintf_r+0x21bc>
    8790:	f9408be2 	ldr	x2, [sp, #272]
    8794:	b940ffe0 	ldr	w0, [sp, #252]
    8798:	b900ffe1 	str	w1, [sp, #252]
    879c:	8b20c040 	add	x0, x2, w0, sxtw
    87a0:	fd400008 	ldr	d8, [x0]
    87a4:	17fff7b5 	b	6678 <_vfprintf_r+0xbc8>
    87a8:	f9404bf5 	ldr	x21, [sp, #144]
    87ac:	d2800001 	mov	x1, #0x0                   	// #0
    87b0:	79c022a0 	ldrsh	w0, [x21, #16]
    87b4:	321a0000 	orr	w0, w0, #0x40
    87b8:	790022a0 	strh	w0, [x21, #16]
    87bc:	b5feda21 	cbnz	x1, 6300 <_vfprintf_r+0x850>
    87c0:	17fff6d2 	b	6308 <_vfprintf_r+0x858>
    87c4:	3607a629 	tbz	w9, #0, 7c88 <_vfprintf_r+0x21d8>
    87c8:	17fffd2e 	b	7c80 <_vfprintf_r+0x21d0>
    87cc:	37f81de0 	tbnz	w0, #31, 8b88 <_vfprintf_r+0x30d8>
    87d0:	f94043e0 	ldr	x0, [sp, #128]
    87d4:	91003c01 	add	x1, x0, #0xf
    87d8:	927df021 	and	x1, x1, #0xfffffffffffffff8
    87dc:	f90043e1 	str	x1, [sp, #128]
    87e0:	f9400000 	ldr	x0, [x0]
    87e4:	b9407fe1 	ldr	w1, [sp, #124]
    87e8:	b9000001 	str	w1, [x0]
    87ec:	17fff4f9 	b	5bd0 <_vfprintf_r+0x120>
    87f0:	f94057e2 	ldr	x2, [sp, #168]
    87f4:	b9409be0 	ldr	w0, [sp, #152]
    87f8:	b9009be1 	str	w1, [sp, #152]
    87fc:	8b20c040 	add	x0, x2, w0, sxtw
    8800:	17fff7fb 	b	67ec <_vfprintf_r+0xd3c>
    8804:	f9404bf5 	ldr	x21, [sp, #144]
    8808:	2a1a03e9 	mov	w9, w26
    880c:	b940a3e8 	ldr	w8, [sp, #160]
    8810:	aa1803ea 	mov	x10, x24
    8814:	b940c3eb 	ldr	w11, [sp, #192]
    8818:	2a1903f7 	mov	w23, w25
    881c:	17fffbc9 	b	7740 <_vfprintf_r+0x1c90>
    8820:	b9409be0 	ldr	w0, [sp, #152]
    8824:	11002001 	add	w1, w0, #0x8
    8828:	7100003f 	cmp	w1, #0x0
    882c:	5400244d 	b.le	8cb4 <_vfprintf_r+0x3204>
    8830:	f94043e0 	ldr	x0, [sp, #128]
    8834:	b9009be1 	str	w1, [sp, #152]
    8838:	91002c02 	add	x2, x0, #0xb
    883c:	927df041 	and	x1, x2, #0xfffffffffffffff8
    8840:	f90043e1 	str	x1, [sp, #128]
    8844:	17fffc76 	b	7a1c <_vfprintf_r+0x1f6c>
    8848:	0b1b00e1 	add	w1, w7, w27
    884c:	52800603 	mov	w3, #0x30                  	// #48
    8850:	4b000021 	sub	w1, w1, w0
    8854:	11000422 	add	w2, w1, #0x1
    8858:	8b22c002 	add	x2, x0, w2, sxtw
    885c:	37ff6d21 	tbnz	w1, #31, 7600 <_vfprintf_r+0x1b50>
    8860:	38001403 	strb	w3, [x0], #1
    8864:	eb00005f 	cmp	x2, x0
    8868:	54ffffc1 	b.ne	8860 <_vfprintf_r+0x2db0>  // b.any
    886c:	17fffb65 	b	7600 <_vfprintf_r+0x1b50>
    8870:	3945bfe1 	ldrb	w1, [sp, #367]
    8874:	2a0703fa 	mov	w26, w7
    8878:	b90093ff 	str	wzr, [sp, #144]
    887c:	2a0703f7 	mov	w23, w7
    8880:	b900a3ff 	str	wzr, [sp, #160]
    8884:	52800007 	mov	w7, #0x0                   	// #0
    8888:	52800e68 	mov	w8, #0x73                  	// #115
    888c:	34fea7e1 	cbz	w1, 5d88 <_vfprintf_r+0x2d8>
    8890:	17fff792 	b	66d8 <_vfprintf_r+0xc28>
    8894:	f94057e2 	ldr	x2, [sp, #168]
    8898:	b9409be0 	ldr	w0, [sp, #152]
    889c:	b9009be1 	str	w1, [sp, #152]
    88a0:	8b20c040 	add	x0, x2, w0, sxtw
    88a4:	17fff9e8 	b	7044 <_vfprintf_r+0x1594>
    88a8:	528005a0 	mov	w0, #0x2d                  	// #45
    88ac:	1e614109 	fneg	d9, d8
    88b0:	b900c3e0 	str	w0, [sp, #192]
    88b4:	17fffc95 	b	7b08 <_vfprintf_r+0x2058>
    88b8:	f94057e2 	ldr	x2, [sp, #168]
    88bc:	b9409be0 	ldr	w0, [sp, #152]
    88c0:	b9009be1 	str	w1, [sp, #152]
    88c4:	8b20c040 	add	x0, x2, w0, sxtw
    88c8:	79400000 	ldrh	w0, [x0]
    88cc:	17fffab1 	b	7390 <_vfprintf_r+0x18e0>
    88d0:	b9409be0 	ldr	w0, [sp, #152]
    88d4:	11002001 	add	w1, w0, #0x8
    88d8:	7100003f 	cmp	w1, #0x0
    88dc:	5400186d 	b.le	8be8 <_vfprintf_r+0x3138>
    88e0:	f94043e0 	ldr	x0, [sp, #128]
    88e4:	b9009be1 	str	w1, [sp, #152]
    88e8:	91002c02 	add	x2, x0, #0xb
    88ec:	927df041 	and	x1, x2, #0xfffffffffffffff8
    88f0:	39400000 	ldrb	w0, [x0]
    88f4:	f90043e1 	str	x1, [sp, #128]
    88f8:	17fffaa6 	b	7390 <_vfprintf_r+0x18e0>
    88fc:	b9409be0 	ldr	w0, [sp, #152]
    8900:	11002001 	add	w1, w0, #0x8
    8904:	7100003f 	cmp	w1, #0x0
    8908:	54001aad 	b.le	8c5c <_vfprintf_r+0x31ac>
    890c:	f94043e0 	ldr	x0, [sp, #128]
    8910:	b9009be1 	str	w1, [sp, #152]
    8914:	91002c02 	add	x2, x0, #0xb
    8918:	927df041 	and	x1, x2, #0xfffffffffffffff8
    891c:	b9400000 	ldr	w0, [x0]
    8920:	f90043e1 	str	x1, [sp, #128]
    8924:	17fffa9b 	b	7390 <_vfprintf_r+0x18e0>
    8928:	b9409be0 	ldr	w0, [sp, #152]
    892c:	11002001 	add	w1, w0, #0x8
    8930:	7100003f 	cmp	w1, #0x0
    8934:	54001a0d 	b.le	8c74 <_vfprintf_r+0x31c4>
    8938:	f94043e0 	ldr	x0, [sp, #128]
    893c:	b9009be1 	str	w1, [sp, #152]
    8940:	91002c02 	add	x2, x0, #0xb
    8944:	927df041 	and	x1, x2, #0xfffffffffffffff8
    8948:	f90043e1 	str	x1, [sp, #128]
    894c:	17fffc54 	b	7a9c <_vfprintf_r+0x1fec>
    8950:	b9409be0 	ldr	w0, [sp, #152]
    8954:	11002001 	add	w1, w0, #0x8
    8958:	7100003f 	cmp	w1, #0x0
    895c:	5400152d 	b.le	8c00 <_vfprintf_r+0x3150>
    8960:	f94043e0 	ldr	x0, [sp, #128]
    8964:	b9009be1 	str	w1, [sp, #152]
    8968:	91002c02 	add	x2, x0, #0xb
    896c:	927df041 	and	x1, x2, #0xfffffffffffffff8
    8970:	f90043e1 	str	x1, [sp, #128]
    8974:	17fffd36 	b	7e4c <_vfprintf_r+0x239c>
    8978:	b9409be0 	ldr	w0, [sp, #152]
    897c:	11002001 	add	w1, w0, #0x8
    8980:	7100003f 	cmp	w1, #0x0
    8984:	5400156d 	b.le	8c30 <_vfprintf_r+0x3180>
    8988:	f94043e0 	ldr	x0, [sp, #128]
    898c:	b9009be1 	str	w1, [sp, #152]
    8990:	91002c02 	add	x2, x0, #0xb
    8994:	927df041 	and	x1, x2, #0xfffffffffffffff8
    8998:	b9400000 	ldr	w0, [x0]
    899c:	f90043e1 	str	x1, [sp, #128]
    89a0:	17fff811 	b	69e4 <_vfprintf_r+0xf34>
    89a4:	9e660100 	fmov	x0, d8
    89a8:	b7f80b80 	tbnz	x0, #63, 8b18 <_vfprintf_r+0x3068>
    89ac:	3945bfe1 	ldrb	w1, [sp, #367]
    89b0:	90000040 	adrp	x0, 10000 <__sfp_handle_exceptions+0x300>
    89b4:	90000045 	adrp	x5, 10000 <__sfp_handle_exceptions+0x300>
    89b8:	71011d1f 	cmp	w8, #0x47
    89bc:	91046000 	add	x0, x0, #0x118
    89c0:	910480a5 	add	x5, x5, #0x120
    89c4:	17fff73a 	b	66ac <_vfprintf_r+0xbfc>
    89c8:	b9409be0 	ldr	w0, [sp, #152]
    89cc:	11002001 	add	w1, w0, #0x8
    89d0:	7100003f 	cmp	w1, #0x0
    89d4:	540017ad 	b.le	8cc8 <_vfprintf_r+0x3218>
    89d8:	f94043e0 	ldr	x0, [sp, #128]
    89dc:	b9009be1 	str	w1, [sp, #152]
    89e0:	91002c02 	add	x2, x0, #0xb
    89e4:	927df041 	and	x1, x2, #0xfffffffffffffff8
    89e8:	39400000 	ldrb	w0, [x0]
    89ec:	f90043e1 	str	x1, [sp, #128]
    89f0:	17fff7fd 	b	69e4 <_vfprintf_r+0xf34>
    89f4:	b9409be0 	ldr	w0, [sp, #152]
    89f8:	11002001 	add	w1, w0, #0x8
    89fc:	7100003f 	cmp	w1, #0x0
    8a00:	5400124d 	b.le	8c48 <_vfprintf_r+0x3198>
    8a04:	f94043e0 	ldr	x0, [sp, #128]
    8a08:	b9009be1 	str	w1, [sp, #152]
    8a0c:	91003c02 	add	x2, x0, #0xf
    8a10:	927df041 	and	x1, x2, #0xfffffffffffffff8
    8a14:	f90043e1 	str	x1, [sp, #128]
    8a18:	17fffcf0 	b	7dd8 <_vfprintf_r+0x2328>
    8a1c:	f94057e2 	ldr	x2, [sp, #168]
    8a20:	b9409be0 	ldr	w0, [sp, #152]
    8a24:	b9009be1 	str	w1, [sp, #152]
    8a28:	8b20c040 	add	x0, x2, w0, sxtw
    8a2c:	17fff978 	b	700c <_vfprintf_r+0x155c>
    8a30:	b9409be0 	ldr	w0, [sp, #152]
    8a34:	11002001 	add	w1, w0, #0x8
    8a38:	7100003f 	cmp	w1, #0x0
    8a3c:	54000c2d 	b.le	8bc0 <_vfprintf_r+0x3110>
    8a40:	f94043e0 	ldr	x0, [sp, #128]
    8a44:	b9009be1 	str	w1, [sp, #152]
    8a48:	91002c02 	add	x2, x0, #0xb
    8a4c:	927df041 	and	x1, x2, #0xfffffffffffffff8
    8a50:	f90043e1 	str	x1, [sp, #128]
    8a54:	17fffcf6 	b	7e2c <_vfprintf_r+0x237c>
    8a58:	f94057e2 	ldr	x2, [sp, #168]
    8a5c:	b9409be0 	ldr	w0, [sp, #152]
    8a60:	b9009be1 	str	w1, [sp, #152]
    8a64:	8b20c040 	add	x0, x2, w0, sxtw
    8a68:	79400000 	ldrh	w0, [x0]
    8a6c:	17fff7de 	b	69e4 <_vfprintf_r+0xf34>
    8a70:	52800ce8 	mov	w8, #0x67                  	// #103
    8a74:	f94083e1 	ldr	x1, [sp, #256]
    8a78:	39400020 	ldrb	w0, [x1]
    8a7c:	7103fc1f 	cmp	w0, #0xff
    8a80:	540017c0 	b.eq	8d78 <_vfprintf_r+0x32c8>  // b.none
    8a84:	52800003 	mov	w3, #0x0                   	// #0
    8a88:	52800002 	mov	w2, #0x0                   	// #0
    8a8c:	14000005 	b	8aa0 <_vfprintf_r+0x2ff0>
    8a90:	11000442 	add	w2, w2, #0x1
    8a94:	91000421 	add	x1, x1, #0x1
    8a98:	7103fc1f 	cmp	w0, #0xff
    8a9c:	54000120 	b.eq	8ac0 <_vfprintf_r+0x3010>  // b.none
    8aa0:	6b18001f 	cmp	w0, w24
    8aa4:	540000ea 	b.ge	8ac0 <_vfprintf_r+0x3010>  // b.tcont
    8aa8:	4b000318 	sub	w24, w24, w0
    8aac:	39400420 	ldrb	w0, [x1, #1]
    8ab0:	35ffff00 	cbnz	w0, 8a90 <_vfprintf_r+0x2fe0>
    8ab4:	39400020 	ldrb	w0, [x1]
    8ab8:	11000463 	add	w3, w3, #0x1
    8abc:	17fffff7 	b	8a98 <_vfprintf_r+0x2fe8>
    8ac0:	b90093e2 	str	w2, [sp, #144]
    8ac4:	b900a3e3 	str	w3, [sp, #160]
    8ac8:	f90083e1 	str	x1, [sp, #256]
    8acc:	b94093e1 	ldr	w1, [sp, #144]
    8ad0:	2a1903e9 	mov	w9, w25
    8ad4:	b940a3e0 	ldr	w0, [sp, #160]
    8ad8:	d2800019 	mov	x25, #0x0                   	// #0
    8adc:	0b010000 	add	w0, w0, w1
    8ae0:	b9410be1 	ldr	w1, [sp, #264]
    8ae4:	1b015c17 	madd	w23, w0, w1, w23
    8ae8:	710002ff 	cmp	w23, #0x0
    8aec:	1a9fa2fa 	csel	w26, w23, wzr, ge	// ge = tcont
    8af0:	17fffc6d 	b	7ca4 <_vfprintf_r+0x21f4>
    8af4:	b940b3e0 	ldr	w0, [sp, #176]
    8af8:	52800cc8 	mov	w8, #0x66                  	// #102
    8afc:	0b0000ec 	add	w12, w7, w0
    8b00:	0b180197 	add	w23, w12, w24
    8b04:	17fffebd 	b	85f8 <_vfprintf_r+0x2b48>
    8b08:	f9404be1 	ldr	x1, [sp, #144]
    8b0c:	aa1703f5 	mov	x21, x23
    8b10:	b5febf81 	cbnz	x1, 6300 <_vfprintf_r+0x850>
    8b14:	17fff5fd 	b	6308 <_vfprintf_r+0x858>
    8b18:	528005a0 	mov	w0, #0x2d                  	// #45
    8b1c:	528005a1 	mov	w1, #0x2d                  	// #45
    8b20:	3905bfe0 	strb	w0, [sp, #367]
    8b24:	17ffffa3 	b	89b0 <_vfprintf_r+0x2f00>
    8b28:	f94053f3 	ldr	x19, [sp, #160]
    8b2c:	aa1903e8 	mov	x8, x25
    8b30:	f94063f9 	ldr	x25, [sp, #192]
    8b34:	f90083fa 	str	x26, [sp, #256]
    8b38:	f94073ec 	ldr	x12, [sp, #224]
    8b3c:	aa0203fc 	mov	x28, x2
    8b40:	f94093fb 	ldr	x27, [sp, #288]
    8b44:	f9409fea 	ldr	x10, [sp, #312]
    8b48:	b9412be9 	ldr	w9, [sp, #296]
    8b4c:	b94133eb 	ldr	w11, [sp, #304]
    8b50:	b94137fa 	ldr	w26, [sp, #308]
    8b54:	eb03011f 	cmp	x8, x3
    8b58:	9a839108 	csel	x8, x8, x3, ls	// ls = plast
    8b5c:	17fff8b5 	b	6e30 <_vfprintf_r+0x1380>
    8b60:	b9409be0 	ldr	w0, [sp, #152]
    8b64:	11002001 	add	w1, w0, #0x8
    8b68:	7100003f 	cmp	w1, #0x0
    8b6c:	54000ded 	b.le	8d28 <_vfprintf_r+0x3278>
    8b70:	f94043e0 	ldr	x0, [sp, #128]
    8b74:	b9009be1 	str	w1, [sp, #152]
    8b78:	91003c02 	add	x2, x0, #0xf
    8b7c:	927df041 	and	x1, x2, #0xfffffffffffffff8
    8b80:	f90043e1 	str	x1, [sp, #128]
    8b84:	17fff918 	b	6fe4 <_vfprintf_r+0x1534>
    8b88:	b9409be0 	ldr	w0, [sp, #152]
    8b8c:	11002001 	add	w1, w0, #0x8
    8b90:	7100003f 	cmp	w1, #0x0
    8b94:	5400020d 	b.le	8bd4 <_vfprintf_r+0x3124>
    8b98:	f94043e0 	ldr	x0, [sp, #128]
    8b9c:	b9009be1 	str	w1, [sp, #152]
    8ba0:	91003c02 	add	x2, x0, #0xf
    8ba4:	927df041 	and	x1, x2, #0xfffffffffffffff8
    8ba8:	f90043e1 	str	x1, [sp, #128]
    8bac:	17ffff0d 	b	87e0 <_vfprintf_r+0x2d30>
    8bb0:	79c022a0 	ldrsh	w0, [x21, #16]
    8bb4:	321a0000 	orr	w0, w0, #0x40
    8bb8:	790022a0 	strh	w0, [x21, #16]
    8bbc:	17fff5d4 	b	630c <_vfprintf_r+0x85c>
    8bc0:	f94057e2 	ldr	x2, [sp, #168]
    8bc4:	b9409be0 	ldr	w0, [sp, #152]
    8bc8:	b9009be1 	str	w1, [sp, #152]
    8bcc:	8b20c040 	add	x0, x2, w0, sxtw
    8bd0:	17fffc97 	b	7e2c <_vfprintf_r+0x237c>
    8bd4:	f94057e2 	ldr	x2, [sp, #168]
    8bd8:	b9409be0 	ldr	w0, [sp, #152]
    8bdc:	b9009be1 	str	w1, [sp, #152]
    8be0:	8b20c040 	add	x0, x2, w0, sxtw
    8be4:	17fffeff 	b	87e0 <_vfprintf_r+0x2d30>
    8be8:	f94057e2 	ldr	x2, [sp, #168]
    8bec:	b9409be0 	ldr	w0, [sp, #152]
    8bf0:	b9009be1 	str	w1, [sp, #152]
    8bf4:	8b20c040 	add	x0, x2, w0, sxtw
    8bf8:	39400000 	ldrb	w0, [x0]
    8bfc:	17fff9e5 	b	7390 <_vfprintf_r+0x18e0>
    8c00:	f94057e2 	ldr	x2, [sp, #168]
    8c04:	b9409be0 	ldr	w0, [sp, #152]
    8c08:	b9009be1 	str	w1, [sp, #152]
    8c0c:	8b20c040 	add	x0, x2, w0, sxtw
    8c10:	17fffc8f 	b	7e4c <_vfprintf_r+0x239c>
    8c14:	f94063e1 	ldr	x1, [sp, #192]
    8c18:	f94053f3 	ldr	x19, [sp, #160]
    8c1c:	b5feb721 	cbnz	x1, 6300 <_vfprintf_r+0x850>
    8c20:	17fff5ba 	b	6308 <_vfprintf_r+0x858>
    8c24:	52800040 	mov	w0, #0x2                   	// #2
    8c28:	b900fbe0 	str	w0, [sp, #248]
    8c2c:	17fffc10 	b	7c6c <_vfprintf_r+0x21bc>
    8c30:	f94057e2 	ldr	x2, [sp, #168]
    8c34:	b9409be0 	ldr	w0, [sp, #152]
    8c38:	b9009be1 	str	w1, [sp, #152]
    8c3c:	8b20c040 	add	x0, x2, w0, sxtw
    8c40:	b9400000 	ldr	w0, [x0]
    8c44:	17fff768 	b	69e4 <_vfprintf_r+0xf34>
    8c48:	f94057e2 	ldr	x2, [sp, #168]
    8c4c:	b9409be0 	ldr	w0, [sp, #152]
    8c50:	b9009be1 	str	w1, [sp, #152]
    8c54:	8b20c040 	add	x0, x2, w0, sxtw
    8c58:	17fffc60 	b	7dd8 <_vfprintf_r+0x2328>
    8c5c:	f94057e2 	ldr	x2, [sp, #168]
    8c60:	b9409be0 	ldr	w0, [sp, #152]
    8c64:	b9009be1 	str	w1, [sp, #152]
    8c68:	8b20c040 	add	x0, x2, w0, sxtw
    8c6c:	b9400000 	ldr	w0, [x0]
    8c70:	17fff9c8 	b	7390 <_vfprintf_r+0x18e0>
    8c74:	f94057e2 	ldr	x2, [sp, #168]
    8c78:	b9409be0 	ldr	w0, [sp, #152]
    8c7c:	b9009be1 	str	w1, [sp, #152]
    8c80:	8b20c040 	add	x0, x2, w0, sxtw
    8c84:	17fffb86 	b	7a9c <_vfprintf_r+0x1fec>
    8c88:	350000a0 	cbnz	w0, 8c9c <_vfprintf_r+0x31ec>
    8c8c:	5280003a 	mov	w26, #0x1                   	// #1
    8c90:	52800cc8 	mov	w8, #0x66                  	// #102
    8c94:	2a1a03f7 	mov	w23, w26
    8c98:	17fffda4 	b	8328 <_vfprintf_r+0x2878>
    8c9c:	b940b3e0 	ldr	w0, [sp, #176]
    8ca0:	52800cc8 	mov	w8, #0x66                  	// #102
    8ca4:	1100040c 	add	w12, w0, #0x1
    8ca8:	2b070197 	adds	w23, w12, w7
    8cac:	1a9f52fa 	csel	w26, w23, wzr, pl	// pl = nfrst
    8cb0:	17fffd9e 	b	8328 <_vfprintf_r+0x2878>
    8cb4:	f94057e2 	ldr	x2, [sp, #168]
    8cb8:	b9409be0 	ldr	w0, [sp, #152]
    8cbc:	b9009be1 	str	w1, [sp, #152]
    8cc0:	8b20c040 	add	x0, x2, w0, sxtw
    8cc4:	17fffb56 	b	7a1c <_vfprintf_r+0x1f6c>
    8cc8:	f94057e2 	ldr	x2, [sp, #168]
    8ccc:	b9409be0 	ldr	w0, [sp, #152]
    8cd0:	b9009be1 	str	w1, [sp, #152]
    8cd4:	8b20c040 	add	x0, x2, w0, sxtw
    8cd8:	39400000 	ldrb	w0, [x0]
    8cdc:	17fff742 	b	69e4 <_vfprintf_r+0xf34>
    8ce0:	52800021 	mov	w1, #0x1                   	// #1
    8ce4:	4b070021 	sub	w1, w1, w7
    8ce8:	b9017be1 	str	w1, [sp, #376]
    8cec:	17fffb9f 	b	7b68 <_vfprintf_r+0x20b8>
    8cf0:	b9409be2 	ldr	w2, [sp, #152]
    8cf4:	37f80242 	tbnz	w2, #31, 8d3c <_vfprintf_r+0x328c>
    8cf8:	f94043e0 	ldr	x0, [sp, #128]
    8cfc:	91002c00 	add	x0, x0, #0xb
    8d00:	927df000 	and	x0, x0, #0xfffffffffffffff8
    8d04:	f94043e3 	ldr	x3, [sp, #128]
    8d08:	f90043e0 	str	x0, [sp, #128]
    8d0c:	39400748 	ldrb	w8, [x26, #1]
    8d10:	aa0103fa 	mov	x26, x1
    8d14:	b9009be2 	str	w2, [sp, #152]
    8d18:	b9400067 	ldr	w7, [x3]
    8d1c:	710000ff 	cmp	w7, #0x0
    8d20:	5a9fa0f9 	csinv	w25, w7, wzr, ge	// ge = tcont
    8d24:	17fff400 	b	5d24 <_vfprintf_r+0x274>
    8d28:	f94057e2 	ldr	x2, [sp, #168]
    8d2c:	b9409be0 	ldr	w0, [sp, #152]
    8d30:	b9009be1 	str	w1, [sp, #152]
    8d34:	8b20c040 	add	x0, x2, w0, sxtw
    8d38:	17fff8ab 	b	6fe4 <_vfprintf_r+0x1534>
    8d3c:	b9409be0 	ldr	w0, [sp, #152]
    8d40:	11002002 	add	w2, w0, #0x8
    8d44:	f94043e0 	ldr	x0, [sp, #128]
    8d48:	7100005f 	cmp	w2, #0x0
    8d4c:	540000cd 	b.le	8d64 <_vfprintf_r+0x32b4>
    8d50:	91002c00 	add	x0, x0, #0xb
    8d54:	927df000 	and	x0, x0, #0xfffffffffffffff8
    8d58:	17ffffeb 	b	8d04 <_vfprintf_r+0x3254>
    8d5c:	8b0c0363 	add	x3, x27, x12
    8d60:	17ffff7d 	b	8b54 <_vfprintf_r+0x30a4>
    8d64:	f94057e4 	ldr	x4, [sp, #168]
    8d68:	b9409be3 	ldr	w3, [sp, #152]
    8d6c:	8b23c083 	add	x3, x4, w3, sxtw
    8d70:	f90043e3 	str	x3, [sp, #128]
    8d74:	17ffffe4 	b	8d04 <_vfprintf_r+0x3254>
    8d78:	b90093ff 	str	wzr, [sp, #144]
    8d7c:	b900a3ff 	str	wzr, [sp, #160]
    8d80:	17ffff53 	b	8acc <_vfprintf_r+0x301c>
    8d84:	79c022a0 	ldrsh	w0, [x21, #16]
    8d88:	aa1903e1 	mov	x1, x25
    8d8c:	321a0000 	orr	w0, w0, #0x40
    8d90:	790022a0 	strh	w0, [x21, #16]
    8d94:	17fffe8a 	b	87bc <_vfprintf_r+0x2d0c>
    8d98:	79c022a0 	ldrsh	w0, [x21, #16]
    8d9c:	d2800001 	mov	x1, #0x0                   	// #0
    8da0:	321a0000 	orr	w0, w0, #0x40
    8da4:	790022a0 	strh	w0, [x21, #16]
    8da8:	17fffe85 	b	87bc <_vfprintf_r+0x2d0c>
    8dac:	00000000 	udf	#0

0000000000008db0 <vfprintf>:
    8db0:	a9bd7bfd 	stp	x29, x30, [sp, #-48]!
    8db4:	b0000044 	adrp	x4, 11000 <__malloc_av_+0x360>
    8db8:	aa0003e3 	mov	x3, x0
    8dbc:	910003fd 	mov	x29, sp
    8dc0:	ad400440 	ldp	q0, q1, [x2]
    8dc4:	aa0103e2 	mov	x2, x1
    8dc8:	f9425880 	ldr	x0, [x4, #1200]
    8dcc:	aa0303e1 	mov	x1, x3
    8dd0:	910043e3 	add	x3, sp, #0x10
    8dd4:	ad0087e0 	stp	q0, q1, [sp, #16]
    8dd8:	97fff336 	bl	5ab0 <_vfprintf_r>
    8ddc:	a8c37bfd 	ldp	x29, x30, [sp], #48
    8de0:	d65f03c0 	ret
	...

0000000000008df0 <__sbprintf>:
    8df0:	d11443ff 	sub	sp, sp, #0x510
    8df4:	a9007bfd 	stp	x29, x30, [sp]
    8df8:	910003fd 	mov	x29, sp
    8dfc:	a90153f3 	stp	x19, x20, [sp, #16]
    8e00:	aa0103f3 	mov	x19, x1
    8e04:	79402021 	ldrh	w1, [x1, #16]
    8e08:	aa0303f4 	mov	x20, x3
    8e0c:	910443e3 	add	x3, sp, #0x110
    8e10:	f9401a66 	ldr	x6, [x19, #48]
    8e14:	121e7821 	and	w1, w1, #0xfffffffd
    8e18:	f9402265 	ldr	x5, [x19, #64]
    8e1c:	a9025bf5 	stp	x21, x22, [sp, #32]
    8e20:	79402667 	ldrh	w7, [x19, #18]
    8e24:	b940b264 	ldr	w4, [x19, #176]
    8e28:	aa0203f6 	mov	x22, x2
    8e2c:	52808002 	mov	w2, #0x400                 	// #1024
    8e30:	aa0003f5 	mov	x21, x0
    8e34:	9103e3e0 	add	x0, sp, #0xf8
    8e38:	f9002fe3 	str	x3, [sp, #88]
    8e3c:	b90067e2 	str	w2, [sp, #100]
    8e40:	7900d3e1 	strh	w1, [sp, #104]
    8e44:	7900d7e7 	strh	w7, [sp, #106]
    8e48:	f9003be3 	str	x3, [sp, #112]
    8e4c:	b9007be2 	str	w2, [sp, #120]
    8e50:	b90083ff 	str	wzr, [sp, #128]
    8e54:	f90047e6 	str	x6, [sp, #136]
    8e58:	f9004fe5 	str	x5, [sp, #152]
    8e5c:	b9010be4 	str	w4, [sp, #264]
    8e60:	97ffecbc 	bl	4150 <__retarget_lock_init_recursive>
    8e64:	ad400680 	ldp	q0, q1, [x20]
    8e68:	aa1603e2 	mov	x2, x22
    8e6c:	9100c3e3 	add	x3, sp, #0x30
    8e70:	910163e1 	add	x1, sp, #0x58
    8e74:	aa1503e0 	mov	x0, x21
    8e78:	ad0187e0 	stp	q0, q1, [sp, #48]
    8e7c:	97fff30d 	bl	5ab0 <_vfprintf_r>
    8e80:	2a0003f4 	mov	w20, w0
    8e84:	37f800c0 	tbnz	w0, #31, 8e9c <__sbprintf+0xac>
    8e88:	910163e1 	add	x1, sp, #0x58
    8e8c:	aa1503e0 	mov	x0, x21
    8e90:	97fff204 	bl	56a0 <_fflush_r>
    8e94:	7100001f 	cmp	w0, #0x0
    8e98:	5a9f0294 	csinv	w20, w20, wzr, eq	// eq = none
    8e9c:	7940d3e0 	ldrh	w0, [sp, #104]
    8ea0:	36300080 	tbz	w0, #6, 8eb0 <__sbprintf+0xc0>
    8ea4:	79402260 	ldrh	w0, [x19, #16]
    8ea8:	321a0000 	orr	w0, w0, #0x40
    8eac:	79002260 	strh	w0, [x19, #16]
    8eb0:	f9407fe0 	ldr	x0, [sp, #248]
    8eb4:	97ffecaf 	bl	4170 <__retarget_lock_close_recursive>
    8eb8:	a9407bfd 	ldp	x29, x30, [sp]
    8ebc:	2a1403e0 	mov	w0, w20
    8ec0:	a94153f3 	ldp	x19, x20, [sp, #16]
    8ec4:	a9425bf5 	ldp	x21, x22, [sp, #32]
    8ec8:	911443ff 	add	sp, sp, #0x510
    8ecc:	d65f03c0 	ret

0000000000008ed0 <_vfiprintf_r>:
    8ed0:	d10883ff 	sub	sp, sp, #0x220
    8ed4:	a9007bfd 	stp	x29, x30, [sp]
    8ed8:	910003fd 	mov	x29, sp
    8edc:	a90153f3 	stp	x19, x20, [sp, #16]
    8ee0:	aa0003f3 	mov	x19, x0
    8ee4:	aa0303f4 	mov	x20, x3
    8ee8:	a90363f7 	stp	x23, x24, [sp, #48]
    8eec:	a9400077 	ldp	x23, x0, [x3]
    8ef0:	a9025bf5 	stp	x21, x22, [sp, #32]
    8ef4:	aa0103f5 	mov	x21, x1
    8ef8:	b9401861 	ldr	w1, [x3, #24]
    8efc:	a90573fb 	stp	x27, x28, [sp, #80]
    8f00:	aa0203fb 	mov	x27, x2
    8f04:	d2800102 	mov	x2, #0x8                   	// #8
    8f08:	f9003fe0 	str	x0, [sp, #120]
    8f0c:	910423e0 	add	x0, sp, #0x108
    8f10:	b900c3e1 	str	w1, [sp, #192]
    8f14:	52800001 	mov	w1, #0x0                   	// #0
    8f18:	97fff24a 	bl	5840 <memset>
    8f1c:	b4000073 	cbz	x19, 8f28 <_vfiprintf_r+0x58>
    8f20:	f9402660 	ldr	x0, [x19, #72]
    8f24:	b4009120 	cbz	x0, a148 <_vfiprintf_r+0x1278>
    8f28:	b940b2a0 	ldr	w0, [x21, #176]
    8f2c:	79c022a1 	ldrsh	w1, [x21, #16]
    8f30:	37000040 	tbnz	w0, #0, 8f38 <_vfiprintf_r+0x68>
    8f34:	36486ea1 	tbz	w1, #9, 9d08 <_vfiprintf_r+0xe38>
    8f38:	376800a1 	tbnz	w1, #13, 8f4c <_vfiprintf_r+0x7c>
    8f3c:	32130021 	orr	w1, w1, #0x2000
    8f40:	12127800 	and	w0, w0, #0xffffdfff
    8f44:	790022a1 	strh	w1, [x21, #16]
    8f48:	b900b2a0 	str	w0, [x21, #176]
    8f4c:	3768b020 	tbnz	w0, #13, a550 <_vfiprintf_r+0x1680>
    8f50:	79c022a1 	ldrsh	w1, [x21, #16]
    8f54:	36180501 	tbz	w1, #3, 8ff4 <_vfiprintf_r+0x124>
    8f58:	f9400ea0 	ldr	x0, [x21, #24]
    8f5c:	b40004c0 	cbz	x0, 8ff4 <_vfiprintf_r+0x124>
    8f60:	52800340 	mov	w0, #0x1a                  	// #26
    8f64:	0a000020 	and	w0, w1, w0
    8f68:	7100281f 	cmp	w0, #0xa
    8f6c:	54000560 	b.eq	9018 <_vfiprintf_r+0x148>  // b.none
    8f70:	910683f6 	add	x22, sp, #0x1a0
    8f74:	b0000054 	adrp	x20, 11000 <__malloc_av_+0x360>
    8f78:	aa1603fc 	mov	x28, x22
    8f7c:	911c8294 	add	x20, x20, #0x720
    8f80:	90000040 	adrp	x0, 10000 <__sfp_handle_exceptions+0x300>
    8f84:	91148000 	add	x0, x0, #0x520
    8f88:	a9046bf9 	stp	x25, x26, [sp, #64]
    8f8c:	b90067ff 	str	wzr, [sp, #100]
    8f90:	f9003be0 	str	x0, [sp, #112]
    8f94:	a909ffff 	stp	xzr, xzr, [sp, #152]
    8f98:	a90affff 	stp	xzr, xzr, [sp, #168]
    8f9c:	f90093f6 	str	x22, [sp, #288]
    8fa0:	b9012bff 	str	wzr, [sp, #296]
    8fa4:	f9009bff 	str	xzr, [sp, #304]
    8fa8:	aa1b03fa 	mov	x26, x27
    8fac:	d503201f 	nop
    8fb0:	f9407698 	ldr	x24, [x20, #232]
    8fb4:	94000f03 	bl	cbc0 <__locale_mb_cur_max>
    8fb8:	910423e4 	add	x4, sp, #0x108
    8fbc:	93407c03 	sxtw	x3, w0
    8fc0:	aa1a03e2 	mov	x2, x26
    8fc4:	910413e1 	add	x1, sp, #0x104
    8fc8:	aa1303e0 	mov	x0, x19
    8fcc:	d63f0300 	blr	x24
    8fd0:	7100001f 	cmp	w0, #0x0
    8fd4:	340005a0 	cbz	w0, 9088 <_vfiprintf_r+0x1b8>
    8fd8:	540004ab 	b.lt	906c <_vfiprintf_r+0x19c>  // b.tstop
    8fdc:	b94107e1 	ldr	w1, [sp, #260]
    8fe0:	7100943f 	cmp	w1, #0x25
    8fe4:	54001840 	b.eq	92ec <_vfiprintf_r+0x41c>  // b.none
    8fe8:	93407c00 	sxtw	x0, w0
    8fec:	8b00035a 	add	x26, x26, x0
    8ff0:	17fffff0 	b	8fb0 <_vfiprintf_r+0xe0>
    8ff4:	aa1503e1 	mov	x1, x21
    8ff8:	aa1303e0 	mov	x0, x19
    8ffc:	97ffebfd 	bl	3ff0 <__swsetup_r>
    9000:	3500aa60 	cbnz	w0, a54c <_vfiprintf_r+0x167c>
    9004:	79c022a1 	ldrsh	w1, [x21, #16]
    9008:	52800340 	mov	w0, #0x1a                  	// #26
    900c:	0a000020 	and	w0, w1, w0
    9010:	7100281f 	cmp	w0, #0xa
    9014:	54fffae1 	b.ne	8f70 <_vfiprintf_r+0xa0>  // b.any
    9018:	79c026a0 	ldrsh	w0, [x21, #18]
    901c:	37fffaa0 	tbnz	w0, #31, 8f70 <_vfiprintf_r+0xa0>
    9020:	b940b2a0 	ldr	w0, [x21, #176]
    9024:	37000040 	tbnz	w0, #0, 902c <_vfiprintf_r+0x15c>
    9028:	3648a361 	tbz	w1, #9, a494 <_vfiprintf_r+0x15c4>
    902c:	ad400680 	ldp	q0, q1, [x20]
    9030:	aa1b03e2 	mov	x2, x27
    9034:	aa1503e1 	mov	x1, x21
    9038:	910343e3 	add	x3, sp, #0xd0
    903c:	aa1303e0 	mov	x0, x19
    9040:	ad0687e0 	stp	q0, q1, [sp, #208]
    9044:	9400064b 	bl	a970 <__sbprintf>
    9048:	b90067e0 	str	w0, [sp, #100]
    904c:	a9407bfd 	ldp	x29, x30, [sp]
    9050:	a94153f3 	ldp	x19, x20, [sp, #16]
    9054:	a9425bf5 	ldp	x21, x22, [sp, #32]
    9058:	a94363f7 	ldp	x23, x24, [sp, #48]
    905c:	a94573fb 	ldp	x27, x28, [sp, #80]
    9060:	b94067e0 	ldr	w0, [sp, #100]
    9064:	910883ff 	add	sp, sp, #0x220
    9068:	d65f03c0 	ret
    906c:	910423e0 	add	x0, sp, #0x108
    9070:	d2800102 	mov	x2, #0x8                   	// #8
    9074:	52800001 	mov	w1, #0x0                   	// #0
    9078:	97fff1f2 	bl	5840 <memset>
    907c:	d2800020 	mov	x0, #0x1                   	// #1
    9080:	8b00035a 	add	x26, x26, x0
    9084:	17ffffcb 	b	8fb0 <_vfiprintf_r+0xe0>
    9088:	2a0003f8 	mov	w24, w0
    908c:	cb1b0340 	sub	x0, x26, x27
    9090:	2a0003f9 	mov	w25, w0
    9094:	34008700 	cbz	w0, a174 <_vfiprintf_r+0x12a4>
    9098:	f9409be2 	ldr	x2, [sp, #304]
    909c:	93407f21 	sxtw	x1, w25
    90a0:	b9412be0 	ldr	w0, [sp, #296]
    90a4:	8b010042 	add	x2, x2, x1
    90a8:	a900079b 	stp	x27, x1, [x28]
    90ac:	11000400 	add	w0, w0, #0x1
    90b0:	b9012be0 	str	w0, [sp, #296]
    90b4:	9100439c 	add	x28, x28, #0x10
    90b8:	f9009be2 	str	x2, [sp, #304]
    90bc:	71001c1f 	cmp	w0, #0x7
    90c0:	5400270c 	b.gt	95a0 <_vfiprintf_r+0x6d0>
    90c4:	b94067e0 	ldr	w0, [sp, #100]
    90c8:	0b190000 	add	w0, w0, w25
    90cc:	b90067e0 	str	w0, [sp, #100]
    90d0:	34008538 	cbz	w24, a174 <_vfiprintf_r+0x12a4>
    90d4:	39400740 	ldrb	w0, [x26, #1]
    90d8:	9100075b 	add	x27, x26, #0x1
    90dc:	12800003 	mov	w3, #0xffffffff            	// #-1
    90e0:	52800008 	mov	w8, #0x0                   	// #0
    90e4:	2a0303fa 	mov	w26, w3
    90e8:	2a0803f9 	mov	w25, w8
    90ec:	52800018 	mov	w24, #0x0                   	// #0
    90f0:	3903ffff 	strb	wzr, [sp, #255]
    90f4:	9100077b 	add	x27, x27, #0x1
    90f8:	51008001 	sub	w1, w0, #0x20
    90fc:	7101683f 	cmp	w1, #0x5a
    9100:	540000c8 	b.hi	9118 <_vfiprintf_r+0x248>  // b.pmore
    9104:	f9403be2 	ldr	x2, [sp, #112]
    9108:	78615841 	ldrh	w1, [x2, w1, uxtw #1]
    910c:	10000062 	adr	x2, 9118 <_vfiprintf_r+0x248>
    9110:	8b21a841 	add	x1, x2, w1, sxth #2
    9114:	d61f0020 	br	x1
    9118:	2a1903e8 	mov	w8, w25
    911c:	340082c0 	cbz	w0, a174 <_vfiprintf_r+0x12a4>
    9120:	52800024 	mov	w4, #0x1                   	// #1
    9124:	9104e3fa 	add	x26, sp, #0x138
    9128:	2a0403f9 	mov	w25, w4
    912c:	3903ffff 	strb	wzr, [sp, #255]
    9130:	3904e3e0 	strb	w0, [sp, #312]
    9134:	52800003 	mov	w3, #0x0                   	// #0
    9138:	5280000c 	mov	w12, #0x0                   	// #0
    913c:	f90037ff 	str	xzr, [sp, #104]
    9140:	f9409be1 	ldr	x1, [sp, #304]
    9144:	52801082 	mov	w2, #0x84                  	// #132
    9148:	b9412be0 	ldr	w0, [sp, #296]
    914c:	6a02030d 	ands	w13, w24, w2
    9150:	54000081 	b.ne	9160 <_vfiprintf_r+0x290>  // b.any
    9154:	4b04010b 	sub	w11, w8, w4
    9158:	7100017f 	cmp	w11, #0x0
    915c:	5400230c 	b.gt	95bc <_vfiprintf_r+0x6ec>
    9160:	3943ffe2 	ldrb	w2, [sp, #255]
    9164:	34000182 	cbz	w2, 9194 <_vfiprintf_r+0x2c4>
    9168:	9103ffe2 	add	x2, sp, #0xff
    916c:	11000400 	add	w0, w0, #0x1
    9170:	91000421 	add	x1, x1, #0x1
    9174:	f9000382 	str	x2, [x28]
    9178:	d2800022 	mov	x2, #0x1                   	// #1
    917c:	f9000782 	str	x2, [x28, #8]
    9180:	b9012be0 	str	w0, [sp, #296]
    9184:	9100439c 	add	x28, x28, #0x10
    9188:	f9009be1 	str	x1, [sp, #304]
    918c:	71001c1f 	cmp	w0, #0x7
    9190:	5400082c 	b.gt	9294 <_vfiprintf_r+0x3c4>
    9194:	3400016c 	cbz	w12, 91c0 <_vfiprintf_r+0x2f0>
    9198:	11000400 	add	w0, w0, #0x1
    919c:	91000821 	add	x1, x1, #0x2
    91a0:	910403ea 	add	x10, sp, #0x100
    91a4:	d2800042 	mov	x2, #0x2                   	// #2
    91a8:	a9000b8a 	stp	x10, x2, [x28]
    91ac:	9100439c 	add	x28, x28, #0x10
    91b0:	b9012be0 	str	w0, [sp, #296]
    91b4:	f9009be1 	str	x1, [sp, #304]
    91b8:	71001c1f 	cmp	w0, #0x7
    91bc:	54002a2c 	b.gt	9700 <_vfiprintf_r+0x830>
    91c0:	710201bf 	cmp	w13, #0x80
    91c4:	540009e0 	b.eq	9300 <_vfiprintf_r+0x430>  // b.none
    91c8:	4b190063 	sub	w3, w3, w25
    91cc:	7100007f 	cmp	w3, #0x0
    91d0:	5400130c 	b.gt	9430 <_vfiprintf_r+0x560>
    91d4:	93407f29 	sxtw	x9, w25
    91d8:	11000400 	add	w0, w0, #0x1
    91dc:	8b010121 	add	x1, x9, x1
    91e0:	a900279a 	stp	x26, x9, [x28]
    91e4:	9100439c 	add	x28, x28, #0x10
    91e8:	b9012be0 	str	w0, [sp, #296]
    91ec:	f9009be1 	str	x1, [sp, #304]
    91f0:	71001c1f 	cmp	w0, #0x7
    91f4:	5400038c 	b.gt	9264 <_vfiprintf_r+0x394>
    91f8:	36100098 	tbz	w24, #2, 9208 <_vfiprintf_r+0x338>
    91fc:	4b040118 	sub	w24, w8, w4
    9200:	7100031f 	cmp	w24, #0x0
    9204:	54002a0c 	b.gt	9744 <_vfiprintf_r+0x874>
    9208:	b94067e0 	ldr	w0, [sp, #100]
    920c:	6b04011f 	cmp	w8, w4
    9210:	1a84a104 	csel	w4, w8, w4, ge	// ge = tcont
    9214:	0b040000 	add	w0, w0, w4
    9218:	b90067e0 	str	w0, [sp, #100]
    921c:	b5001941 	cbnz	x1, 9544 <_vfiprintf_r+0x674>
    9220:	f94037e0 	ldr	x0, [sp, #104]
    9224:	b9012bff 	str	wzr, [sp, #296]
    9228:	b4000080 	cbz	x0, 9238 <_vfiprintf_r+0x368>
    922c:	f94037e1 	ldr	x1, [sp, #104]
    9230:	aa1303e0 	mov	x0, x19
    9234:	97ffef0b 	bl	4e60 <_free_r>
    9238:	aa1603fc 	mov	x28, x22
    923c:	17ffff5b 	b	8fa8 <_vfiprintf_r+0xd8>
    9240:	5100c001 	sub	w1, w0, #0x30
    9244:	52800019 	mov	w25, #0x0                   	// #0
    9248:	38401760 	ldrb	w0, [x27], #1
    924c:	0b190b28 	add	w8, w25, w25, lsl #2
    9250:	0b080439 	add	w25, w1, w8, lsl #1
    9254:	5100c001 	sub	w1, w0, #0x30
    9258:	7100243f 	cmp	w1, #0x9
    925c:	54ffff69 	b.ls	9248 <_vfiprintf_r+0x378>  // b.plast
    9260:	17ffffa6 	b	90f8 <_vfiprintf_r+0x228>
    9264:	910483e2 	add	x2, sp, #0x120
    9268:	aa1503e1 	mov	x1, x21
    926c:	aa1303e0 	mov	x0, x19
    9270:	b90083e8 	str	w8, [sp, #128]
    9274:	b9008be4 	str	w4, [sp, #136]
    9278:	94000e6a 	bl	cc20 <__sprint_r>
    927c:	350016e0 	cbnz	w0, 9558 <_vfiprintf_r+0x688>
    9280:	f9409be1 	ldr	x1, [sp, #304]
    9284:	aa1603fc 	mov	x28, x22
    9288:	b94083e8 	ldr	w8, [sp, #128]
    928c:	b9408be4 	ldr	w4, [sp, #136]
    9290:	17ffffda 	b	91f8 <_vfiprintf_r+0x328>
    9294:	910483e2 	add	x2, sp, #0x120
    9298:	aa1503e1 	mov	x1, x21
    929c:	aa1303e0 	mov	x0, x19
    92a0:	b90083ec 	str	w12, [sp, #128]
    92a4:	b9008bed 	str	w13, [sp, #136]
    92a8:	b90093e8 	str	w8, [sp, #144]
    92ac:	b900bbe4 	str	w4, [sp, #184]
    92b0:	b900c7e3 	str	w3, [sp, #196]
    92b4:	94000e5b 	bl	cc20 <__sprint_r>
    92b8:	35001500 	cbnz	w0, 9558 <_vfiprintf_r+0x688>
    92bc:	f9409be1 	ldr	x1, [sp, #304]
    92c0:	aa1603fc 	mov	x28, x22
    92c4:	b94083ec 	ldr	w12, [sp, #128]
    92c8:	b9408bed 	ldr	w13, [sp, #136]
    92cc:	b94093e8 	ldr	w8, [sp, #144]
    92d0:	b940bbe4 	ldr	w4, [sp, #184]
    92d4:	b940c7e3 	ldr	w3, [sp, #196]
    92d8:	b9412be0 	ldr	w0, [sp, #296]
    92dc:	17ffffae 	b	9194 <_vfiprintf_r+0x2c4>
    92e0:	39400360 	ldrb	w0, [x27]
    92e4:	321c0318 	orr	w24, w24, #0x10
    92e8:	17ffff83 	b	90f4 <_vfiprintf_r+0x224>
    92ec:	2a0003f8 	mov	w24, w0
    92f0:	cb1b0340 	sub	x0, x26, x27
    92f4:	2a0003f9 	mov	w25, w0
    92f8:	34ffeee0 	cbz	w0, 90d4 <_vfiprintf_r+0x204>
    92fc:	17ffff67 	b	9098 <_vfiprintf_r+0x1c8>
    9300:	4b04010a 	sub	w10, w8, w4
    9304:	7100015f 	cmp	w10, #0x0
    9308:	54fff60d 	b.le	91c8 <_vfiprintf_r+0x2f8>
    930c:	f000002b 	adrp	x11, 10000 <__sfp_handle_exceptions+0x300>
    9310:	9117816b 	add	x11, x11, #0x5e0
    9314:	7100415f 	cmp	w10, #0x10
    9318:	540005cd 	b.le	93d0 <_vfiprintf_r+0x500>
    931c:	aa1c03e2 	mov	x2, x28
    9320:	d280020c 	mov	x12, #0x10                  	// #16
    9324:	aa1b03fc 	mov	x28, x27
    9328:	2a1903fb 	mov	w27, w25
    932c:	2a0303f9 	mov	w25, w3
    9330:	b90083f8 	str	w24, [sp, #128]
    9334:	aa0b03f8 	mov	x24, x11
    9338:	b9008be8 	str	w8, [sp, #136]
    933c:	b90093e4 	str	w4, [sp, #144]
    9340:	f9005ff7 	str	x23, [sp, #184]
    9344:	2a0a03f7 	mov	w23, w10
    9348:	14000004 	b	9358 <_vfiprintf_r+0x488>
    934c:	510042f7 	sub	w23, w23, #0x10
    9350:	710042ff 	cmp	w23, #0x10
    9354:	540002ad 	b.le	93a8 <_vfiprintf_r+0x4d8>
    9358:	91004021 	add	x1, x1, #0x10
    935c:	11000400 	add	w0, w0, #0x1
    9360:	a9003058 	stp	x24, x12, [x2]
    9364:	91004042 	add	x2, x2, #0x10
    9368:	b9012be0 	str	w0, [sp, #296]
    936c:	f9009be1 	str	x1, [sp, #304]
    9370:	71001c1f 	cmp	w0, #0x7
    9374:	54fffecd 	b.le	934c <_vfiprintf_r+0x47c>
    9378:	910483e2 	add	x2, sp, #0x120
    937c:	aa1503e1 	mov	x1, x21
    9380:	aa1303e0 	mov	x0, x19
    9384:	94000e27 	bl	cc20 <__sprint_r>
    9388:	35000e80 	cbnz	w0, 9558 <_vfiprintf_r+0x688>
    938c:	510042f7 	sub	w23, w23, #0x10
    9390:	b9412be0 	ldr	w0, [sp, #296]
    9394:	f9409be1 	ldr	x1, [sp, #304]
    9398:	aa1603e2 	mov	x2, x22
    939c:	d280020c 	mov	x12, #0x10                  	// #16
    93a0:	710042ff 	cmp	w23, #0x10
    93a4:	54fffdac 	b.gt	9358 <_vfiprintf_r+0x488>
    93a8:	2a1703ea 	mov	w10, w23
    93ac:	aa1803eb 	mov	x11, x24
    93b0:	f9405ff7 	ldr	x23, [sp, #184]
    93b4:	2a1903e3 	mov	w3, w25
    93b8:	b94083f8 	ldr	w24, [sp, #128]
    93bc:	2a1b03f9 	mov	w25, w27
    93c0:	b9408be8 	ldr	w8, [sp, #136]
    93c4:	aa1c03fb 	mov	x27, x28
    93c8:	b94093e4 	ldr	w4, [sp, #144]
    93cc:	aa0203fc 	mov	x28, x2
    93d0:	93407d4a 	sxtw	x10, w10
    93d4:	11000400 	add	w0, w0, #0x1
    93d8:	8b0a0021 	add	x1, x1, x10
    93dc:	a9002b8b 	stp	x11, x10, [x28]
    93e0:	9100439c 	add	x28, x28, #0x10
    93e4:	b9012be0 	str	w0, [sp, #296]
    93e8:	f9009be1 	str	x1, [sp, #304]
    93ec:	71001c1f 	cmp	w0, #0x7
    93f0:	54ffeecd 	b.le	91c8 <_vfiprintf_r+0x2f8>
    93f4:	910483e2 	add	x2, sp, #0x120
    93f8:	aa1503e1 	mov	x1, x21
    93fc:	aa1303e0 	mov	x0, x19
    9400:	b90083e8 	str	w8, [sp, #128]
    9404:	b9008be4 	str	w4, [sp, #136]
    9408:	b90093e3 	str	w3, [sp, #144]
    940c:	94000e05 	bl	cc20 <__sprint_r>
    9410:	35000a40 	cbnz	w0, 9558 <_vfiprintf_r+0x688>
    9414:	f9409be1 	ldr	x1, [sp, #304]
    9418:	aa1603fc 	mov	x28, x22
    941c:	b94083e8 	ldr	w8, [sp, #128]
    9420:	b9408be4 	ldr	w4, [sp, #136]
    9424:	b94093e3 	ldr	w3, [sp, #144]
    9428:	b9412be0 	ldr	w0, [sp, #296]
    942c:	17ffff67 	b	91c8 <_vfiprintf_r+0x2f8>
    9430:	f000002b 	adrp	x11, 10000 <__sfp_handle_exceptions+0x300>
    9434:	9117816b 	add	x11, x11, #0x5e0
    9438:	7100407f 	cmp	w3, #0x10
    943c:	5400058d 	b.le	94ec <_vfiprintf_r+0x61c>
    9440:	aa1c03e2 	mov	x2, x28
    9444:	d280020a 	mov	x10, #0x10                  	// #16
    9448:	aa1b03fc 	mov	x28, x27
    944c:	2a1903fb 	mov	w27, w25
    9450:	aa1703f9 	mov	x25, x23
    9454:	2a0303f7 	mov	w23, w3
    9458:	b90083f8 	str	w24, [sp, #128]
    945c:	aa0b03f8 	mov	x24, x11
    9460:	b9008be8 	str	w8, [sp, #136]
    9464:	b90093e4 	str	w4, [sp, #144]
    9468:	14000004 	b	9478 <_vfiprintf_r+0x5a8>
    946c:	510042f7 	sub	w23, w23, #0x10
    9470:	710042ff 	cmp	w23, #0x10
    9474:	540002ad 	b.le	94c8 <_vfiprintf_r+0x5f8>
    9478:	91004021 	add	x1, x1, #0x10
    947c:	11000400 	add	w0, w0, #0x1
    9480:	a9002858 	stp	x24, x10, [x2]
    9484:	91004042 	add	x2, x2, #0x10
    9488:	b9012be0 	str	w0, [sp, #296]
    948c:	f9009be1 	str	x1, [sp, #304]
    9490:	71001c1f 	cmp	w0, #0x7
    9494:	54fffecd 	b.le	946c <_vfiprintf_r+0x59c>
    9498:	910483e2 	add	x2, sp, #0x120
    949c:	aa1503e1 	mov	x1, x21
    94a0:	aa1303e0 	mov	x0, x19
    94a4:	94000ddf 	bl	cc20 <__sprint_r>
    94a8:	35000580 	cbnz	w0, 9558 <_vfiprintf_r+0x688>
    94ac:	510042f7 	sub	w23, w23, #0x10
    94b0:	b9412be0 	ldr	w0, [sp, #296]
    94b4:	f9409be1 	ldr	x1, [sp, #304]
    94b8:	aa1603e2 	mov	x2, x22
    94bc:	d280020a 	mov	x10, #0x10                  	// #16
    94c0:	710042ff 	cmp	w23, #0x10
    94c4:	54fffdac 	b.gt	9478 <_vfiprintf_r+0x5a8>
    94c8:	aa1803eb 	mov	x11, x24
    94cc:	b9408be8 	ldr	w8, [sp, #136]
    94d0:	b94083f8 	ldr	w24, [sp, #128]
    94d4:	2a1703e3 	mov	w3, w23
    94d8:	b94093e4 	ldr	w4, [sp, #144]
    94dc:	aa1903f7 	mov	x23, x25
    94e0:	2a1b03f9 	mov	w25, w27
    94e4:	aa1c03fb 	mov	x27, x28
    94e8:	aa0203fc 	mov	x28, x2
    94ec:	93407c63 	sxtw	x3, w3
    94f0:	11000400 	add	w0, w0, #0x1
    94f4:	8b030021 	add	x1, x1, x3
    94f8:	a9000f8b 	stp	x11, x3, [x28]
    94fc:	9100439c 	add	x28, x28, #0x10
    9500:	b9012be0 	str	w0, [sp, #296]
    9504:	f9009be1 	str	x1, [sp, #304]
    9508:	71001c1f 	cmp	w0, #0x7
    950c:	54ffe64d 	b.le	91d4 <_vfiprintf_r+0x304>
    9510:	910483e2 	add	x2, sp, #0x120
    9514:	aa1503e1 	mov	x1, x21
    9518:	aa1303e0 	mov	x0, x19
    951c:	b90083e8 	str	w8, [sp, #128]
    9520:	b9008be4 	str	w4, [sp, #136]
    9524:	94000dbf 	bl	cc20 <__sprint_r>
    9528:	35000180 	cbnz	w0, 9558 <_vfiprintf_r+0x688>
    952c:	f9409be1 	ldr	x1, [sp, #304]
    9530:	aa1603fc 	mov	x28, x22
    9534:	b94083e8 	ldr	w8, [sp, #128]
    9538:	b9408be4 	ldr	w4, [sp, #136]
    953c:	b9412be0 	ldr	w0, [sp, #296]
    9540:	17ffff25 	b	91d4 <_vfiprintf_r+0x304>
    9544:	910483e2 	add	x2, sp, #0x120
    9548:	aa1503e1 	mov	x1, x21
    954c:	aa1303e0 	mov	x0, x19
    9550:	94000db4 	bl	cc20 <__sprint_r>
    9554:	34ffe660 	cbz	w0, 9220 <_vfiprintf_r+0x350>
    9558:	f94037e0 	ldr	x0, [sp, #104]
    955c:	b4000080 	cbz	x0, 956c <_vfiprintf_r+0x69c>
    9560:	f94037e1 	ldr	x1, [sp, #104]
    9564:	aa1303e0 	mov	x0, x19
    9568:	97ffee3e 	bl	4e60 <_free_r>
    956c:	79c022a0 	ldrsh	w0, [x21, #16]
    9570:	b940b2a1 	ldr	w1, [x21, #176]
    9574:	360015c1 	tbz	w1, #0, 982c <_vfiprintf_r+0x95c>
    9578:	a9446bf9 	ldp	x25, x26, [sp, #64]
    957c:	37307f40 	tbnz	w0, #6, a564 <_vfiprintf_r+0x1694>
    9580:	a9407bfd 	ldp	x29, x30, [sp]
    9584:	a94153f3 	ldp	x19, x20, [sp, #16]
    9588:	a9425bf5 	ldp	x21, x22, [sp, #32]
    958c:	a94363f7 	ldp	x23, x24, [sp, #48]
    9590:	a94573fb 	ldp	x27, x28, [sp, #80]
    9594:	b94067e0 	ldr	w0, [sp, #100]
    9598:	910883ff 	add	sp, sp, #0x220
    959c:	d65f03c0 	ret
    95a0:	910483e2 	add	x2, sp, #0x120
    95a4:	aa1503e1 	mov	x1, x21
    95a8:	aa1303e0 	mov	x0, x19
    95ac:	94000d9d 	bl	cc20 <__sprint_r>
    95b0:	35fffde0 	cbnz	w0, 956c <_vfiprintf_r+0x69c>
    95b4:	aa1603fc 	mov	x28, x22
    95b8:	17fffec3 	b	90c4 <_vfiprintf_r+0x1f4>
    95bc:	f000002a 	adrp	x10, 10000 <__sfp_handle_exceptions+0x300>
    95c0:	9117c14a 	add	x10, x10, #0x5f0
    95c4:	7100417f 	cmp	w11, #0x10
    95c8:	5400064d 	b.le	9690 <_vfiprintf_r+0x7c0>
    95cc:	aa1c03e2 	mov	x2, x28
    95d0:	d280020e 	mov	x14, #0x10                  	// #16
    95d4:	aa1b03fc 	mov	x28, x27
    95d8:	2a1903fb 	mov	w27, w25
    95dc:	2a0303f9 	mov	w25, w3
    95e0:	b90083f8 	str	w24, [sp, #128]
    95e4:	aa0a03f8 	mov	x24, x10
    95e8:	b9008bec 	str	w12, [sp, #136]
    95ec:	b90093ed 	str	w13, [sp, #144]
    95f0:	b900bbe8 	str	w8, [sp, #184]
    95f4:	b900c7e4 	str	w4, [sp, #196]
    95f8:	f90067f7 	str	x23, [sp, #200]
    95fc:	2a0b03f7 	mov	w23, w11
    9600:	14000004 	b	9610 <_vfiprintf_r+0x740>
    9604:	510042f7 	sub	w23, w23, #0x10
    9608:	710042ff 	cmp	w23, #0x10
    960c:	540002ad 	b.le	9660 <_vfiprintf_r+0x790>
    9610:	91004021 	add	x1, x1, #0x10
    9614:	11000400 	add	w0, w0, #0x1
    9618:	a9003858 	stp	x24, x14, [x2]
    961c:	91004042 	add	x2, x2, #0x10
    9620:	b9012be0 	str	w0, [sp, #296]
    9624:	f9009be1 	str	x1, [sp, #304]
    9628:	71001c1f 	cmp	w0, #0x7
    962c:	54fffecd 	b.le	9604 <_vfiprintf_r+0x734>
    9630:	910483e2 	add	x2, sp, #0x120
    9634:	aa1503e1 	mov	x1, x21
    9638:	aa1303e0 	mov	x0, x19
    963c:	94000d79 	bl	cc20 <__sprint_r>
    9640:	35fff8c0 	cbnz	w0, 9558 <_vfiprintf_r+0x688>
    9644:	510042f7 	sub	w23, w23, #0x10
    9648:	b9412be0 	ldr	w0, [sp, #296]
    964c:	f9409be1 	ldr	x1, [sp, #304]
    9650:	aa1603e2 	mov	x2, x22
    9654:	d280020e 	mov	x14, #0x10                  	// #16
    9658:	710042ff 	cmp	w23, #0x10
    965c:	54fffdac 	b.gt	9610 <_vfiprintf_r+0x740>
    9660:	2a1703eb 	mov	w11, w23
    9664:	aa1803ea 	mov	x10, x24
    9668:	f94067f7 	ldr	x23, [sp, #200]
    966c:	2a1903e3 	mov	w3, w25
    9670:	b94083f8 	ldr	w24, [sp, #128]
    9674:	2a1b03f9 	mov	w25, w27
    9678:	b9408bec 	ldr	w12, [sp, #136]
    967c:	aa1c03fb 	mov	x27, x28
    9680:	b94093ed 	ldr	w13, [sp, #144]
    9684:	aa0203fc 	mov	x28, x2
    9688:	b940bbe8 	ldr	w8, [sp, #184]
    968c:	b940c7e4 	ldr	w4, [sp, #196]
    9690:	93407d62 	sxtw	x2, w11
    9694:	11000400 	add	w0, w0, #0x1
    9698:	8b020021 	add	x1, x1, x2
    969c:	a9000b8a 	stp	x10, x2, [x28]
    96a0:	9100439c 	add	x28, x28, #0x10
    96a4:	b9012be0 	str	w0, [sp, #296]
    96a8:	f9009be1 	str	x1, [sp, #304]
    96ac:	71001c1f 	cmp	w0, #0x7
    96b0:	54ffd58d 	b.le	9160 <_vfiprintf_r+0x290>
    96b4:	910483e2 	add	x2, sp, #0x120
    96b8:	aa1503e1 	mov	x1, x21
    96bc:	aa1303e0 	mov	x0, x19
    96c0:	b90083ec 	str	w12, [sp, #128]
    96c4:	b9008bed 	str	w13, [sp, #136]
    96c8:	b90093e8 	str	w8, [sp, #144]
    96cc:	b900bbe4 	str	w4, [sp, #184]
    96d0:	b900c7e3 	str	w3, [sp, #196]
    96d4:	94000d53 	bl	cc20 <__sprint_r>
    96d8:	35fff400 	cbnz	w0, 9558 <_vfiprintf_r+0x688>
    96dc:	f9409be1 	ldr	x1, [sp, #304]
    96e0:	aa1603fc 	mov	x28, x22
    96e4:	b94083ec 	ldr	w12, [sp, #128]
    96e8:	b9408bed 	ldr	w13, [sp, #136]
    96ec:	b94093e8 	ldr	w8, [sp, #144]
    96f0:	b940bbe4 	ldr	w4, [sp, #184]
    96f4:	b940c7e3 	ldr	w3, [sp, #196]
    96f8:	b9412be0 	ldr	w0, [sp, #296]
    96fc:	17fffe99 	b	9160 <_vfiprintf_r+0x290>
    9700:	910483e2 	add	x2, sp, #0x120
    9704:	aa1503e1 	mov	x1, x21
    9708:	aa1303e0 	mov	x0, x19
    970c:	b90083ed 	str	w13, [sp, #128]
    9710:	b9008be8 	str	w8, [sp, #136]
    9714:	b90093e4 	str	w4, [sp, #144]
    9718:	b900bbe3 	str	w3, [sp, #184]
    971c:	94000d41 	bl	cc20 <__sprint_r>
    9720:	35fff1c0 	cbnz	w0, 9558 <_vfiprintf_r+0x688>
    9724:	f9409be1 	ldr	x1, [sp, #304]
    9728:	aa1603fc 	mov	x28, x22
    972c:	b94083ed 	ldr	w13, [sp, #128]
    9730:	b9408be8 	ldr	w8, [sp, #136]
    9734:	b94093e4 	ldr	w4, [sp, #144]
    9738:	b940bbe3 	ldr	w3, [sp, #184]
    973c:	b9412be0 	ldr	w0, [sp, #296]
    9740:	17fffea0 	b	91c0 <_vfiprintf_r+0x2f0>
    9744:	f000002a 	adrp	x10, 10000 <__sfp_handle_exceptions+0x300>
    9748:	b9412be0 	ldr	w0, [sp, #296]
    974c:	9117c14a 	add	x10, x10, #0x5f0
    9750:	7100431f 	cmp	w24, #0x10
    9754:	5400046d 	b.le	97e0 <_vfiprintf_r+0x910>
    9758:	2a0803fa 	mov	w26, w8
    975c:	d2800219 	mov	x25, #0x10                  	// #16
    9760:	b90083e4 	str	w4, [sp, #128]
    9764:	f90047f7 	str	x23, [sp, #136]
    9768:	2a1803f7 	mov	w23, w24
    976c:	aa0a03f8 	mov	x24, x10
    9770:	14000004 	b	9780 <_vfiprintf_r+0x8b0>
    9774:	510042f7 	sub	w23, w23, #0x10
    9778:	710042ff 	cmp	w23, #0x10
    977c:	5400028d 	b.le	97cc <_vfiprintf_r+0x8fc>
    9780:	91004021 	add	x1, x1, #0x10
    9784:	11000400 	add	w0, w0, #0x1
    9788:	a9006798 	stp	x24, x25, [x28]
    978c:	9100439c 	add	x28, x28, #0x10
    9790:	b9012be0 	str	w0, [sp, #296]
    9794:	f9009be1 	str	x1, [sp, #304]
    9798:	71001c1f 	cmp	w0, #0x7
    979c:	54fffecd 	b.le	9774 <_vfiprintf_r+0x8a4>
    97a0:	910483e2 	add	x2, sp, #0x120
    97a4:	aa1503e1 	mov	x1, x21
    97a8:	aa1303e0 	mov	x0, x19
    97ac:	94000d1d 	bl	cc20 <__sprint_r>
    97b0:	35ffed40 	cbnz	w0, 9558 <_vfiprintf_r+0x688>
    97b4:	510042f7 	sub	w23, w23, #0x10
    97b8:	b9412be0 	ldr	w0, [sp, #296]
    97bc:	f9409be1 	ldr	x1, [sp, #304]
    97c0:	aa1603fc 	mov	x28, x22
    97c4:	710042ff 	cmp	w23, #0x10
    97c8:	54fffdcc 	b.gt	9780 <_vfiprintf_r+0x8b0>
    97cc:	aa1803ea 	mov	x10, x24
    97d0:	b94083e4 	ldr	w4, [sp, #128]
    97d4:	2a1703f8 	mov	w24, w23
    97d8:	2a1a03e8 	mov	w8, w26
    97dc:	f94047f7 	ldr	x23, [sp, #136]
    97e0:	93407f03 	sxtw	x3, w24
    97e4:	11000400 	add	w0, w0, #0x1
    97e8:	8b030021 	add	x1, x1, x3
    97ec:	a9000f8a 	stp	x10, x3, [x28]
    97f0:	b9012be0 	str	w0, [sp, #296]
    97f4:	f9009be1 	str	x1, [sp, #304]
    97f8:	71001c1f 	cmp	w0, #0x7
    97fc:	54ffd06d 	b.le	9208 <_vfiprintf_r+0x338>
    9800:	910483e2 	add	x2, sp, #0x120
    9804:	aa1503e1 	mov	x1, x21
    9808:	aa1303e0 	mov	x0, x19
    980c:	b90083e8 	str	w8, [sp, #128]
    9810:	b9008be4 	str	w4, [sp, #136]
    9814:	94000d03 	bl	cc20 <__sprint_r>
    9818:	35ffea00 	cbnz	w0, 9558 <_vfiprintf_r+0x688>
    981c:	f9409be1 	ldr	x1, [sp, #304]
    9820:	b94083e8 	ldr	w8, [sp, #128]
    9824:	b9408be4 	ldr	w4, [sp, #136]
    9828:	17fffe78 	b	9208 <_vfiprintf_r+0x338>
    982c:	374fea60 	tbnz	w0, #9, 9578 <_vfiprintf_r+0x6a8>
    9830:	f94052a0 	ldr	x0, [x21, #160]
    9834:	97ffea67 	bl	41d0 <__retarget_lock_release_recursive>
    9838:	79c022a0 	ldrsh	w0, [x21, #16]
    983c:	17ffff4f 	b	9578 <_vfiprintf_r+0x6a8>
    9840:	2a1903e8 	mov	w8, w25
    9844:	71010c1f 	cmp	w0, #0x43
    9848:	54000040 	b.eq	9850 <_vfiprintf_r+0x980>  // b.none
    984c:	36202d58 	tbz	w24, #4, 9df4 <_vfiprintf_r+0xf24>
    9850:	910463e0 	add	x0, sp, #0x118
    9854:	d2800102 	mov	x2, #0x8                   	// #8
    9858:	52800001 	mov	w1, #0x0                   	// #0
    985c:	b9006be8 	str	w8, [sp, #104]
    9860:	97ffeff8 	bl	5840 <memset>
    9864:	b940c3e0 	ldr	w0, [sp, #192]
    9868:	b9406be8 	ldr	w8, [sp, #104]
    986c:	37f84f20 	tbnz	w0, #31, a250 <_vfiprintf_r+0x1380>
    9870:	91002ee1 	add	x1, x23, #0xb
    9874:	aa1703e0 	mov	x0, x23
    9878:	927df037 	and	x23, x1, #0xfffffffffffffff8
    987c:	b9400002 	ldr	w2, [x0]
    9880:	9104e3fa 	add	x26, sp, #0x138
    9884:	910463e3 	add	x3, sp, #0x118
    9888:	aa1a03e1 	mov	x1, x26
    988c:	aa1303e0 	mov	x0, x19
    9890:	b9006be8 	str	w8, [sp, #104]
    9894:	94000477 	bl	aa70 <_wcrtomb_r>
    9898:	2a0003f9 	mov	w25, w0
    989c:	b9406be8 	ldr	w8, [sp, #104]
    98a0:	3100041f 	cmn	w0, #0x1
    98a4:	54007a20 	b.eq	a7e8 <_vfiprintf_r+0x1918>  // b.none
    98a8:	7100001f 	cmp	w0, #0x0
    98ac:	3903ffff 	strb	wzr, [sp, #255]
    98b0:	1a9fa004 	csel	w4, w0, wzr, ge	// ge = tcont
    98b4:	17fffe20 	b	9134 <_vfiprintf_r+0x264>
    98b8:	b940c3e1 	ldr	w1, [sp, #192]
    98bc:	2a1903e8 	mov	w8, w25
    98c0:	2a1a03e3 	mov	w3, w26
    98c4:	37f82641 	tbnz	w1, #31, 9d8c <_vfiprintf_r+0xebc>
    98c8:	91003ee1 	add	x1, x23, #0xf
    98cc:	927df021 	and	x1, x1, #0xfffffffffffffff8
    98d0:	f90043e1 	str	x1, [sp, #128]
    98d4:	f94002fa 	ldr	x26, [x23]
    98d8:	3903ffff 	strb	wzr, [sp, #255]
    98dc:	b40043da 	cbz	x26, a154 <_vfiprintf_r+0x1284>
    98e0:	71014c1f 	cmp	w0, #0x53
    98e4:	54003640 	b.eq	9fac <_vfiprintf_r+0x10dc>  // b.none
    98e8:	37203638 	tbnz	w24, #4, 9fac <_vfiprintf_r+0x10dc>
    98ec:	37f85583 	tbnz	w3, #31, a39c <_vfiprintf_r+0x14cc>
    98f0:	93407c62 	sxtw	x2, w3
    98f4:	aa1a03e0 	mov	x0, x26
    98f8:	52800001 	mov	w1, #0x0                   	// #0
    98fc:	b9008be3 	str	w3, [sp, #136]
    9900:	b90093e8 	str	w8, [sp, #144]
    9904:	97ffea3f 	bl	4200 <memchr>
    9908:	f90037e0 	str	x0, [sp, #104]
    990c:	b9408be3 	ldr	w3, [sp, #136]
    9910:	b94093e8 	ldr	w8, [sp, #144]
    9914:	b4007120 	cbz	x0, a738 <_vfiprintf_r+0x1868>
    9918:	cb1a0004 	sub	x4, x0, x26
    991c:	f90037ff 	str	xzr, [sp, #104]
    9920:	7100009f 	cmp	w4, #0x0
    9924:	2a0403f9 	mov	w25, w4
    9928:	1a9fa084 	csel	w4, w4, wzr, ge	// ge = tcont
    992c:	14000261 	b	a2b0 <_vfiprintf_r+0x13e0>
    9930:	4b1903f9 	neg	w25, w25
    9934:	aa0003f7 	mov	x23, x0
    9938:	39400360 	ldrb	w0, [x27]
    993c:	321e0318 	orr	w24, w24, #0x4
    9940:	17fffded 	b	90f4 <_vfiprintf_r+0x224>
    9944:	aa1b03e2 	mov	x2, x27
    9948:	38401440 	ldrb	w0, [x2], #1
    994c:	7100a81f 	cmp	w0, #0x2a
    9950:	540077e0 	b.eq	a84c <_vfiprintf_r+0x197c>  // b.none
    9954:	5100c001 	sub	w1, w0, #0x30
    9958:	aa0203fb 	mov	x27, x2
    995c:	52800003 	mov	w3, #0x0                   	// #0
    9960:	5280001a 	mov	w26, #0x0                   	// #0
    9964:	7100243f 	cmp	w1, #0x9
    9968:	54ffbc88 	b.hi	90f8 <_vfiprintf_r+0x228>  // b.pmore
    996c:	d503201f 	nop
    9970:	38401440 	ldrb	w0, [x2], #1
    9974:	0b030863 	add	w3, w3, w3, lsl #2
    9978:	0b030423 	add	w3, w1, w3, lsl #1
    997c:	5100c001 	sub	w1, w0, #0x30
    9980:	7100243f 	cmp	w1, #0x9
    9984:	54ffff69 	b.ls	9970 <_vfiprintf_r+0xaa0>  // b.plast
    9988:	7100007f 	cmp	w3, #0x0
    998c:	aa0203fb 	mov	x27, x2
    9990:	5a9fa07a 	csinv	w26, w3, wzr, ge	// ge = tcont
    9994:	17fffdd9 	b	90f8 <_vfiprintf_r+0x228>
    9998:	39400360 	ldrb	w0, [x27]
    999c:	32190318 	orr	w24, w24, #0x80
    99a0:	17fffdd5 	b	90f4 <_vfiprintf_r+0x224>
    99a4:	52800560 	mov	w0, #0x2b                  	// #43
    99a8:	3903ffe0 	strb	w0, [sp, #255]
    99ac:	39400360 	ldrb	w0, [x27]
    99b0:	17fffdd1 	b	90f4 <_vfiprintf_r+0x224>
    99b4:	b940c3e0 	ldr	w0, [sp, #192]
    99b8:	37f81fc0 	tbnz	w0, #31, 9db0 <_vfiprintf_r+0xee0>
    99bc:	91002ee0 	add	x0, x23, #0xb
    99c0:	927df000 	and	x0, x0, #0xfffffffffffffff8
    99c4:	b94002f9 	ldr	w25, [x23]
    99c8:	37fffb59 	tbnz	w25, #31, 9930 <_vfiprintf_r+0xa60>
    99cc:	aa0003f7 	mov	x23, x0
    99d0:	39400360 	ldrb	w0, [x27]
    99d4:	17fffdc8 	b	90f4 <_vfiprintf_r+0x224>
    99d8:	aa1303e0 	mov	x0, x19
    99dc:	94000c89 	bl	cc00 <_localeconv_r>
    99e0:	f9400400 	ldr	x0, [x0, #8]
    99e4:	f9005be0 	str	x0, [sp, #176]
    99e8:	97ffe556 	bl	2f40 <strlen>
    99ec:	aa0003e1 	mov	x1, x0
    99f0:	aa1303e0 	mov	x0, x19
    99f4:	f90053e1 	str	x1, [sp, #160]
    99f8:	94000c82 	bl	cc00 <_localeconv_r>
    99fc:	f94053e1 	ldr	x1, [sp, #160]
    9a00:	f9400800 	ldr	x0, [x0, #16]
    9a04:	f90057e0 	str	x0, [sp, #168]
    9a08:	f100003f 	cmp	x1, #0x0
    9a0c:	fa401804 	ccmp	x0, #0x0, #0x4, ne	// ne = any
    9a10:	54001960 	b.eq	9d3c <_vfiprintf_r+0xe6c>  // b.none
    9a14:	39400000 	ldrb	w0, [x0]
    9a18:	32160301 	orr	w1, w24, #0x400
    9a1c:	7100001f 	cmp	w0, #0x0
    9a20:	39400360 	ldrb	w0, [x27]
    9a24:	1a981038 	csel	w24, w1, w24, ne	// ne = any
    9a28:	17fffdb3 	b	90f4 <_vfiprintf_r+0x224>
    9a2c:	39400360 	ldrb	w0, [x27]
    9a30:	32000318 	orr	w24, w24, #0x1
    9a34:	17fffdb0 	b	90f4 <_vfiprintf_r+0x224>
    9a38:	3943ffe1 	ldrb	w1, [sp, #255]
    9a3c:	39400360 	ldrb	w0, [x27]
    9a40:	35ffb5a1 	cbnz	w1, 90f4 <_vfiprintf_r+0x224>
    9a44:	52800401 	mov	w1, #0x20                  	// #32
    9a48:	3903ffe1 	strb	w1, [sp, #255]
    9a4c:	17fffdaa 	b	90f4 <_vfiprintf_r+0x224>
    9a50:	2a1903e8 	mov	w8, w25
    9a54:	2a1a03e3 	mov	w3, w26
    9a58:	321c0304 	orr	w4, w24, #0x10
    9a5c:	b940c3e0 	ldr	w0, [sp, #192]
    9a60:	37280044 	tbnz	w4, #5, 9a68 <_vfiprintf_r+0xb98>
    9a64:	362015c4 	tbz	w4, #4, 9d1c <_vfiprintf_r+0xe4c>
    9a68:	37f82740 	tbnz	w0, #31, 9f50 <_vfiprintf_r+0x1080>
    9a6c:	91003ee1 	add	x1, x23, #0xf
    9a70:	aa1703e0 	mov	x0, x23
    9a74:	927df037 	and	x23, x1, #0xfffffffffffffff8
    9a78:	f9400001 	ldr	x1, [x0]
    9a7c:	52800020 	mov	w0, #0x1                   	// #1
    9a80:	52800002 	mov	w2, #0x0                   	// #0
    9a84:	3903ffe2 	strb	w2, [sp, #255]
    9a88:	37f80dc3 	tbnz	w3, #31, 9c40 <_vfiprintf_r+0xd70>
    9a8c:	f100003f 	cmp	x1, #0x0
    9a90:	12187898 	and	w24, w4, #0xffffff7f
    9a94:	7a400860 	ccmp	w3, #0x0, #0x0, eq	// eq = none
    9a98:	54000d21 	b.ne	9c3c <_vfiprintf_r+0xd6c>  // b.any
    9a9c:	35000780 	cbnz	w0, 9b8c <_vfiprintf_r+0xcbc>
    9aa0:	12000099 	and	w25, w4, #0x1
    9aa4:	36001224 	tbz	w4, #0, 9ce8 <_vfiprintf_r+0xe18>
    9aa8:	91066ffa 	add	x26, sp, #0x19b
    9aac:	52800600 	mov	w0, #0x30                  	// #48
    9ab0:	52800003 	mov	w3, #0x0                   	// #0
    9ab4:	39066fe0 	strb	w0, [sp, #411]
    9ab8:	3943ffe0 	ldrb	w0, [sp, #255]
    9abc:	6b19007f 	cmp	w3, w25
    9ac0:	f90037ff 	str	xzr, [sp, #104]
    9ac4:	1a99a064 	csel	w4, w3, w25, ge	// ge = tcont
    9ac8:	34000040 	cbz	w0, 9ad0 <_vfiprintf_r+0xc00>
    9acc:	11000484 	add	w4, w4, #0x1
    9ad0:	121f030c 	and	w12, w24, #0x2
    9ad4:	360fb378 	tbz	w24, #1, 9140 <_vfiprintf_r+0x270>
    9ad8:	11000884 	add	w4, w4, #0x2
    9adc:	5280004c 	mov	w12, #0x2                   	// #2
    9ae0:	17fffd98 	b	9140 <_vfiprintf_r+0x270>
    9ae4:	39400360 	ldrb	w0, [x27]
    9ae8:	7101b01f 	cmp	w0, #0x6c
    9aec:	54001a40 	b.eq	9e34 <_vfiprintf_r+0xf64>  // b.none
    9af0:	321c0318 	orr	w24, w24, #0x10
    9af4:	17fffd80 	b	90f4 <_vfiprintf_r+0x224>
    9af8:	39400360 	ldrb	w0, [x27]
    9afc:	7101a01f 	cmp	w0, #0x68
    9b00:	54001920 	b.eq	9e24 <_vfiprintf_r+0xf54>  // b.none
    9b04:	321a0318 	orr	w24, w24, #0x40
    9b08:	17fffd7b 	b	90f4 <_vfiprintf_r+0x224>
    9b0c:	2a1903e8 	mov	w8, w25
    9b10:	2a1a03e3 	mov	w3, w26
    9b14:	321c0318 	orr	w24, w24, #0x10
    9b18:	b940c3e0 	ldr	w0, [sp, #192]
    9b1c:	37280058 	tbnz	w24, #5, 9b24 <_vfiprintf_r+0xc54>
    9b20:	36201238 	tbz	w24, #4, 9d64 <_vfiprintf_r+0xe94>
    9b24:	37f82040 	tbnz	w0, #31, 9f2c <_vfiprintf_r+0x105c>
    9b28:	91003ee1 	add	x1, x23, #0xf
    9b2c:	aa1703e0 	mov	x0, x23
    9b30:	927df037 	and	x23, x1, #0xfffffffffffffff8
    9b34:	f9400001 	ldr	x1, [x0]
    9b38:	12157b04 	and	w4, w24, #0xfffffbff
    9b3c:	52800000 	mov	w0, #0x0                   	// #0
    9b40:	17ffffd0 	b	9a80 <_vfiprintf_r+0xbb0>
    9b44:	2a1903e8 	mov	w8, w25
    9b48:	2a1a03e3 	mov	w3, w26
    9b4c:	321c0318 	orr	w24, w24, #0x10
    9b50:	b940c3e0 	ldr	w0, [sp, #192]
    9b54:	37280058 	tbnz	w24, #5, 9b5c <_vfiprintf_r+0xc8c>
    9b58:	36200f78 	tbz	w24, #4, 9d44 <_vfiprintf_r+0xe74>
    9b5c:	37f820c0 	tbnz	w0, #31, 9f74 <_vfiprintf_r+0x10a4>
    9b60:	91003ee1 	add	x1, x23, #0xf
    9b64:	aa1703e0 	mov	x0, x23
    9b68:	927df037 	and	x23, x1, #0xfffffffffffffff8
    9b6c:	f9400000 	ldr	x0, [x0]
    9b70:	aa0003e1 	mov	x1, x0
    9b74:	b7f80c00 	tbnz	x0, #63, 9cf4 <_vfiprintf_r+0xe24>
    9b78:	37f80a63 	tbnz	w3, #31, 9cc4 <_vfiprintf_r+0xdf4>
    9b7c:	f100003f 	cmp	x1, #0x0
    9b80:	12187b18 	and	w24, w24, #0xffffff7f
    9b84:	7a400860 	ccmp	w3, #0x0, #0x0, eq	// eq = none
    9b88:	540009e1 	b.ne	9cc4 <_vfiprintf_r+0xdf4>  // b.any
    9b8c:	910673fa 	add	x26, sp, #0x19c
    9b90:	52800003 	mov	w3, #0x0                   	// #0
    9b94:	52800019 	mov	w25, #0x0                   	// #0
    9b98:	17ffffc8 	b	9ab8 <_vfiprintf_r+0xbe8>
    9b9c:	39400360 	ldrb	w0, [x27]
    9ba0:	321b0318 	orr	w24, w24, #0x20
    9ba4:	17fffd54 	b	90f4 <_vfiprintf_r+0x224>
    9ba8:	b940c3e0 	ldr	w0, [sp, #192]
    9bac:	2a1903e8 	mov	w8, w25
    9bb0:	2a1a03e3 	mov	w3, w26
    9bb4:	37f810e0 	tbnz	w0, #31, 9dd0 <_vfiprintf_r+0xf00>
    9bb8:	91003ee1 	add	x1, x23, #0xf
    9bbc:	aa1703e0 	mov	x0, x23
    9bc0:	927df037 	and	x23, x1, #0xfffffffffffffff8
    9bc4:	f9400001 	ldr	x1, [x0]
    9bc8:	528f0600 	mov	w0, #0x7830                	// #30768
    9bcc:	f0000022 	adrp	x2, 10000 <__sfp_handle_exceptions+0x300>
    9bd0:	321f0304 	orr	w4, w24, #0x2
    9bd4:	9104a042 	add	x2, x2, #0x128
    9bd8:	f9004fe2 	str	x2, [sp, #152]
    9bdc:	790203e0 	strh	w0, [sp, #256]
    9be0:	52800040 	mov	w0, #0x2                   	// #2
    9be4:	17ffffa7 	b	9a80 <_vfiprintf_r+0xbb0>
    9be8:	b940c3e0 	ldr	w0, [sp, #192]
    9bec:	37280198 	tbnz	w24, #5, 9c1c <_vfiprintf_r+0xd4c>
    9bf0:	37200178 	tbnz	w24, #4, 9c1c <_vfiprintf_r+0xd4c>
    9bf4:	37303918 	tbnz	w24, #6, a314 <_vfiprintf_r+0x1444>
    9bf8:	364851f8 	tbz	w24, #9, a634 <_vfiprintf_r+0x1764>
    9bfc:	37f85d80 	tbnz	w0, #31, a7ac <_vfiprintf_r+0x18dc>
    9c00:	91003ee1 	add	x1, x23, #0xf
    9c04:	aa1703e0 	mov	x0, x23
    9c08:	927df037 	and	x23, x1, #0xfffffffffffffff8
    9c0c:	f9400000 	ldr	x0, [x0]
    9c10:	394193e1 	ldrb	w1, [sp, #100]
    9c14:	39000001 	strb	w1, [x0]
    9c18:	17fffce4 	b	8fa8 <_vfiprintf_r+0xd8>
    9c1c:	37f81140 	tbnz	w0, #31, 9e44 <_vfiprintf_r+0xf74>
    9c20:	91003ee1 	add	x1, x23, #0xf
    9c24:	aa1703e0 	mov	x0, x23
    9c28:	927df037 	and	x23, x1, #0xfffffffffffffff8
    9c2c:	f9400000 	ldr	x0, [x0]
    9c30:	b98067e1 	ldrsw	x1, [sp, #100]
    9c34:	f9000001 	str	x1, [x0]
    9c38:	17fffcdc 	b	8fa8 <_vfiprintf_r+0xd8>
    9c3c:	2a1803e4 	mov	w4, w24
    9c40:	7100041f 	cmp	w0, #0x1
    9c44:	54000420 	b.eq	9cc8 <_vfiprintf_r+0xdf8>  // b.none
    9c48:	910673f9 	add	x25, sp, #0x19c
    9c4c:	aa1903fa 	mov	x26, x25
    9c50:	7100081f 	cmp	w0, #0x2
    9c54:	54000161 	b.ne	9c80 <_vfiprintf_r+0xdb0>  // b.any
    9c58:	f9404fe2 	ldr	x2, [sp, #152]
    9c5c:	d503201f 	nop
    9c60:	92400c20 	and	x0, x1, #0xf
    9c64:	d344fc21 	lsr	x1, x1, #4
    9c68:	38606840 	ldrb	w0, [x2, x0]
    9c6c:	381fff40 	strb	w0, [x26, #-1]!
    9c70:	b5ffff81 	cbnz	x1, 9c60 <_vfiprintf_r+0xd90>
    9c74:	4b1a0339 	sub	w25, w25, w26
    9c78:	2a0403f8 	mov	w24, w4
    9c7c:	17ffff8f 	b	9ab8 <_vfiprintf_r+0xbe8>
    9c80:	12000820 	and	w0, w1, #0x7
    9c84:	aa1a03e2 	mov	x2, x26
    9c88:	1100c000 	add	w0, w0, #0x30
    9c8c:	381fff40 	strb	w0, [x26, #-1]!
    9c90:	d343fc21 	lsr	x1, x1, #3
    9c94:	b5ffff61 	cbnz	x1, 9c80 <_vfiprintf_r+0xdb0>
    9c98:	7100c01f 	cmp	w0, #0x30
    9c9c:	1a9f07e0 	cset	w0, ne	// ne = any
    9ca0:	6a00009f 	tst	w4, w0
    9ca4:	54fffe80 	b.eq	9c74 <_vfiprintf_r+0xda4>  // b.none
    9ca8:	d1000842 	sub	x2, x2, #0x2
    9cac:	52800600 	mov	w0, #0x30                  	// #48
    9cb0:	2a0403f8 	mov	w24, w4
    9cb4:	4b020339 	sub	w25, w25, w2
    9cb8:	381ff340 	sturb	w0, [x26, #-1]
    9cbc:	aa0203fa 	mov	x26, x2
    9cc0:	17ffff7e 	b	9ab8 <_vfiprintf_r+0xbe8>
    9cc4:	2a1803e4 	mov	w4, w24
    9cc8:	f100243f 	cmp	x1, #0x9
    9ccc:	54001ea8 	b.hi	a0a0 <_vfiprintf_r+0x11d0>  // b.pmore
    9cd0:	1100c021 	add	w1, w1, #0x30
    9cd4:	2a0403f8 	mov	w24, w4
    9cd8:	91066ffa 	add	x26, sp, #0x19b
    9cdc:	52800039 	mov	w25, #0x1                   	// #1
    9ce0:	39066fe1 	strb	w1, [sp, #411]
    9ce4:	17ffff75 	b	9ab8 <_vfiprintf_r+0xbe8>
    9ce8:	910673fa 	add	x26, sp, #0x19c
    9cec:	52800003 	mov	w3, #0x0                   	// #0
    9cf0:	17ffff72 	b	9ab8 <_vfiprintf_r+0xbe8>
    9cf4:	cb0103e1 	neg	x1, x1
    9cf8:	2a1803e4 	mov	w4, w24
    9cfc:	528005a2 	mov	w2, #0x2d                  	// #45
    9d00:	52800020 	mov	w0, #0x1                   	// #1
    9d04:	17ffff60 	b	9a84 <_vfiprintf_r+0xbb4>
    9d08:	f94052a0 	ldr	x0, [x21, #160]
    9d0c:	97ffe921 	bl	4190 <__retarget_lock_acquire_recursive>
    9d10:	79c022a1 	ldrsh	w1, [x21, #16]
    9d14:	b940b2a0 	ldr	w0, [x21, #176]
    9d18:	17fffc88 	b	8f38 <_vfiprintf_r+0x68>
    9d1c:	36302804 	tbz	w4, #6, a21c <_vfiprintf_r+0x134c>
    9d20:	37f83640 	tbnz	w0, #31, a3e8 <_vfiprintf_r+0x1518>
    9d24:	91002ee1 	add	x1, x23, #0xb
    9d28:	aa1703e0 	mov	x0, x23
    9d2c:	927df037 	and	x23, x1, #0xfffffffffffffff8
    9d30:	79400001 	ldrh	w1, [x0]
    9d34:	52800020 	mov	w0, #0x1                   	// #1
    9d38:	17ffff52 	b	9a80 <_vfiprintf_r+0xbb0>
    9d3c:	39400360 	ldrb	w0, [x27]
    9d40:	17fffced 	b	90f4 <_vfiprintf_r+0x224>
    9d44:	36302498 	tbz	w24, #6, a1d4 <_vfiprintf_r+0x1304>
    9d48:	37f836c0 	tbnz	w0, #31, a420 <_vfiprintf_r+0x1550>
    9d4c:	91002ee1 	add	x1, x23, #0xb
    9d50:	aa1703e0 	mov	x0, x23
    9d54:	927df037 	and	x23, x1, #0xfffffffffffffff8
    9d58:	79800001 	ldrsh	x1, [x0]
    9d5c:	aa0103e0 	mov	x0, x1
    9d60:	17ffff85 	b	9b74 <_vfiprintf_r+0xca4>
    9d64:	363022b8 	tbz	w24, #6, a1b8 <_vfiprintf_r+0x12e8>
    9d68:	37f832c0 	tbnz	w0, #31, a3c0 <_vfiprintf_r+0x14f0>
    9d6c:	aa1703e0 	mov	x0, x23
    9d70:	91002ee1 	add	x1, x23, #0xb
    9d74:	927df037 	and	x23, x1, #0xfffffffffffffff8
    9d78:	79400001 	ldrh	w1, [x0]
    9d7c:	17ffff6f 	b	9b38 <_vfiprintf_r+0xc68>
    9d80:	2a1903e8 	mov	w8, w25
    9d84:	2a1a03e3 	mov	w3, w26
    9d88:	17ffff72 	b	9b50 <_vfiprintf_r+0xc80>
    9d8c:	b940c3e1 	ldr	w1, [sp, #192]
    9d90:	11002021 	add	w1, w1, #0x8
    9d94:	7100003f 	cmp	w1, #0x0
    9d98:	5400298d 	b.le	a2c8 <_vfiprintf_r+0x13f8>
    9d9c:	91003ee2 	add	x2, x23, #0xf
    9da0:	b900c3e1 	str	w1, [sp, #192]
    9da4:	927df041 	and	x1, x2, #0xfffffffffffffff8
    9da8:	f90043e1 	str	x1, [sp, #128]
    9dac:	17fffeca 	b	98d4 <_vfiprintf_r+0xa04>
    9db0:	b940c3e0 	ldr	w0, [sp, #192]
    9db4:	11002001 	add	w1, w0, #0x8
    9db8:	7100003f 	cmp	w1, #0x0
    9dbc:	540029ed 	b.le	a2f8 <_vfiprintf_r+0x1428>
    9dc0:	91002ee0 	add	x0, x23, #0xb
    9dc4:	b900c3e1 	str	w1, [sp, #192]
    9dc8:	927df000 	and	x0, x0, #0xfffffffffffffff8
    9dcc:	17fffefe 	b	99c4 <_vfiprintf_r+0xaf4>
    9dd0:	b940c3e0 	ldr	w0, [sp, #192]
    9dd4:	11002001 	add	w1, w0, #0x8
    9dd8:	7100003f 	cmp	w1, #0x0
    9ddc:	5400284d 	b.le	a2e4 <_vfiprintf_r+0x1414>
    9de0:	91003ee2 	add	x2, x23, #0xf
    9de4:	aa1703e0 	mov	x0, x23
    9de8:	927df057 	and	x23, x2, #0xfffffffffffffff8
    9dec:	b900c3e1 	str	w1, [sp, #192]
    9df0:	17ffff75 	b	9bc4 <_vfiprintf_r+0xcf4>
    9df4:	b940c3e0 	ldr	w0, [sp, #192]
    9df8:	37f83540 	tbnz	w0, #31, a4a0 <_vfiprintf_r+0x15d0>
    9dfc:	91002ee1 	add	x1, x23, #0xb
    9e00:	aa1703e0 	mov	x0, x23
    9e04:	927df037 	and	x23, x1, #0xfffffffffffffff8
    9e08:	b9400000 	ldr	w0, [x0]
    9e0c:	52800024 	mov	w4, #0x1                   	// #1
    9e10:	9104e3fa 	add	x26, sp, #0x138
    9e14:	2a0403f9 	mov	w25, w4
    9e18:	3903ffff 	strb	wzr, [sp, #255]
    9e1c:	3904e3e0 	strb	w0, [sp, #312]
    9e20:	17fffcc5 	b	9134 <_vfiprintf_r+0x264>
    9e24:	39400760 	ldrb	w0, [x27, #1]
    9e28:	32170318 	orr	w24, w24, #0x200
    9e2c:	9100077b 	add	x27, x27, #0x1
    9e30:	17fffcb1 	b	90f4 <_vfiprintf_r+0x224>
    9e34:	39400760 	ldrb	w0, [x27, #1]
    9e38:	321b0318 	orr	w24, w24, #0x20
    9e3c:	9100077b 	add	x27, x27, #0x1
    9e40:	17fffcad 	b	90f4 <_vfiprintf_r+0x224>
    9e44:	b940c3e0 	ldr	w0, [sp, #192]
    9e48:	11002001 	add	w1, w0, #0x8
    9e4c:	7100003f 	cmp	w1, #0x0
    9e50:	5400368d 	b.le	a520 <_vfiprintf_r+0x1650>
    9e54:	91003ee2 	add	x2, x23, #0xf
    9e58:	aa1703e0 	mov	x0, x23
    9e5c:	927df057 	and	x23, x2, #0xfffffffffffffff8
    9e60:	b900c3e1 	str	w1, [sp, #192]
    9e64:	17ffff72 	b	9c2c <_vfiprintf_r+0xd5c>
    9e68:	2a1903e8 	mov	w8, w25
    9e6c:	2a1a03e3 	mov	w3, w26
    9e70:	2a1803e4 	mov	w4, w24
    9e74:	17fffefa 	b	9a5c <_vfiprintf_r+0xb8c>
    9e78:	2a1903e8 	mov	w8, w25
    9e7c:	2a1a03e3 	mov	w3, w26
    9e80:	f0000021 	adrp	x1, 10000 <__sfp_handle_exceptions+0x300>
    9e84:	91050021 	add	x1, x1, #0x140
    9e88:	f9004fe1 	str	x1, [sp, #152]
    9e8c:	b940c3e1 	ldr	w1, [sp, #192]
    9e90:	37280258 	tbnz	w24, #5, 9ed8 <_vfiprintf_r+0x1008>
    9e94:	37200238 	tbnz	w24, #4, 9ed8 <_vfiprintf_r+0x1008>
    9e98:	36301798 	tbz	w24, #6, a188 <_vfiprintf_r+0x12b8>
    9e9c:	37f82d41 	tbnz	w1, #31, a444 <_vfiprintf_r+0x1574>
    9ea0:	aa1703e1 	mov	x1, x23
    9ea4:	91002ee2 	add	x2, x23, #0xb
    9ea8:	927df057 	and	x23, x2, #0xfffffffffffffff8
    9eac:	79400021 	ldrh	w1, [x1]
    9eb0:	1400000f 	b	9eec <_vfiprintf_r+0x101c>
    9eb4:	f0000021 	adrp	x1, 10000 <__sfp_handle_exceptions+0x300>
    9eb8:	2a1903e8 	mov	w8, w25
    9ebc:	9104a021 	add	x1, x1, #0x128
    9ec0:	2a1a03e3 	mov	w3, w26
    9ec4:	f9004fe1 	str	x1, [sp, #152]
    9ec8:	17fffff1 	b	9e8c <_vfiprintf_r+0xfbc>
    9ecc:	2a1903e8 	mov	w8, w25
    9ed0:	2a1a03e3 	mov	w3, w26
    9ed4:	17ffff11 	b	9b18 <_vfiprintf_r+0xc48>
    9ed8:	37f80181 	tbnz	w1, #31, 9f08 <_vfiprintf_r+0x1038>
    9edc:	91003ee2 	add	x2, x23, #0xf
    9ee0:	aa1703e1 	mov	x1, x23
    9ee4:	927df057 	and	x23, x2, #0xfffffffffffffff8
    9ee8:	f9400021 	ldr	x1, [x1]
    9eec:	f100003f 	cmp	x1, #0x0
    9ef0:	1a9f07e2 	cset	w2, ne	// ne = any
    9ef4:	6a02031f 	tst	w24, w2
    9ef8:	54000501 	b.ne	9f98 <_vfiprintf_r+0x10c8>  // b.any
    9efc:	12157b04 	and	w4, w24, #0xfffffbff
    9f00:	52800040 	mov	w0, #0x2                   	// #2
    9f04:	17fffedf 	b	9a80 <_vfiprintf_r+0xbb0>
    9f08:	b940c3e1 	ldr	w1, [sp, #192]
    9f0c:	11002022 	add	w2, w1, #0x8
    9f10:	7100005f 	cmp	w2, #0x0
    9f14:	5400170d 	b.le	a1f4 <_vfiprintf_r+0x1324>
    9f18:	91003ee4 	add	x4, x23, #0xf
    9f1c:	aa1703e1 	mov	x1, x23
    9f20:	927df097 	and	x23, x4, #0xfffffffffffffff8
    9f24:	b900c3e2 	str	w2, [sp, #192]
    9f28:	17fffff0 	b	9ee8 <_vfiprintf_r+0x1018>
    9f2c:	b940c3e0 	ldr	w0, [sp, #192]
    9f30:	11002001 	add	w1, w0, #0x8
    9f34:	7100003f 	cmp	w1, #0x0
    9f38:	5400168d 	b.le	a208 <_vfiprintf_r+0x1338>
    9f3c:	91003ee2 	add	x2, x23, #0xf
    9f40:	aa1703e0 	mov	x0, x23
    9f44:	927df057 	and	x23, x2, #0xfffffffffffffff8
    9f48:	b900c3e1 	str	w1, [sp, #192]
    9f4c:	17fffefa 	b	9b34 <_vfiprintf_r+0xc64>
    9f50:	b940c3e0 	ldr	w0, [sp, #192]
    9f54:	11002001 	add	w1, w0, #0x8
    9f58:	7100003f 	cmp	w1, #0x0
    9f5c:	5400170d 	b.le	a23c <_vfiprintf_r+0x136c>
    9f60:	91003ee2 	add	x2, x23, #0xf
    9f64:	aa1703e0 	mov	x0, x23
    9f68:	927df057 	and	x23, x2, #0xfffffffffffffff8
    9f6c:	b900c3e1 	str	w1, [sp, #192]
    9f70:	17fffec2 	b	9a78 <_vfiprintf_r+0xba8>
    9f74:	b940c3e0 	ldr	w0, [sp, #192]
    9f78:	11002001 	add	w1, w0, #0x8
    9f7c:	7100003f 	cmp	w1, #0x0
    9f80:	5400112d 	b.le	a1a4 <_vfiprintf_r+0x12d4>
    9f84:	91003ee2 	add	x2, x23, #0xf
    9f88:	aa1703e0 	mov	x0, x23
    9f8c:	927df057 	and	x23, x2, #0xfffffffffffffff8
    9f90:	b900c3e1 	str	w1, [sp, #192]
    9f94:	17fffef6 	b	9b6c <_vfiprintf_r+0xc9c>
    9f98:	321f0318 	orr	w24, w24, #0x2
    9f9c:	390407e0 	strb	w0, [sp, #257]
    9fa0:	52800600 	mov	w0, #0x30                  	// #48
    9fa4:	390403e0 	strb	w0, [sp, #256]
    9fa8:	17ffffd5 	b	9efc <_vfiprintf_r+0x102c>
    9fac:	910443e0 	add	x0, sp, #0x110
    9fb0:	d2800102 	mov	x2, #0x8                   	// #8
    9fb4:	52800001 	mov	w1, #0x0                   	// #0
    9fb8:	b9006be8 	str	w8, [sp, #104]
    9fbc:	b9008be3 	str	w3, [sp, #136]
    9fc0:	f9008ffa 	str	x26, [sp, #280]
    9fc4:	97ffee1f 	bl	5840 <memset>
    9fc8:	b9408be3 	ldr	w3, [sp, #136]
    9fcc:	b9406be8 	ldr	w8, [sp, #104]
    9fd0:	37f81523 	tbnz	w3, #31, a274 <_vfiprintf_r+0x13a4>
    9fd4:	52800019 	mov	w25, #0x0                   	// #0
    9fd8:	d2800017 	mov	x23, #0x0                   	// #0
    9fdc:	b9006bf8 	str	w24, [sp, #104]
    9fe0:	2a1903f8 	mov	w24, w25
    9fe4:	aa1503f9 	mov	x25, x21
    9fe8:	2a0303f5 	mov	w21, w3
    9fec:	b9008be8 	str	w8, [sp, #136]
    9ff0:	1400000d 	b	a024 <_vfiprintf_r+0x1154>
    9ff4:	910443e3 	add	x3, sp, #0x110
    9ff8:	9104e3e1 	add	x1, sp, #0x138
    9ffc:	aa1303e0 	mov	x0, x19
    a000:	9400029c 	bl	aa70 <_wcrtomb_r>
    a004:	3100041f 	cmn	w0, #0x1
    a008:	54003380 	b.eq	a678 <_vfiprintf_r+0x17a8>  // b.none
    a00c:	0b000300 	add	w0, w24, w0
    a010:	6b15001f 	cmp	w0, w21
    a014:	540000ec 	b.gt	a030 <_vfiprintf_r+0x1160>
    a018:	910012f7 	add	x23, x23, #0x4
    a01c:	54002dc0 	b.eq	a5d4 <_vfiprintf_r+0x1704>  // b.none
    a020:	2a0003f8 	mov	w24, w0
    a024:	f9408fe0 	ldr	x0, [sp, #280]
    a028:	b8776802 	ldr	w2, [x0, x23]
    a02c:	35fffe42 	cbnz	w2, 9ff4 <_vfiprintf_r+0x1124>
    a030:	aa1903f5 	mov	x21, x25
    a034:	b9408be8 	ldr	w8, [sp, #136]
    a038:	2a1803f9 	mov	w25, w24
    a03c:	b9406bf8 	ldr	w24, [sp, #104]
    a040:	34001359 	cbz	w25, a2a8 <_vfiprintf_r+0x13d8>
    a044:	71018f3f 	cmp	w25, #0x63
    a048:	5400212c 	b.gt	a46c <_vfiprintf_r+0x159c>
    a04c:	9104e3fa 	add	x26, sp, #0x138
    a050:	f90037ff 	str	xzr, [sp, #104]
    a054:	93407f37 	sxtw	x23, w25
    a058:	d2800102 	mov	x2, #0x8                   	// #8
    a05c:	52800001 	mov	w1, #0x0                   	// #0
    a060:	910443e0 	add	x0, sp, #0x110
    a064:	b9008be8 	str	w8, [sp, #136]
    a068:	97ffedf6 	bl	5840 <memset>
    a06c:	910443e4 	add	x4, sp, #0x110
    a070:	aa1703e3 	mov	x3, x23
    a074:	910463e2 	add	x2, sp, #0x118
    a078:	aa1a03e1 	mov	x1, x26
    a07c:	aa1303e0 	mov	x0, x19
    a080:	940002c8 	bl	aba0 <_wcsrtombs_r>
    a084:	b9408be8 	ldr	w8, [sp, #136]
    a088:	eb0002ff 	cmp	x23, x0
    a08c:	540044a1 	b.ne	a920 <_vfiprintf_r+0x1a50>  // b.any
    a090:	7100033f 	cmp	w25, #0x0
    a094:	3839cb5f 	strb	wzr, [x26, w25, sxtw]
    a098:	1a9fa324 	csel	w4, w25, wzr, ge	// ge = tcont
    a09c:	14000085 	b	a2b0 <_vfiprintf_r+0x13e0>
    a0a0:	910673f9 	add	x25, sp, #0x19c
    a0a4:	1216008a 	and	w10, w4, #0x400
    a0a8:	b202e7e6 	mov	x6, #0xcccccccccccccccc    	// #-3689348814741910324
    a0ac:	aa1903e2 	mov	x2, x25
    a0b0:	aa1b03e5 	mov	x5, x27
    a0b4:	aa1903e7 	mov	x7, x25
    a0b8:	aa1503fb 	mov	x27, x21
    a0bc:	aa1303f9 	mov	x25, x19
    a0c0:	f94057f5 	ldr	x21, [sp, #168]
    a0c4:	2a0a03f3 	mov	w19, w10
    a0c8:	5280000b 	mov	w11, #0x0                   	// #0
    a0cc:	f29999a6 	movk	x6, #0xcccd
    a0d0:	14000007 	b	a0ec <_vfiprintf_r+0x121c>
    a0d4:	9bc67c38 	umulh	x24, x1, x6
    a0d8:	d343ff18 	lsr	x24, x24, #3
    a0dc:	f100243f 	cmp	x1, #0x9
    a0e0:	54000249 	b.ls	a128 <_vfiprintf_r+0x1258>  // b.plast
    a0e4:	aa1803e1 	mov	x1, x24
    a0e8:	aa1a03e2 	mov	x2, x26
    a0ec:	9bc67c38 	umulh	x24, x1, x6
    a0f0:	1100056b 	add	w11, w11, #0x1
    a0f4:	d100045a 	sub	x26, x2, #0x1
    a0f8:	d343ff18 	lsr	x24, x24, #3
    a0fc:	8b180b00 	add	x0, x24, x24, lsl #2
    a100:	cb000420 	sub	x0, x1, x0, lsl #1
    a104:	1100c000 	add	w0, w0, #0x30
    a108:	381ff040 	sturb	w0, [x2, #-1]
    a10c:	34fffe53 	cbz	w19, a0d4 <_vfiprintf_r+0x1204>
    a110:	394002a0 	ldrb	w0, [x21]
    a114:	7103fc1f 	cmp	w0, #0xff
    a118:	7a4b1000 	ccmp	w0, w11, #0x0, ne	// ne = any
    a11c:	54fffdc1 	b.ne	a0d4 <_vfiprintf_r+0x1204>  // b.any
    a120:	f100243f 	cmp	x1, #0x9
    a124:	54001d08 	b.hi	a4c4 <_vfiprintf_r+0x15f4>  // b.pmore
    a128:	aa1903f3 	mov	x19, x25
    a12c:	aa0703f9 	mov	x25, x7
    a130:	4b1a0339 	sub	w25, w25, w26
    a134:	2a0403f8 	mov	w24, w4
    a138:	f90057f5 	str	x21, [sp, #168]
    a13c:	aa1b03f5 	mov	x21, x27
    a140:	aa0503fb 	mov	x27, x5
    a144:	17fffe5d 	b	9ab8 <_vfiprintf_r+0xbe8>
    a148:	aa1303e0 	mov	x0, x19
    a14c:	97ffe2e5 	bl	2ce0 <__sinit>
    a150:	17fffb76 	b	8f28 <_vfiprintf_r+0x58>
    a154:	7100187f 	cmp	w3, #0x6
    a158:	528000c9 	mov	w9, #0x6                   	// #6
    a15c:	1a899079 	csel	w25, w3, w9, ls	// ls = plast
    a160:	d0000027 	adrp	x7, 10000 <__sfp_handle_exceptions+0x300>
    a164:	f94043f7 	ldr	x23, [sp, #128]
    a168:	2a1903e4 	mov	w4, w25
    a16c:	910560fa 	add	x26, x7, #0x158
    a170:	17fffbf1 	b	9134 <_vfiprintf_r+0x264>
    a174:	f9409be0 	ldr	x0, [sp, #304]
    a178:	b5001de0 	cbnz	x0, a534 <_vfiprintf_r+0x1664>
    a17c:	79c022a0 	ldrsh	w0, [x21, #16]
    a180:	b9012bff 	str	wzr, [sp, #296]
    a184:	17fffcfb 	b	9570 <_vfiprintf_r+0x6a0>
    a188:	36480f18 	tbz	w24, #9, a368 <_vfiprintf_r+0x1498>
    a18c:	37f82941 	tbnz	w1, #31, a6b4 <_vfiprintf_r+0x17e4>
    a190:	aa1703e1 	mov	x1, x23
    a194:	91002ee2 	add	x2, x23, #0xb
    a198:	927df057 	and	x23, x2, #0xfffffffffffffff8
    a19c:	39400021 	ldrb	w1, [x1]
    a1a0:	17ffff53 	b	9eec <_vfiprintf_r+0x101c>
    a1a4:	f9403fe2 	ldr	x2, [sp, #120]
    a1a8:	b940c3e0 	ldr	w0, [sp, #192]
    a1ac:	b900c3e1 	str	w1, [sp, #192]
    a1b0:	8b20c040 	add	x0, x2, w0, sxtw
    a1b4:	17fffe6e 	b	9b6c <_vfiprintf_r+0xc9c>
    a1b8:	36480bf8 	tbz	w24, #9, a334 <_vfiprintf_r+0x1464>
    a1bc:	37f81e40 	tbnz	w0, #31, a584 <_vfiprintf_r+0x16b4>
    a1c0:	aa1703e0 	mov	x0, x23
    a1c4:	91002ee1 	add	x1, x23, #0xb
    a1c8:	927df037 	and	x23, x1, #0xfffffffffffffff8
    a1cc:	39400001 	ldrb	w1, [x0]
    a1d0:	17fffe5a 	b	9b38 <_vfiprintf_r+0xc68>
    a1d4:	36480d78 	tbz	w24, #9, a380 <_vfiprintf_r+0x14b0>
    a1d8:	37f82940 	tbnz	w0, #31, a700 <_vfiprintf_r+0x1830>
    a1dc:	91002ee1 	add	x1, x23, #0xb
    a1e0:	aa1703e0 	mov	x0, x23
    a1e4:	927df037 	and	x23, x1, #0xfffffffffffffff8
    a1e8:	39800001 	ldrsb	x1, [x0]
    a1ec:	aa0103e0 	mov	x0, x1
    a1f0:	17fffe61 	b	9b74 <_vfiprintf_r+0xca4>
    a1f4:	f9403fe4 	ldr	x4, [sp, #120]
    a1f8:	b940c3e1 	ldr	w1, [sp, #192]
    a1fc:	b900c3e2 	str	w2, [sp, #192]
    a200:	8b21c081 	add	x1, x4, w1, sxtw
    a204:	17ffff39 	b	9ee8 <_vfiprintf_r+0x1018>
    a208:	f9403fe2 	ldr	x2, [sp, #120]
    a20c:	b940c3e0 	ldr	w0, [sp, #192]
    a210:	b900c3e1 	str	w1, [sp, #192]
    a214:	8b20c040 	add	x0, x2, w0, sxtw
    a218:	17fffe47 	b	9b34 <_vfiprintf_r+0xc64>
    a21c:	36480984 	tbz	w4, #9, a34c <_vfiprintf_r+0x147c>
    a220:	37f825e0 	tbnz	w0, #31, a6dc <_vfiprintf_r+0x180c>
    a224:	91002ee1 	add	x1, x23, #0xb
    a228:	aa1703e0 	mov	x0, x23
    a22c:	927df037 	and	x23, x1, #0xfffffffffffffff8
    a230:	39400001 	ldrb	w1, [x0]
    a234:	52800020 	mov	w0, #0x1                   	// #1
    a238:	17fffe12 	b	9a80 <_vfiprintf_r+0xbb0>
    a23c:	f9403fe2 	ldr	x2, [sp, #120]
    a240:	b940c3e0 	ldr	w0, [sp, #192]
    a244:	b900c3e1 	str	w1, [sp, #192]
    a248:	8b20c040 	add	x0, x2, w0, sxtw
    a24c:	17fffe0b 	b	9a78 <_vfiprintf_r+0xba8>
    a250:	b940c3e0 	ldr	w0, [sp, #192]
    a254:	11002001 	add	w1, w0, #0x8
    a258:	7100003f 	cmp	w1, #0x0
    a25c:	54000d8d 	b.le	a40c <_vfiprintf_r+0x153c>
    a260:	91002ee2 	add	x2, x23, #0xb
    a264:	aa1703e0 	mov	x0, x23
    a268:	927df057 	and	x23, x2, #0xfffffffffffffff8
    a26c:	b900c3e1 	str	w1, [sp, #192]
    a270:	17fffd83 	b	987c <_vfiprintf_r+0x9ac>
    a274:	910443e4 	add	x4, sp, #0x110
    a278:	910463e2 	add	x2, sp, #0x118
    a27c:	aa1303e0 	mov	x0, x19
    a280:	d2800003 	mov	x3, #0x0                   	// #0
    a284:	d2800001 	mov	x1, #0x0                   	// #0
    a288:	b9006be8 	str	w8, [sp, #104]
    a28c:	94000245 	bl	aba0 <_wcsrtombs_r>
    a290:	2a0003f9 	mov	w25, w0
    a294:	b9406be8 	ldr	w8, [sp, #104]
    a298:	3100041f 	cmn	w0, #0x1
    a29c:	54002a60 	b.eq	a7e8 <_vfiprintf_r+0x1918>  // b.none
    a2a0:	f9008ffa 	str	x26, [sp, #280]
    a2a4:	17ffff67 	b	a040 <_vfiprintf_r+0x1170>
    a2a8:	52800004 	mov	w4, #0x0                   	// #0
    a2ac:	f90037ff 	str	xzr, [sp, #104]
    a2b0:	3943ffe0 	ldrb	w0, [sp, #255]
    a2b4:	52800003 	mov	w3, #0x0                   	// #0
    a2b8:	f94043f7 	ldr	x23, [sp, #128]
    a2bc:	5280000c 	mov	w12, #0x0                   	// #0
    a2c0:	35ffc060 	cbnz	w0, 9acc <_vfiprintf_r+0xbfc>
    a2c4:	17fffb9f 	b	9140 <_vfiprintf_r+0x270>
    a2c8:	f9403fe4 	ldr	x4, [sp, #120]
    a2cc:	f90043f7 	str	x23, [sp, #128]
    a2d0:	b940c3e2 	ldr	w2, [sp, #192]
    a2d4:	b900c3e1 	str	w1, [sp, #192]
    a2d8:	8b22c082 	add	x2, x4, w2, sxtw
    a2dc:	aa0203f7 	mov	x23, x2
    a2e0:	17fffd7d 	b	98d4 <_vfiprintf_r+0xa04>
    a2e4:	f9403fe2 	ldr	x2, [sp, #120]
    a2e8:	b940c3e0 	ldr	w0, [sp, #192]
    a2ec:	b900c3e1 	str	w1, [sp, #192]
    a2f0:	8b20c040 	add	x0, x2, w0, sxtw
    a2f4:	17fffe34 	b	9bc4 <_vfiprintf_r+0xcf4>
    a2f8:	f9403fe2 	ldr	x2, [sp, #120]
    a2fc:	b940c3e0 	ldr	w0, [sp, #192]
    a300:	b900c3e1 	str	w1, [sp, #192]
    a304:	8b20c042 	add	x2, x2, w0, sxtw
    a308:	aa1703e0 	mov	x0, x23
    a30c:	aa0203f7 	mov	x23, x2
    a310:	17fffdad 	b	99c4 <_vfiprintf_r+0xaf4>
    a314:	37f81a00 	tbnz	w0, #31, a654 <_vfiprintf_r+0x1784>
    a318:	91003ee1 	add	x1, x23, #0xf
    a31c:	aa1703e0 	mov	x0, x23
    a320:	927df037 	and	x23, x1, #0xfffffffffffffff8
    a324:	f9400000 	ldr	x0, [x0]
    a328:	7940cbe1 	ldrh	w1, [sp, #100]
    a32c:	79000001 	strh	w1, [x0]
    a330:	17fffb1e 	b	8fa8 <_vfiprintf_r+0xd8>
    a334:	37f81ac0 	tbnz	w0, #31, a68c <_vfiprintf_r+0x17bc>
    a338:	aa1703e0 	mov	x0, x23
    a33c:	91002ee1 	add	x1, x23, #0xb
    a340:	927df037 	and	x23, x1, #0xfffffffffffffff8
    a344:	b9400001 	ldr	w1, [x0]
    a348:	17fffdfc 	b	9b38 <_vfiprintf_r+0xc68>
    a34c:	37f81500 	tbnz	w0, #31, a5ec <_vfiprintf_r+0x171c>
    a350:	91002ee1 	add	x1, x23, #0xb
    a354:	aa1703e0 	mov	x0, x23
    a358:	927df037 	and	x23, x1, #0xfffffffffffffff8
    a35c:	b9400001 	ldr	w1, [x0]
    a360:	52800020 	mov	w0, #0x1                   	// #1
    a364:	17fffdc7 	b	9a80 <_vfiprintf_r+0xbb0>
    a368:	37f81221 	tbnz	w1, #31, a5ac <_vfiprintf_r+0x16dc>
    a36c:	aa1703e1 	mov	x1, x23
    a370:	91002ee2 	add	x2, x23, #0xb
    a374:	927df057 	and	x23, x2, #0xfffffffffffffff8
    a378:	b9400021 	ldr	w1, [x1]
    a37c:	17fffedc 	b	9eec <_vfiprintf_r+0x101c>
    a380:	37f81480 	tbnz	w0, #31, a610 <_vfiprintf_r+0x1740>
    a384:	91002ee1 	add	x1, x23, #0xb
    a388:	aa1703e0 	mov	x0, x23
    a38c:	927df037 	and	x23, x1, #0xfffffffffffffff8
    a390:	b9800001 	ldrsw	x1, [x0]
    a394:	aa0103e0 	mov	x0, x1
    a398:	17fffdf7 	b	9b74 <_vfiprintf_r+0xca4>
    a39c:	aa1a03e0 	mov	x0, x26
    a3a0:	b9008be8 	str	w8, [sp, #136]
    a3a4:	97ffe2e7 	bl	2f40 <strlen>
    a3a8:	7100001f 	cmp	w0, #0x0
    a3ac:	b9408be8 	ldr	w8, [sp, #136]
    a3b0:	2a0003f9 	mov	w25, w0
    a3b4:	1a9fa004 	csel	w4, w0, wzr, ge	// ge = tcont
    a3b8:	f90037ff 	str	xzr, [sp, #104]
    a3bc:	17ffffbd 	b	a2b0 <_vfiprintf_r+0x13e0>
    a3c0:	b940c3e0 	ldr	w0, [sp, #192]
    a3c4:	11002001 	add	w1, w0, #0x8
    a3c8:	7100003f 	cmp	w1, #0x0
    a3cc:	54001d2d 	b.le	a770 <_vfiprintf_r+0x18a0>
    a3d0:	aa1703e0 	mov	x0, x23
    a3d4:	91002ee2 	add	x2, x23, #0xb
    a3d8:	927df057 	and	x23, x2, #0xfffffffffffffff8
    a3dc:	b900c3e1 	str	w1, [sp, #192]
    a3e0:	79400001 	ldrh	w1, [x0]
    a3e4:	17fffdd5 	b	9b38 <_vfiprintf_r+0xc68>
    a3e8:	b940c3e0 	ldr	w0, [sp, #192]
    a3ec:	11002001 	add	w1, w0, #0x8
    a3f0:	7100003f 	cmp	w1, #0x0
    a3f4:	54001a8d 	b.le	a744 <_vfiprintf_r+0x1874>
    a3f8:	91002ee2 	add	x2, x23, #0xb
    a3fc:	aa1703e0 	mov	x0, x23
    a400:	927df057 	and	x23, x2, #0xfffffffffffffff8
    a404:	b900c3e1 	str	w1, [sp, #192]
    a408:	17fffe4a 	b	9d30 <_vfiprintf_r+0xe60>
    a40c:	f9403fe2 	ldr	x2, [sp, #120]
    a410:	b940c3e0 	ldr	w0, [sp, #192]
    a414:	b900c3e1 	str	w1, [sp, #192]
    a418:	8b20c040 	add	x0, x2, w0, sxtw
    a41c:	17fffd18 	b	987c <_vfiprintf_r+0x9ac>
    a420:	b940c3e0 	ldr	w0, [sp, #192]
    a424:	11002001 	add	w1, w0, #0x8
    a428:	7100003f 	cmp	w1, #0x0
    a42c:	540017cd 	b.le	a724 <_vfiprintf_r+0x1854>
    a430:	91002ee2 	add	x2, x23, #0xb
    a434:	aa1703e0 	mov	x0, x23
    a438:	927df057 	and	x23, x2, #0xfffffffffffffff8
    a43c:	b900c3e1 	str	w1, [sp, #192]
    a440:	17fffe46 	b	9d58 <_vfiprintf_r+0xe88>
    a444:	b940c3e1 	ldr	w1, [sp, #192]
    a448:	11002022 	add	w2, w1, #0x8
    a44c:	7100005f 	cmp	w2, #0x0
    a450:	5400184d 	b.le	a758 <_vfiprintf_r+0x1888>
    a454:	aa1703e1 	mov	x1, x23
    a458:	91002ee4 	add	x4, x23, #0xb
    a45c:	927df097 	and	x23, x4, #0xfffffffffffffff8
    a460:	b900c3e2 	str	w2, [sp, #192]
    a464:	79400021 	ldrh	w1, [x1]
    a468:	17fffea1 	b	9eec <_vfiprintf_r+0x101c>
    a46c:	11000721 	add	w1, w25, #0x1
    a470:	aa1303e0 	mov	x0, x19
    a474:	b9006be8 	str	w8, [sp, #104]
    a478:	93407c21 	sxtw	x1, w1
    a47c:	97ffe349 	bl	31a0 <_malloc_r>
    a480:	b9406be8 	ldr	w8, [sp, #104]
    a484:	aa0003fa 	mov	x26, x0
    a488:	b4001b00 	cbz	x0, a7e8 <_vfiprintf_r+0x1918>
    a48c:	f90037e0 	str	x0, [sp, #104]
    a490:	17fffef1 	b	a054 <_vfiprintf_r+0x1184>
    a494:	f94052a0 	ldr	x0, [x21, #160]
    a498:	97ffe74e 	bl	41d0 <__retarget_lock_release_recursive>
    a49c:	17fffae4 	b	902c <_vfiprintf_r+0x15c>
    a4a0:	b940c3e0 	ldr	w0, [sp, #192]
    a4a4:	11002001 	add	w1, w0, #0x8
    a4a8:	7100003f 	cmp	w1, #0x0
    a4ac:	5400062d 	b.le	a570 <_vfiprintf_r+0x16a0>
    a4b0:	91002ee2 	add	x2, x23, #0xb
    a4b4:	aa1703e0 	mov	x0, x23
    a4b8:	927df057 	and	x23, x2, #0xfffffffffffffff8
    a4bc:	b900c3e1 	str	w1, [sp, #192]
    a4c0:	17fffe52 	b	9e08 <_vfiprintf_r+0xf38>
    a4c4:	f94053e0 	ldr	x0, [sp, #160]
    a4c8:	b9006be4 	str	w4, [sp, #104]
    a4cc:	f9405be1 	ldr	x1, [sp, #176]
    a4d0:	cb00035a 	sub	x26, x26, x0
    a4d4:	aa0003e2 	mov	x2, x0
    a4d8:	aa1a03e0 	mov	x0, x26
    a4dc:	b90083e8 	str	w8, [sp, #128]
    a4e0:	b9008be3 	str	w3, [sp, #136]
    a4e4:	f9004be5 	str	x5, [sp, #144]
    a4e8:	f90057e7 	str	x7, [sp, #168]
    a4ec:	94000d49 	bl	da10 <strncpy>
    a4f0:	394006a0 	ldrb	w0, [x21, #1]
    a4f4:	b202e7e6 	mov	x6, #0xcccccccccccccccc    	// #-3689348814741910324
    a4f8:	f9404be5 	ldr	x5, [sp, #144]
    a4fc:	7100001f 	cmp	w0, #0x0
    a500:	f94057e7 	ldr	x7, [sp, #168]
    a504:	9a9506b5 	cinc	x21, x21, ne	// ne = any
    a508:	b9406be4 	ldr	w4, [sp, #104]
    a50c:	5280000b 	mov	w11, #0x0                   	// #0
    a510:	b94083e8 	ldr	w8, [sp, #128]
    a514:	f29999a6 	movk	x6, #0xcccd
    a518:	b9408be3 	ldr	w3, [sp, #136]
    a51c:	17fffef2 	b	a0e4 <_vfiprintf_r+0x1214>
    a520:	f9403fe2 	ldr	x2, [sp, #120]
    a524:	b940c3e0 	ldr	w0, [sp, #192]
    a528:	b900c3e1 	str	w1, [sp, #192]
    a52c:	8b20c040 	add	x0, x2, w0, sxtw
    a530:	17fffdbf 	b	9c2c <_vfiprintf_r+0xd5c>
    a534:	aa1303e0 	mov	x0, x19
    a538:	910483e2 	add	x2, sp, #0x120
    a53c:	aa1503e1 	mov	x1, x21
    a540:	940009b8 	bl	cc20 <__sprint_r>
    a544:	34ffe1c0 	cbz	w0, a17c <_vfiprintf_r+0x12ac>
    a548:	17fffc09 	b	956c <_vfiprintf_r+0x69c>
    a54c:	b940b2a0 	ldr	w0, [x21, #176]
    a550:	370000a0 	tbnz	w0, #0, a564 <_vfiprintf_r+0x1694>
    a554:	794022a0 	ldrh	w0, [x21, #16]
    a558:	37480060 	tbnz	w0, #9, a564 <_vfiprintf_r+0x1694>
    a55c:	f94052a0 	ldr	x0, [x21, #160]
    a560:	97ffe71c 	bl	41d0 <__retarget_lock_release_recursive>
    a564:	12800000 	mov	w0, #0xffffffff            	// #-1
    a568:	b90067e0 	str	w0, [sp, #100]
    a56c:	17fffc05 	b	9580 <_vfiprintf_r+0x6b0>
    a570:	f9403fe2 	ldr	x2, [sp, #120]
    a574:	b940c3e0 	ldr	w0, [sp, #192]
    a578:	b900c3e1 	str	w1, [sp, #192]
    a57c:	8b20c040 	add	x0, x2, w0, sxtw
    a580:	17fffe22 	b	9e08 <_vfiprintf_r+0xf38>
    a584:	b940c3e0 	ldr	w0, [sp, #192]
    a588:	11002001 	add	w1, w0, #0x8
    a58c:	7100003f 	cmp	w1, #0x0
    a590:	5400120d 	b.le	a7d0 <_vfiprintf_r+0x1900>
    a594:	aa1703e0 	mov	x0, x23
    a598:	91002ee2 	add	x2, x23, #0xb
    a59c:	927df057 	and	x23, x2, #0xfffffffffffffff8
    a5a0:	b900c3e1 	str	w1, [sp, #192]
    a5a4:	39400001 	ldrb	w1, [x0]
    a5a8:	17fffd64 	b	9b38 <_vfiprintf_r+0xc68>
    a5ac:	b940c3e1 	ldr	w1, [sp, #192]
    a5b0:	11002022 	add	w2, w1, #0x8
    a5b4:	7100005f 	cmp	w2, #0x0
    a5b8:	540018cd 	b.le	a8d0 <_vfiprintf_r+0x1a00>
    a5bc:	aa1703e1 	mov	x1, x23
    a5c0:	91002ee4 	add	x4, x23, #0xb
    a5c4:	927df097 	and	x23, x4, #0xfffffffffffffff8
    a5c8:	b900c3e2 	str	w2, [sp, #192]
    a5cc:	b9400021 	ldr	w1, [x1]
    a5d0:	17fffe47 	b	9eec <_vfiprintf_r+0x101c>
    a5d4:	2a1503e3 	mov	w3, w21
    a5d8:	b9406bf8 	ldr	w24, [sp, #104]
    a5dc:	aa1903f5 	mov	x21, x25
    a5e0:	b9408be8 	ldr	w8, [sp, #136]
    a5e4:	2a0303f9 	mov	w25, w3
    a5e8:	17fffe96 	b	a040 <_vfiprintf_r+0x1170>
    a5ec:	b940c3e0 	ldr	w0, [sp, #192]
    a5f0:	11002001 	add	w1, w0, #0x8
    a5f4:	7100003f 	cmp	w1, #0x0
    a5f8:	540010ad 	b.le	a80c <_vfiprintf_r+0x193c>
    a5fc:	91002ee2 	add	x2, x23, #0xb
    a600:	aa1703e0 	mov	x0, x23
    a604:	927df057 	and	x23, x2, #0xfffffffffffffff8
    a608:	b900c3e1 	str	w1, [sp, #192]
    a60c:	17ffff54 	b	a35c <_vfiprintf_r+0x148c>
    a610:	b940c3e0 	ldr	w0, [sp, #192]
    a614:	11002001 	add	w1, w0, #0x8
    a618:	7100003f 	cmp	w1, #0x0
    a61c:	5400146d 	b.le	a8a8 <_vfiprintf_r+0x19d8>
    a620:	91002ee2 	add	x2, x23, #0xb
    a624:	aa1703e0 	mov	x0, x23
    a628:	927df057 	and	x23, x2, #0xfffffffffffffff8
    a62c:	b900c3e1 	str	w1, [sp, #192]
    a630:	17ffff58 	b	a390 <_vfiprintf_r+0x14c0>
    a634:	37f80aa0 	tbnz	w0, #31, a788 <_vfiprintf_r+0x18b8>
    a638:	91003ee1 	add	x1, x23, #0xf
    a63c:	aa1703e0 	mov	x0, x23
    a640:	927df037 	and	x23, x1, #0xfffffffffffffff8
    a644:	f9400000 	ldr	x0, [x0]
    a648:	b94067e1 	ldr	w1, [sp, #100]
    a64c:	b9000001 	str	w1, [x0]
    a650:	17fffa56 	b	8fa8 <_vfiprintf_r+0xd8>
    a654:	b940c3e0 	ldr	w0, [sp, #192]
    a658:	11002001 	add	w1, w0, #0x8
    a65c:	7100003f 	cmp	w1, #0x0
    a660:	5400144d 	b.le	a8e8 <_vfiprintf_r+0x1a18>
    a664:	91003ee2 	add	x2, x23, #0xf
    a668:	aa1703e0 	mov	x0, x23
    a66c:	927df057 	and	x23, x2, #0xfffffffffffffff8
    a670:	b900c3e1 	str	w1, [sp, #192]
    a674:	17ffff2c 	b	a324 <_vfiprintf_r+0x1454>
    a678:	79c02320 	ldrsh	w0, [x25, #16]
    a67c:	aa1903f5 	mov	x21, x25
    a680:	321a0000 	orr	w0, w0, #0x40
    a684:	79002320 	strh	w0, [x25, #16]
    a688:	17fffbba 	b	9570 <_vfiprintf_r+0x6a0>
    a68c:	b940c3e0 	ldr	w0, [sp, #192]
    a690:	11002001 	add	w1, w0, #0x8
    a694:	7100003f 	cmp	w1, #0x0
    a698:	54000ced 	b.le	a834 <_vfiprintf_r+0x1964>
    a69c:	aa1703e0 	mov	x0, x23
    a6a0:	91002ee2 	add	x2, x23, #0xb
    a6a4:	927df057 	and	x23, x2, #0xfffffffffffffff8
    a6a8:	b900c3e1 	str	w1, [sp, #192]
    a6ac:	b9400001 	ldr	w1, [x0]
    a6b0:	17fffd22 	b	9b38 <_vfiprintf_r+0xc68>
    a6b4:	b940c3e1 	ldr	w1, [sp, #192]
    a6b8:	11002022 	add	w2, w1, #0x8
    a6bc:	7100005f 	cmp	w2, #0x0
    a6c0:	54000ded 	b.le	a87c <_vfiprintf_r+0x19ac>
    a6c4:	aa1703e1 	mov	x1, x23
    a6c8:	91002ee4 	add	x4, x23, #0xb
    a6cc:	927df097 	and	x23, x4, #0xfffffffffffffff8
    a6d0:	b900c3e2 	str	w2, [sp, #192]
    a6d4:	39400021 	ldrb	w1, [x1]
    a6d8:	17fffe05 	b	9eec <_vfiprintf_r+0x101c>
    a6dc:	b940c3e0 	ldr	w0, [sp, #192]
    a6e0:	11002001 	add	w1, w0, #0x8
    a6e4:	7100003f 	cmp	w1, #0x0
    a6e8:	54000d6d 	b.le	a894 <_vfiprintf_r+0x19c4>
    a6ec:	91002ee2 	add	x2, x23, #0xb
    a6f0:	aa1703e0 	mov	x0, x23
    a6f4:	927df057 	and	x23, x2, #0xfffffffffffffff8
    a6f8:	b900c3e1 	str	w1, [sp, #192]
    a6fc:	17fffecd 	b	a230 <_vfiprintf_r+0x1360>
    a700:	b940c3e0 	ldr	w0, [sp, #192]
    a704:	11002001 	add	w1, w0, #0x8
    a708:	7100003f 	cmp	w1, #0x0
    a70c:	540008ad 	b.le	a820 <_vfiprintf_r+0x1950>
    a710:	91002ee2 	add	x2, x23, #0xb
    a714:	aa1703e0 	mov	x0, x23
    a718:	927df057 	and	x23, x2, #0xfffffffffffffff8
    a71c:	b900c3e1 	str	w1, [sp, #192]
    a720:	17fffeb2 	b	a1e8 <_vfiprintf_r+0x1318>
    a724:	f9403fe2 	ldr	x2, [sp, #120]
    a728:	b940c3e0 	ldr	w0, [sp, #192]
    a72c:	b900c3e1 	str	w1, [sp, #192]
    a730:	8b20c040 	add	x0, x2, w0, sxtw
    a734:	17fffd89 	b	9d58 <_vfiprintf_r+0xe88>
    a738:	2a0303e4 	mov	w4, w3
    a73c:	2a0303f9 	mov	w25, w3
    a740:	17fffedc 	b	a2b0 <_vfiprintf_r+0x13e0>
    a744:	f9403fe2 	ldr	x2, [sp, #120]
    a748:	b940c3e0 	ldr	w0, [sp, #192]
    a74c:	b900c3e1 	str	w1, [sp, #192]
    a750:	8b20c040 	add	x0, x2, w0, sxtw
    a754:	17fffd77 	b	9d30 <_vfiprintf_r+0xe60>
    a758:	f9403fe4 	ldr	x4, [sp, #120]
    a75c:	b940c3e1 	ldr	w1, [sp, #192]
    a760:	b900c3e2 	str	w2, [sp, #192]
    a764:	8b21c081 	add	x1, x4, w1, sxtw
    a768:	79400021 	ldrh	w1, [x1]
    a76c:	17fffde0 	b	9eec <_vfiprintf_r+0x101c>
    a770:	f9403fe2 	ldr	x2, [sp, #120]
    a774:	b940c3e0 	ldr	w0, [sp, #192]
    a778:	b900c3e1 	str	w1, [sp, #192]
    a77c:	8b20c040 	add	x0, x2, w0, sxtw
    a780:	79400001 	ldrh	w1, [x0]
    a784:	17fffced 	b	9b38 <_vfiprintf_r+0xc68>
    a788:	b940c3e0 	ldr	w0, [sp, #192]
    a78c:	11002001 	add	w1, w0, #0x8
    a790:	7100003f 	cmp	w1, #0x0
    a794:	5400094d 	b.le	a8bc <_vfiprintf_r+0x19ec>
    a798:	91003ee2 	add	x2, x23, #0xf
    a79c:	aa1703e0 	mov	x0, x23
    a7a0:	927df057 	and	x23, x2, #0xfffffffffffffff8
    a7a4:	b900c3e1 	str	w1, [sp, #192]
    a7a8:	17ffffa7 	b	a644 <_vfiprintf_r+0x1774>
    a7ac:	b940c3e0 	ldr	w0, [sp, #192]
    a7b0:	11002001 	add	w1, w0, #0x8
    a7b4:	7100003f 	cmp	w1, #0x0
    a7b8:	5400020d 	b.le	a7f8 <_vfiprintf_r+0x1928>
    a7bc:	91003ee2 	add	x2, x23, #0xf
    a7c0:	aa1703e0 	mov	x0, x23
    a7c4:	927df057 	and	x23, x2, #0xfffffffffffffff8
    a7c8:	b900c3e1 	str	w1, [sp, #192]
    a7cc:	17fffd10 	b	9c0c <_vfiprintf_r+0xd3c>
    a7d0:	f9403fe2 	ldr	x2, [sp, #120]
    a7d4:	b940c3e0 	ldr	w0, [sp, #192]
    a7d8:	b900c3e1 	str	w1, [sp, #192]
    a7dc:	8b20c040 	add	x0, x2, w0, sxtw
    a7e0:	39400001 	ldrb	w1, [x0]
    a7e4:	17fffcd5 	b	9b38 <_vfiprintf_r+0xc68>
    a7e8:	79c022a0 	ldrsh	w0, [x21, #16]
    a7ec:	321a0000 	orr	w0, w0, #0x40
    a7f0:	790022a0 	strh	w0, [x21, #16]
    a7f4:	17fffb5f 	b	9570 <_vfiprintf_r+0x6a0>
    a7f8:	f9403fe2 	ldr	x2, [sp, #120]
    a7fc:	b940c3e0 	ldr	w0, [sp, #192]
    a800:	b900c3e1 	str	w1, [sp, #192]
    a804:	8b20c040 	add	x0, x2, w0, sxtw
    a808:	17fffd01 	b	9c0c <_vfiprintf_r+0xd3c>
    a80c:	f9403fe2 	ldr	x2, [sp, #120]
    a810:	b940c3e0 	ldr	w0, [sp, #192]
    a814:	b900c3e1 	str	w1, [sp, #192]
    a818:	8b20c040 	add	x0, x2, w0, sxtw
    a81c:	17fffed0 	b	a35c <_vfiprintf_r+0x148c>
    a820:	f9403fe2 	ldr	x2, [sp, #120]
    a824:	b940c3e0 	ldr	w0, [sp, #192]
    a828:	b900c3e1 	str	w1, [sp, #192]
    a82c:	8b20c040 	add	x0, x2, w0, sxtw
    a830:	17fffe6e 	b	a1e8 <_vfiprintf_r+0x1318>
    a834:	f9403fe2 	ldr	x2, [sp, #120]
    a838:	b940c3e0 	ldr	w0, [sp, #192]
    a83c:	b900c3e1 	str	w1, [sp, #192]
    a840:	8b20c040 	add	x0, x2, w0, sxtw
    a844:	b9400001 	ldr	w1, [x0]
    a848:	17fffcbc 	b	9b38 <_vfiprintf_r+0xc68>
    a84c:	b940c3e0 	ldr	w0, [sp, #192]
    a850:	37f80560 	tbnz	w0, #31, a8fc <_vfiprintf_r+0x1a2c>
    a854:	91002ee1 	add	x1, x23, #0xb
    a858:	927df021 	and	x1, x1, #0xfffffffffffffff8
    a85c:	b94002e3 	ldr	w3, [x23]
    a860:	aa0103f7 	mov	x23, x1
    a864:	b900c3e0 	str	w0, [sp, #192]
    a868:	7100007f 	cmp	w3, #0x0
    a86c:	39400760 	ldrb	w0, [x27, #1]
    a870:	5a9fa07a 	csinv	w26, w3, wzr, ge	// ge = tcont
    a874:	aa0203fb 	mov	x27, x2
    a878:	17fffa1f 	b	90f4 <_vfiprintf_r+0x224>
    a87c:	f9403fe4 	ldr	x4, [sp, #120]
    a880:	b940c3e1 	ldr	w1, [sp, #192]
    a884:	b900c3e2 	str	w2, [sp, #192]
    a888:	8b21c081 	add	x1, x4, w1, sxtw
    a88c:	39400021 	ldrb	w1, [x1]
    a890:	17fffd97 	b	9eec <_vfiprintf_r+0x101c>
    a894:	f9403fe2 	ldr	x2, [sp, #120]
    a898:	b940c3e0 	ldr	w0, [sp, #192]
    a89c:	b900c3e1 	str	w1, [sp, #192]
    a8a0:	8b20c040 	add	x0, x2, w0, sxtw
    a8a4:	17fffe63 	b	a230 <_vfiprintf_r+0x1360>
    a8a8:	f9403fe2 	ldr	x2, [sp, #120]
    a8ac:	b940c3e0 	ldr	w0, [sp, #192]
    a8b0:	b900c3e1 	str	w1, [sp, #192]
    a8b4:	8b20c040 	add	x0, x2, w0, sxtw
    a8b8:	17fffeb6 	b	a390 <_vfiprintf_r+0x14c0>
    a8bc:	f9403fe2 	ldr	x2, [sp, #120]
    a8c0:	b940c3e0 	ldr	w0, [sp, #192]
    a8c4:	b900c3e1 	str	w1, [sp, #192]
    a8c8:	8b20c040 	add	x0, x2, w0, sxtw
    a8cc:	17ffff5e 	b	a644 <_vfiprintf_r+0x1774>
    a8d0:	f9403fe4 	ldr	x4, [sp, #120]
    a8d4:	b940c3e1 	ldr	w1, [sp, #192]
    a8d8:	b900c3e2 	str	w2, [sp, #192]
    a8dc:	8b21c081 	add	x1, x4, w1, sxtw
    a8e0:	b9400021 	ldr	w1, [x1]
    a8e4:	17fffd82 	b	9eec <_vfiprintf_r+0x101c>
    a8e8:	f9403fe2 	ldr	x2, [sp, #120]
    a8ec:	b940c3e0 	ldr	w0, [sp, #192]
    a8f0:	b900c3e1 	str	w1, [sp, #192]
    a8f4:	8b20c040 	add	x0, x2, w0, sxtw
    a8f8:	17fffe8b 	b	a324 <_vfiprintf_r+0x1454>
    a8fc:	b940c3e0 	ldr	w0, [sp, #192]
    a900:	11002000 	add	w0, w0, #0x8
    a904:	7100001f 	cmp	w0, #0x0
    a908:	54fffa6c 	b.gt	a854 <_vfiprintf_r+0x1984>
    a90c:	f9403fe4 	ldr	x4, [sp, #120]
    a910:	aa1703e1 	mov	x1, x23
    a914:	b940c3e3 	ldr	w3, [sp, #192]
    a918:	8b23c097 	add	x23, x4, w3, sxtw
    a91c:	17ffffd0 	b	a85c <_vfiprintf_r+0x198c>
    a920:	794022a0 	ldrh	w0, [x21, #16]
    a924:	321a0000 	orr	w0, w0, #0x40
    a928:	790022a0 	strh	w0, [x21, #16]
    a92c:	17fffb0b 	b	9558 <_vfiprintf_r+0x688>

000000000000a930 <vfiprintf>:
    a930:	a9bd7bfd 	stp	x29, x30, [sp, #-48]!
    a934:	f0000024 	adrp	x4, 11000 <__malloc_av_+0x360>
    a938:	aa0003e3 	mov	x3, x0
    a93c:	910003fd 	mov	x29, sp
    a940:	ad400440 	ldp	q0, q1, [x2]
    a944:	aa0103e2 	mov	x2, x1
    a948:	f9425880 	ldr	x0, [x4, #1200]
    a94c:	aa0303e1 	mov	x1, x3
    a950:	910043e3 	add	x3, sp, #0x10
    a954:	ad0087e0 	stp	q0, q1, [sp, #16]
    a958:	97fff95e 	bl	8ed0 <_vfiprintf_r>
    a95c:	a8c37bfd 	ldp	x29, x30, [sp], #48
    a960:	d65f03c0 	ret
	...

000000000000a970 <__sbprintf>:
    a970:	d11443ff 	sub	sp, sp, #0x510
    a974:	a9007bfd 	stp	x29, x30, [sp]
    a978:	910003fd 	mov	x29, sp
    a97c:	a90153f3 	stp	x19, x20, [sp, #16]
    a980:	aa0103f3 	mov	x19, x1
    a984:	79402021 	ldrh	w1, [x1, #16]
    a988:	aa0303f4 	mov	x20, x3
    a98c:	910443e3 	add	x3, sp, #0x110
    a990:	f9401a66 	ldr	x6, [x19, #48]
    a994:	121e7821 	and	w1, w1, #0xfffffffd
    a998:	f9402265 	ldr	x5, [x19, #64]
    a99c:	a9025bf5 	stp	x21, x22, [sp, #32]
    a9a0:	79402667 	ldrh	w7, [x19, #18]
    a9a4:	b940b264 	ldr	w4, [x19, #176]
    a9a8:	aa0203f6 	mov	x22, x2
    a9ac:	52808002 	mov	w2, #0x400                 	// #1024
    a9b0:	aa0003f5 	mov	x21, x0
    a9b4:	9103e3e0 	add	x0, sp, #0xf8
    a9b8:	f9002fe3 	str	x3, [sp, #88]
    a9bc:	b90067e2 	str	w2, [sp, #100]
    a9c0:	7900d3e1 	strh	w1, [sp, #104]
    a9c4:	7900d7e7 	strh	w7, [sp, #106]
    a9c8:	f9003be3 	str	x3, [sp, #112]
    a9cc:	b9007be2 	str	w2, [sp, #120]
    a9d0:	b90083ff 	str	wzr, [sp, #128]
    a9d4:	f90047e6 	str	x6, [sp, #136]
    a9d8:	f9004fe5 	str	x5, [sp, #152]
    a9dc:	b9010be4 	str	w4, [sp, #264]
    a9e0:	97ffe5dc 	bl	4150 <__retarget_lock_init_recursive>
    a9e4:	ad400680 	ldp	q0, q1, [x20]
    a9e8:	aa1603e2 	mov	x2, x22
    a9ec:	9100c3e3 	add	x3, sp, #0x30
    a9f0:	910163e1 	add	x1, sp, #0x58
    a9f4:	aa1503e0 	mov	x0, x21
    a9f8:	ad0187e0 	stp	q0, q1, [sp, #48]
    a9fc:	97fff935 	bl	8ed0 <_vfiprintf_r>
    aa00:	2a0003f4 	mov	w20, w0
    aa04:	37f800c0 	tbnz	w0, #31, aa1c <__sbprintf+0xac>
    aa08:	910163e1 	add	x1, sp, #0x58
    aa0c:	aa1503e0 	mov	x0, x21
    aa10:	97ffeb24 	bl	56a0 <_fflush_r>
    aa14:	7100001f 	cmp	w0, #0x0
    aa18:	5a9f0294 	csinv	w20, w20, wzr, eq	// eq = none
    aa1c:	7940d3e0 	ldrh	w0, [sp, #104]
    aa20:	36300080 	tbz	w0, #6, aa30 <__sbprintf+0xc0>
    aa24:	79402260 	ldrh	w0, [x19, #16]
    aa28:	321a0000 	orr	w0, w0, #0x40
    aa2c:	79002260 	strh	w0, [x19, #16]
    aa30:	f9407fe0 	ldr	x0, [sp, #248]
    aa34:	97ffe5cf 	bl	4170 <__retarget_lock_close_recursive>
    aa38:	a9407bfd 	ldp	x29, x30, [sp]
    aa3c:	2a1403e0 	mov	w0, w20
    aa40:	a94153f3 	ldp	x19, x20, [sp, #16]
    aa44:	a9425bf5 	ldp	x21, x22, [sp, #32]
    aa48:	911443ff 	add	sp, sp, #0x510
    aa4c:	d65f03c0 	ret

000000000000aa50 <abort>:
    aa50:	a9bf7bfd 	stp	x29, x30, [sp, #-16]!
    aa54:	528000c0 	mov	w0, #0x6                   	// #6
    aa58:	910003fd 	mov	x29, sp
    aa5c:	94000a29 	bl	d300 <raise>
    aa60:	52800020 	mov	w0, #0x1                   	// #1
    aa64:	97ffd7f7 	bl	a40 <_exit>
	...

000000000000aa70 <_wcrtomb_r>:
    aa70:	a9bd7bfd 	stp	x29, x30, [sp, #-48]!
    aa74:	9104f004 	add	x4, x0, #0x13c
    aa78:	910003fd 	mov	x29, sp
    aa7c:	a90153f3 	stp	x19, x20, [sp, #16]
    aa80:	aa0303f3 	mov	x19, x3
    aa84:	f100027f 	cmp	x19, #0x0
    aa88:	f0000023 	adrp	x3, 11000 <__malloc_av_+0x360>
    aa8c:	9a930093 	csel	x19, x4, x19, eq	// eq = none
    aa90:	aa0003f4 	mov	x20, x0
    aa94:	f9440064 	ldr	x4, [x3, #2048]
    aa98:	aa1303e3 	mov	x3, x19
    aa9c:	b4000121 	cbz	x1, aac0 <_wcrtomb_r+0x50>
    aaa0:	d63f0080 	blr	x4
    aaa4:	2a0003e1 	mov	w1, w0
    aaa8:	93407c20 	sxtw	x0, w1
    aaac:	3100043f 	cmn	w1, #0x1
    aab0:	54000160 	b.eq	aadc <_wcrtomb_r+0x6c>  // b.none
    aab4:	a94153f3 	ldp	x19, x20, [sp, #16]
    aab8:	a8c37bfd 	ldp	x29, x30, [sp], #48
    aabc:	d65f03c0 	ret
    aac0:	910083e1 	add	x1, sp, #0x20
    aac4:	52800002 	mov	w2, #0x0                   	// #0
    aac8:	d63f0080 	blr	x4
    aacc:	2a0003e1 	mov	w1, w0
    aad0:	93407c20 	sxtw	x0, w1
    aad4:	3100043f 	cmn	w1, #0x1
    aad8:	54fffee1 	b.ne	aab4 <_wcrtomb_r+0x44>  // b.any
    aadc:	b900027f 	str	wzr, [x19]
    aae0:	52801141 	mov	w1, #0x8a                  	// #138
    aae4:	b9000281 	str	w1, [x20]
    aae8:	92800000 	mov	x0, #0xffffffffffffffff    	// #-1
    aaec:	a94153f3 	ldp	x19, x20, [sp, #16]
    aaf0:	a8c37bfd 	ldp	x29, x30, [sp], #48
    aaf4:	d65f03c0 	ret
	...

000000000000ab00 <wcrtomb>:
    ab00:	a9bd7bfd 	stp	x29, x30, [sp, #-48]!
    ab04:	f0000024 	adrp	x4, 11000 <__malloc_av_+0x360>
    ab08:	f0000023 	adrp	x3, 11000 <__malloc_av_+0x360>
    ab0c:	910003fd 	mov	x29, sp
    ab10:	a90153f3 	stp	x19, x20, [sp, #16]
    ab14:	f100005f 	cmp	x2, #0x0
    ab18:	f9425894 	ldr	x20, [x4, #1200]
    ab1c:	9104f284 	add	x4, x20, #0x13c
    ab20:	9a820093 	csel	x19, x4, x2, eq	// eq = none
    ab24:	f9440064 	ldr	x4, [x3, #2048]
    ab28:	b40001a0 	cbz	x0, ab5c <wcrtomb+0x5c>
    ab2c:	2a0103e2 	mov	w2, w1
    ab30:	aa0003e1 	mov	x1, x0
    ab34:	aa1303e3 	mov	x3, x19
    ab38:	aa1403e0 	mov	x0, x20
    ab3c:	d63f0080 	blr	x4
    ab40:	2a0003e1 	mov	w1, w0
    ab44:	93407c20 	sxtw	x0, w1
    ab48:	3100043f 	cmn	w1, #0x1
    ab4c:	540001a0 	b.eq	ab80 <wcrtomb+0x80>  // b.none
    ab50:	a94153f3 	ldp	x19, x20, [sp, #16]
    ab54:	a8c37bfd 	ldp	x29, x30, [sp], #48
    ab58:	d65f03c0 	ret
    ab5c:	910083e1 	add	x1, sp, #0x20
    ab60:	aa1303e3 	mov	x3, x19
    ab64:	aa1403e0 	mov	x0, x20
    ab68:	52800002 	mov	w2, #0x0                   	// #0
    ab6c:	d63f0080 	blr	x4
    ab70:	2a0003e1 	mov	w1, w0
    ab74:	93407c20 	sxtw	x0, w1
    ab78:	3100043f 	cmn	w1, #0x1
    ab7c:	54fffea1 	b.ne	ab50 <wcrtomb+0x50>  // b.any
    ab80:	b900027f 	str	wzr, [x19]
    ab84:	52801141 	mov	w1, #0x8a                  	// #138
    ab88:	b9000281 	str	w1, [x20]
    ab8c:	92800000 	mov	x0, #0xffffffffffffffff    	// #-1
    ab90:	a94153f3 	ldp	x19, x20, [sp, #16]
    ab94:	a8c37bfd 	ldp	x29, x30, [sp], #48
    ab98:	d65f03c0 	ret
    ab9c:	00000000 	udf	#0

000000000000aba0 <_wcsrtombs_r>:
    aba0:	aa0403e5 	mov	x5, x4
    aba4:	aa0303e4 	mov	x4, x3
    aba8:	92800003 	mov	x3, #0xffffffffffffffff    	// #-1
    abac:	14001301 	b	f7b0 <_wcsnrtombs_r>

000000000000abb0 <wcsrtombs>:
    abb0:	f0000026 	adrp	x6, 11000 <__malloc_av_+0x360>
    abb4:	aa0003e4 	mov	x4, x0
    abb8:	aa0103e5 	mov	x5, x1
    abbc:	aa0403e1 	mov	x1, x4
    abc0:	f94258c0 	ldr	x0, [x6, #1200]
    abc4:	aa0203e4 	mov	x4, x2
    abc8:	aa0503e2 	mov	x2, x5
    abcc:	aa0303e5 	mov	x5, x3
    abd0:	92800003 	mov	x3, #0xffffffffffffffff    	// #-1
    abd4:	140012f7 	b	f7b0 <_wcsnrtombs_r>
	...

000000000000abe0 <quorem>:
    abe0:	a9bc7bfd 	stp	x29, x30, [sp, #-64]!
    abe4:	910003fd 	mov	x29, sp
    abe8:	a90153f3 	stp	x19, x20, [sp, #16]
    abec:	b9401434 	ldr	w20, [x1, #20]
    abf0:	a90363f7 	stp	x23, x24, [sp, #48]
    abf4:	aa0003f8 	mov	x24, x0
    abf8:	b9401400 	ldr	w0, [x0, #20]
    abfc:	6b14001f 	cmp	w0, w20
    ac00:	54000b8b 	b.lt	ad70 <quorem+0x190>  // b.tstop
    ac04:	51000694 	sub	w20, w20, #0x1
    ac08:	91006033 	add	x19, x1, #0x18
    ac0c:	91006317 	add	x23, x24, #0x18
    ac10:	a9025bf5 	stp	x21, x22, [sp, #32]
    ac14:	93407e8a 	sxtw	x10, w20
    ac18:	937e7e80 	sbfiz	x0, x20, #2, #32
    ac1c:	8b000276 	add	x22, x19, x0
    ac20:	8b0002eb 	add	x11, x23, x0
    ac24:	b86a7a62 	ldr	w2, [x19, x10, lsl #2]
    ac28:	b86a7ae3 	ldr	w3, [x23, x10, lsl #2]
    ac2c:	11000442 	add	w2, w2, #0x1
    ac30:	1ac20875 	udiv	w21, w3, w2
    ac34:	6b02007f 	cmp	w3, w2
    ac38:	540004c3 	b.cc	acd0 <quorem+0xf0>  // b.lo, b.ul, b.last
    ac3c:	aa1303e7 	mov	x7, x19
    ac40:	aa1703e6 	mov	x6, x23
    ac44:	52800009 	mov	w9, #0x0                   	// #0
    ac48:	52800008 	mov	w8, #0x0                   	// #0
    ac4c:	d503201f 	nop
    ac50:	b84044e3 	ldr	w3, [x7], #4
    ac54:	b94000c4 	ldr	w4, [x6]
    ac58:	12003c65 	and	w5, w3, #0xffff
    ac5c:	53107c63 	lsr	w3, w3, #16
    ac60:	12003c82 	and	w2, w4, #0xffff
    ac64:	1b1524a5 	madd	w5, w5, w21, w9
    ac68:	53107ca9 	lsr	w9, w5, #16
    ac6c:	4b252042 	sub	w2, w2, w5, uxth
    ac70:	0b080042 	add	w2, w2, w8
    ac74:	1b152463 	madd	w3, w3, w21, w9
    ac78:	13107c40 	asr	w0, w2, #16
    ac7c:	4b232000 	sub	w0, w0, w3, uxth
    ac80:	53107c69 	lsr	w9, w3, #16
    ac84:	0b444003 	add	w3, w0, w4, lsr #16
    ac88:	33103c62 	bfi	w2, w3, #16, #16
    ac8c:	b80044c2 	str	w2, [x6], #4
    ac90:	13107c68 	asr	w8, w3, #16
    ac94:	eb0702df 	cmp	x22, x7
    ac98:	54fffdc2 	b.cs	ac50 <quorem+0x70>  // b.hs, b.nlast
    ac9c:	b86a7ae0 	ldr	w0, [x23, x10, lsl #2]
    aca0:	35000180 	cbnz	w0, acd0 <quorem+0xf0>
    aca4:	d1001160 	sub	x0, x11, #0x4
    aca8:	eb0002ff 	cmp	x23, x0
    acac:	540000a3 	b.cc	acc0 <quorem+0xe0>  // b.lo, b.ul, b.last
    acb0:	14000007 	b	accc <quorem+0xec>
    acb4:	51000694 	sub	w20, w20, #0x1
    acb8:	eb0002ff 	cmp	x23, x0
    acbc:	54000082 	b.cs	accc <quorem+0xec>  // b.hs, b.nlast
    acc0:	b9400002 	ldr	w2, [x0]
    acc4:	d1001000 	sub	x0, x0, #0x4
    acc8:	34ffff62 	cbz	w2, acb4 <quorem+0xd4>
    accc:	b9001714 	str	w20, [x24, #20]
    acd0:	aa1803e0 	mov	x0, x24
    acd4:	9400105f 	bl	ee50 <__mcmp>
    acd8:	37f80400 	tbnz	w0, #31, ad58 <quorem+0x178>
    acdc:	aa1703e0 	mov	x0, x23
    ace0:	52800004 	mov	w4, #0x0                   	// #0
    ace4:	d503201f 	nop
    ace8:	b8404663 	ldr	w3, [x19], #4
    acec:	b9400002 	ldr	w2, [x0]
    acf0:	12003c41 	and	w1, w2, #0xffff
    acf4:	4b232021 	sub	w1, w1, w3, uxth
    acf8:	0b040021 	add	w1, w1, w4
    acfc:	13107c24 	asr	w4, w1, #16
    ad00:	4b434083 	sub	w3, w4, w3, lsr #16
    ad04:	0b424062 	add	w2, w3, w2, lsr #16
    ad08:	33103c41 	bfi	w1, w2, #16, #16
    ad0c:	b8004401 	str	w1, [x0], #4
    ad10:	13107c44 	asr	w4, w2, #16
    ad14:	eb1302df 	cmp	x22, x19
    ad18:	54fffe82 	b.cs	ace8 <quorem+0x108>  // b.hs, b.nlast
    ad1c:	b874dae1 	ldr	w1, [x23, w20, sxtw #2]
    ad20:	8b34cae0 	add	x0, x23, w20, sxtw #2
    ad24:	35000181 	cbnz	w1, ad54 <quorem+0x174>
    ad28:	d1001000 	sub	x0, x0, #0x4
    ad2c:	eb17001f 	cmp	x0, x23
    ad30:	540000a8 	b.hi	ad44 <quorem+0x164>  // b.pmore
    ad34:	14000007 	b	ad50 <quorem+0x170>
    ad38:	51000694 	sub	w20, w20, #0x1
    ad3c:	eb0002ff 	cmp	x23, x0
    ad40:	54000082 	b.cs	ad50 <quorem+0x170>  // b.hs, b.nlast
    ad44:	b9400001 	ldr	w1, [x0]
    ad48:	d1001000 	sub	x0, x0, #0x4
    ad4c:	34ffff61 	cbz	w1, ad38 <quorem+0x158>
    ad50:	b9001714 	str	w20, [x24, #20]
    ad54:	110006b5 	add	w21, w21, #0x1
    ad58:	a94153f3 	ldp	x19, x20, [sp, #16]
    ad5c:	2a1503e0 	mov	w0, w21
    ad60:	a9425bf5 	ldp	x21, x22, [sp, #32]
    ad64:	a94363f7 	ldp	x23, x24, [sp, #48]
    ad68:	a8c47bfd 	ldp	x29, x30, [sp], #64
    ad6c:	d65f03c0 	ret
    ad70:	a94153f3 	ldp	x19, x20, [sp, #16]
    ad74:	52800000 	mov	w0, #0x0                   	// #0
    ad78:	a94363f7 	ldp	x23, x24, [sp, #48]
    ad7c:	a8c47bfd 	ldp	x29, x30, [sp], #64
    ad80:	d65f03c0 	ret
	...

000000000000ad90 <_dtoa_r>:
    ad90:	a9b47bfd 	stp	x29, x30, [sp, #-192]!
    ad94:	910003fd 	mov	x29, sp
    ad98:	f9402806 	ldr	x6, [x0, #80]
    ad9c:	a90153f3 	stp	x19, x20, [sp, #16]
    ada0:	aa0003f3 	mov	x19, x0
    ada4:	a9025bf5 	stp	x21, x22, [sp, #32]
    ada8:	aa0403f4 	mov	x20, x4
    adac:	a90363f7 	stp	x23, x24, [sp, #48]
    adb0:	2a0103f7 	mov	w23, w1
    adb4:	aa0503f8 	mov	x24, x5
    adb8:	a9046bf9 	stp	x25, x26, [sp, #64]
    adbc:	2a0203fa 	mov	w26, w2
    adc0:	a90573fb 	stp	x27, x28, [sp, #80]
    adc4:	9e66001c 	fmov	x28, d0
    adc8:	f90043e3 	str	x3, [sp, #128]
    adcc:	6d0627e8 	stp	d8, d9, [sp, #96]
    add0:	1e604008 	fmov	d8, d0
    add4:	b4000106 	cbz	x6, adf4 <_dtoa_r+0x64>
    add8:	b9405803 	ldr	w3, [x0, #88]
    addc:	52800022 	mov	w2, #0x1                   	// #1
    ade0:	aa0603e1 	mov	x1, x6
    ade4:	1ac32042 	lsl	w2, w2, w3
    ade8:	290108c3 	stp	w3, w2, [x6, #8]
    adec:	94000de9 	bl	e590 <_Bfree>
    adf0:	f9002a7f 	str	xzr, [x19, #80]
    adf4:	9e660100 	fmov	x0, d8
    adf8:	1e604109 	fmov	d9, d8
    adfc:	52800001 	mov	w1, #0x0                   	// #0
    ae00:	d360fc00 	lsr	x0, x0, #32
    ae04:	2a0003f5 	mov	w21, w0
    ae08:	36f800a0 	tbz	w0, #31, ae1c <_dtoa_r+0x8c>
    ae0c:	12007815 	and	w21, w0, #0x7fffffff
    ae10:	52800021 	mov	w1, #0x1                   	// #1
    ae14:	b3607ebc 	bfi	x28, x21, #32, #32
    ae18:	9e670389 	fmov	d9, x28
    ae1c:	120c2aa2 	and	w2, w21, #0x7ff00000
    ae20:	b9000281 	str	w1, [x20]
    ae24:	52affe00 	mov	w0, #0x7ff00000            	// #2146435072
    ae28:	6b00005f 	cmp	w2, w0
    ae2c:	54000e80 	b.eq	affc <_dtoa_r+0x26c>  // b.none
    ae30:	1e602128 	fcmp	d9, #0.0
    ae34:	54000261 	b.ne	ae80 <_dtoa_r+0xf0>  // b.any
    ae38:	f94043e1 	ldr	x1, [sp, #128]
    ae3c:	52800020 	mov	w0, #0x1                   	// #1
    ae40:	b9000020 	str	w0, [x1]
    ae44:	b4000098 	cbz	x24, ae54 <_dtoa_r+0xc4>
    ae48:	d0000020 	adrp	x0, 10000 <__sfp_handle_exceptions+0x300>
    ae4c:	91058400 	add	x0, x0, #0x161
    ae50:	f9000300 	str	x0, [x24]
    ae54:	d0000037 	adrp	x23, 10000 <__sfp_handle_exceptions+0x300>
    ae58:	910582f7 	add	x23, x23, #0x160
    ae5c:	a94153f3 	ldp	x19, x20, [sp, #16]
    ae60:	aa1703e0 	mov	x0, x23
    ae64:	a9425bf5 	ldp	x21, x22, [sp, #32]
    ae68:	a94363f7 	ldp	x23, x24, [sp, #48]
    ae6c:	a9446bf9 	ldp	x25, x26, [sp, #64]
    ae70:	a94573fb 	ldp	x27, x28, [sp, #80]
    ae74:	6d4627e8 	ldp	d8, d9, [sp, #96]
    ae78:	a8cc7bfd 	ldp	x29, x30, [sp], #192
    ae7c:	d65f03c0 	ret
    ae80:	1e604120 	fmov	d0, d9
    ae84:	9102e3e2 	add	x2, sp, #0xb8
    ae88:	9102f3e1 	add	x1, sp, #0xbc
    ae8c:	aa1303e0 	mov	x0, x19
    ae90:	940010f4 	bl	f260 <__d2b>
    ae94:	aa0003f4 	mov	x20, x0
    ae98:	53147ea0 	lsr	w0, w21, #20
    ae9c:	35000ca0 	cbnz	w0, b030 <_dtoa_r+0x2a0>
    aea0:	295707e3 	ldp	w3, w1, [sp, #184]
    aea4:	9e660100 	fmov	x0, d8
    aea8:	0b010061 	add	w1, w3, w1
    aeac:	1110c822 	add	w2, w1, #0x432
    aeb0:	7100805f 	cmp	w2, #0x20
    aeb4:	54002ead 	b.le	b488 <_dtoa_r+0x6f8>
    aeb8:	11104825 	add	w5, w1, #0x412
    aebc:	52800804 	mov	w4, #0x40                  	// #64
    aec0:	4b020082 	sub	w2, w4, w2
    aec4:	1ac52400 	lsr	w0, w0, w5
    aec8:	1ac222b5 	lsl	w21, w21, w2
    aecc:	2a0002a0 	orr	w0, w21, w0
    aed0:	1e630000 	ucvtf	d0, w0
    aed4:	51000420 	sub	w0, w1, #0x1
    aed8:	52800021 	mov	w1, #0x1                   	// #1
    aedc:	b900a7e1 	str	w1, [sp, #164]
    aee0:	52bfc204 	mov	w4, #0xfe100000            	// #-32505856
    aee4:	9e660002 	fmov	x2, d0
    aee8:	d360fc41 	lsr	x1, x2, #32
    aeec:	0b040021 	add	w1, w1, w4
    aef0:	b3607c22 	bfi	x2, x1, #32, #32
    aef4:	9e670042 	fmov	d2, x2
    aef8:	1e6f1001 	fmov	d1, #1.500000000000000000e+00
    aefc:	d0000021 	adrp	x1, 10000 <__sfp_handle_exceptions+0x300>
    af00:	1e620003 	scvtf	d3, w0
    af04:	1e613841 	fsub	d1, d2, d1
    af08:	fd430024 	ldr	d4, [x1, #1536]
    af0c:	d0000021 	adrp	x1, 10000 <__sfp_handle_exceptions+0x300>
    af10:	fd430420 	ldr	d0, [x1, #1544]
    af14:	d0000021 	adrp	x1, 10000 <__sfp_handle_exceptions+0x300>
    af18:	1f440020 	fmadd	d0, d1, d4, d0
    af1c:	fd430822 	ldr	d2, [x1, #1552]
    af20:	1f420060 	fmadd	d0, d3, d2, d0
    af24:	1e602018 	fcmpe	d0, #0.0
    af28:	1e780005 	fcvtzs	w5, d0
    af2c:	54002a44 	b.mi	b474 <_dtoa_r+0x6e4>  // b.first
    af30:	4b000060 	sub	w0, w3, w0
    af34:	51000406 	sub	w6, w0, #0x1
    af38:	710058bf 	cmp	w5, #0x16
    af3c:	54002808 	b.hi	b43c <_dtoa_r+0x6ac>  // b.pmore
    af40:	d0000021 	adrp	x1, 10000 <__sfp_handle_exceptions+0x300>
    af44:	91268021 	add	x1, x1, #0x9a0
    af48:	fc65d820 	ldr	d0, [x1, w5, sxtw #3]
    af4c:	1e692010 	fcmpe	d0, d9
    af50:	54002d2c 	b.gt	b4f4 <_dtoa_r+0x764>
    af54:	b900a3ff 	str	wzr, [sp, #160]
    af58:	52800007 	mov	w7, #0x0                   	// #0
    af5c:	7100001f 	cmp	w0, #0x0
    af60:	5400008c 	b.gt	af70 <_dtoa_r+0x1e0>
    af64:	52800027 	mov	w7, #0x1                   	// #1
    af68:	4b0000e7 	sub	w7, w7, w0
    af6c:	52800006 	mov	w6, #0x0                   	// #0
    af70:	0b0500c6 	add	w6, w6, w5
    af74:	5280001b 	mov	w27, #0x0                   	// #0
    af78:	b9008be5 	str	w5, [sp, #136]
    af7c:	710026ff 	cmp	w23, #0x9
    af80:	54000768 	b.hi	b06c <_dtoa_r+0x2dc>  // b.pmore
    af84:	710016ff 	cmp	w23, #0x5
    af88:	5400286d 	b.le	b494 <_dtoa_r+0x704>
    af8c:	510012f7 	sub	w23, w23, #0x4
    af90:	52800019 	mov	w25, #0x0                   	// #0
    af94:	71000eff 	cmp	w23, #0x3
    af98:	54005960 	b.eq	bac4 <_dtoa_r+0xd34>  // b.none
    af9c:	54002f2d 	b.le	b580 <_dtoa_r+0x7f0>
    afa0:	710012ff 	cmp	w23, #0x4
    afa4:	54002da1 	b.ne	b558 <_dtoa_r+0x7c8>  // b.any
    afa8:	52800020 	mov	w0, #0x1                   	// #1
    afac:	b9007be0 	str	w0, [sp, #120]
    afb0:	7100035f 	cmp	w26, #0x0
    afb4:	5400536d 	b.le	ba20 <_dtoa_r+0xc90>
    afb8:	2a1a03f5 	mov	w21, w26
    afbc:	2a1a03e0 	mov	w0, w26
    afc0:	b900abfa 	str	w26, [sp, #168]
    afc4:	93407c04 	sxtw	x4, w0
    afc8:	71007c1f 	cmp	w0, #0x1f
    afcc:	540005cd 	b.le	b084 <_dtoa_r+0x2f4>
    afd0:	52800023 	mov	w3, #0x1                   	// #1
    afd4:	52800082 	mov	w2, #0x4                   	// #4
    afd8:	531f7842 	lsl	w2, w2, #1
    afdc:	2a0303e1 	mov	w1, w3
    afe0:	11000463 	add	w3, w3, #0x1
    afe4:	93407c40 	sxtw	x0, w2
    afe8:	91007000 	add	x0, x0, #0x1c
    afec:	eb04001f 	cmp	x0, x4
    aff0:	54ffff49 	b.ls	afd8 <_dtoa_r+0x248>  // b.plast
    aff4:	b9005a61 	str	w1, [x19, #88]
    aff8:	14000026 	b	b090 <_dtoa_r+0x300>
    affc:	f94043e1 	ldr	x1, [sp, #128]
    b000:	5284e1e0 	mov	w0, #0x270f                	// #9999
    b004:	b9000020 	str	w0, [x1]
    b008:	9e660120 	fmov	x0, d9
    b00c:	f240cc1f 	tst	x0, #0xfffffffffffff
    b010:	54000201 	b.ne	b050 <_dtoa_r+0x2c0>  // b.any
    b014:	b0000037 	adrp	x23, 10000 <__sfp_handle_exceptions+0x300>
    b018:	b4006218 	cbz	x24, bc58 <_dtoa_r+0xec8>
    b01c:	b0000020 	adrp	x0, 10000 <__sfp_handle_exceptions+0x300>
    b020:	9105a2f7 	add	x23, x23, #0x168
    b024:	9105c000 	add	x0, x0, #0x170
    b028:	f9000300 	str	x0, [x24]
    b02c:	17ffff8c 	b	ae5c <_dtoa_r+0xcc>
    b030:	9e660122 	fmov	x2, d9
    b034:	b940bbe3 	ldr	w3, [sp, #184]
    b038:	510ffc00 	sub	w0, w0, #0x3ff
    b03c:	b900a7ff 	str	wzr, [sp, #164]
    b040:	d360cc41 	ubfx	x1, x2, #32, #20
    b044:	320c2421 	orr	w1, w1, #0x3ff00000
    b048:	b3607c22 	bfi	x2, x1, #32, #32
    b04c:	17ffffaa 	b	aef4 <_dtoa_r+0x164>
    b050:	b0000037 	adrp	x23, 10000 <__sfp_handle_exceptions+0x300>
    b054:	b4005ff8 	cbz	x24, bc50 <_dtoa_r+0xec0>
    b058:	b0000020 	adrp	x0, 10000 <__sfp_handle_exceptions+0x300>
    b05c:	9105e2f7 	add	x23, x23, #0x178
    b060:	9105ec00 	add	x0, x0, #0x17b
    b064:	f9000300 	str	x0, [x24]
    b068:	17ffff7d 	b	ae5c <_dtoa_r+0xcc>
    b06c:	52800039 	mov	w25, #0x1                   	// #1
    b070:	52800017 	mov	w23, #0x0                   	// #0
    b074:	12800015 	mov	w21, #0xffffffff            	// #-1
    b078:	5280001a 	mov	w26, #0x0                   	// #0
    b07c:	b9007bf9 	str	w25, [sp, #120]
    b080:	b900abf5 	str	w21, [sp, #168]
    b084:	52800001 	mov	w1, #0x0                   	// #0
    b088:	b9005a7f 	str	wzr, [x19, #88]
    b08c:	d503201f 	nop
    b090:	aa1303e0 	mov	x0, x19
    b094:	29119be7 	stp	w7, w6, [sp, #140]
    b098:	b9009be5 	str	w5, [sp, #152]
    b09c:	94000d19 	bl	e500 <_Balloc>
    b0a0:	29519be7 	ldp	w7, w6, [sp, #140]
    b0a4:	aa0003f6 	mov	x22, x0
    b0a8:	b9409be5 	ldr	w5, [sp, #152]
    b0ac:	b40072c0 	cbz	x0, bf04 <_dtoa_r+0x1174>
    b0b0:	71003abf 	cmp	w21, #0xe
    b0b4:	f9002a76 	str	x22, [x19, #80]
    b0b8:	1a9f87e0 	cset	w0, ls	// ls = plast
    b0bc:	2a1503e3 	mov	w3, w21
    b0c0:	0a190004 	and	w4, w0, w25
    b0c4:	6a19001f 	tst	w0, w25
    b0c8:	54000ae0 	b.eq	b224 <_dtoa_r+0x494>  // b.none
    b0cc:	b9408be0 	ldr	w0, [sp, #136]
    b0d0:	7100001f 	cmp	w0, #0x0
    b0d4:	5400446d 	b.le	b960 <_dtoa_r+0xbd0>
    b0d8:	2a0003e4 	mov	w4, w0
    b0dc:	b0000021 	adrp	x1, 10000 <__sfp_handle_exceptions+0x300>
    b0e0:	aa0403e0 	mov	x0, x4
    b0e4:	91268021 	add	x1, x1, #0x9a0
    b0e8:	92400c02 	and	x2, x0, #0xf
    b0ec:	13047c80 	asr	w0, w4, #4
    b0f0:	fc627820 	ldr	d0, [x1, x2, lsl #3]
    b0f4:	aa0403e1 	mov	x1, x4
    b0f8:	36404e01 	tbz	w1, #8, bab8 <_dtoa_r+0xd28>
    b0fc:	b0000021 	adrp	x1, 10000 <__sfp_handle_exceptions+0x300>
    b100:	12000c00 	and	w0, w0, #0xf
    b104:	52800062 	mov	w2, #0x3                   	// #3
    b108:	fd44c821 	ldr	d1, [x1, #2448]
    b10c:	1e611921 	fdiv	d1, d9, d1
    b110:	34000160 	cbz	w0, b13c <_dtoa_r+0x3ac>
    b114:	b0000021 	adrp	x1, 10000 <__sfp_handle_exceptions+0x300>
    b118:	9125c021 	add	x1, x1, #0x970
    b11c:	d503201f 	nop
    b120:	36000080 	tbz	w0, #0, b130 <_dtoa_r+0x3a0>
    b124:	fd400022 	ldr	d2, [x1]
    b128:	11000442 	add	w2, w2, #0x1
    b12c:	1e620800 	fmul	d0, d0, d2
    b130:	13017c00 	asr	w0, w0, #1
    b134:	91002021 	add	x1, x1, #0x8
    b138:	35ffff40 	cbnz	w0, b120 <_dtoa_r+0x390>
    b13c:	1e601821 	fdiv	d1, d1, d0
    b140:	b940a3e0 	ldr	w0, [sp, #160]
    b144:	34000080 	cbz	w0, b154 <_dtoa_r+0x3c4>
    b148:	1e6e1000 	fmov	d0, #1.000000000000000000e+00
    b14c:	1e602030 	fcmpe	d1, d0
    b150:	540054c4 	b.mi	bbe8 <_dtoa_r+0xe58>  // b.first
    b154:	1e620042 	scvtf	d2, w2
    b158:	1e639000 	fmov	d0, #7.000000000000000000e+00
    b15c:	52bf9802 	mov	w2, #0xfcc00000            	// #-54525952
    b160:	1f410040 	fmadd	d0, d2, d1, d0
    b164:	9e660000 	fmov	x0, d0
    b168:	d360fc01 	lsr	x1, x0, #32
    b16c:	0b020021 	add	w1, w1, w2
    b170:	b3607c20 	bfi	x0, x1, #32, #32
    b174:	34003e15 	cbz	w21, b934 <_dtoa_r+0xba4>
    b178:	b9408bfc 	ldr	w28, [sp, #136]
    b17c:	2a1503e4 	mov	w4, w21
    b180:	1e780021 	fcvtzs	w1, d1
    b184:	9e670002 	fmov	d2, x0
    b188:	51000482 	sub	w2, w4, #0x1
    b18c:	b0000028 	adrp	x8, 10000 <__sfp_handle_exceptions+0x300>
    b190:	91268108 	add	x8, x8, #0x9a0
    b194:	910006c9 	add	x9, x22, #0x1
    b198:	1e620020 	scvtf	d0, w1
    b19c:	1100c020 	add	w0, w1, #0x30
    b1a0:	b9407be1 	ldr	w1, [sp, #120]
    b1a4:	12001c00 	and	w0, w0, #0xff
    b1a8:	fc62d903 	ldr	d3, [x8, w2, sxtw #3]
    b1ac:	1e603821 	fsub	d1, d1, d0
    b1b0:	340048e1 	cbz	w1, bacc <_dtoa_r+0xd3c>
    b1b4:	1e6c1000 	fmov	d0, #5.000000000000000000e-01
    b1b8:	390002c0 	strb	w0, [x22]
    b1bc:	1e631800 	fdiv	d0, d0, d3
    b1c0:	1e623800 	fsub	d0, d0, d2
    b1c4:	1e612010 	fcmpe	d0, d1
    b1c8:	5400684c 	b.gt	bed0 <_dtoa_r+0x1140>
    b1cc:	52800022 	mov	w2, #0x1                   	// #1
    b1d0:	aa0903e0 	mov	x0, x9
    b1d4:	4b090042 	sub	w2, w2, w9
    b1d8:	1e6e1004 	fmov	d4, #1.000000000000000000e+00
    b1dc:	1e649003 	fmov	d3, #1.000000000000000000e+01
    b1e0:	1400000a 	b	b208 <_dtoa_r+0x478>
    b1e4:	1e630821 	fmul	d1, d1, d3
    b1e8:	1e630800 	fmul	d0, d0, d3
    b1ec:	1e780021 	fcvtzs	w1, d1
    b1f0:	1e620022 	scvtf	d2, w1
    b1f4:	1100c021 	add	w1, w1, #0x30
    b1f8:	38001401 	strb	w1, [x0], #1
    b1fc:	1e623821 	fsub	d1, d1, d2
    b200:	1e602030 	fcmpe	d1, d0
    b204:	54005e24 	b.mi	bdc8 <_dtoa_r+0x1038>  // b.first
    b208:	1e613882 	fsub	d2, d4, d1
    b20c:	1e602050 	fcmpe	d2, d0
    b210:	540017c4 	b.mi	b508 <_dtoa_r+0x778>  // b.first
    b214:	0b000041 	add	w1, w2, w0
    b218:	6b04003f 	cmp	w1, w4
    b21c:	54fffe4b 	b.lt	b1e4 <_dtoa_r+0x454>  // b.tstop
    b220:	9e66013c 	fmov	x28, d9
    b224:	b940bfe0 	ldr	w0, [sp, #188]
    b228:	b9408be1 	ldr	w1, [sp, #136]
    b22c:	7100001f 	cmp	w0, #0x0
    b230:	7a4ea820 	ccmp	w1, #0xe, #0x0, ge	// ge = tcont
    b234:	54003d6d 	b.le	b9e0 <_dtoa_r+0xc50>
    b238:	b9407be1 	ldr	w1, [sp, #120]
    b23c:	34003c81 	cbz	w1, b9cc <_dtoa_r+0xc3c>
    b240:	710006ff 	cmp	w23, #0x1
    b244:	54004f6d 	b.le	bc30 <_dtoa_r+0xea0>
    b248:	510006a3 	sub	w3, w21, #0x1
    b24c:	6b03037f 	cmp	w27, w3
    b250:	5400520b 	b.lt	bc90 <_dtoa_r+0xf00>  // b.tstop
    b254:	4b1500e0 	sub	w0, w7, w21
    b258:	b9008fe0 	str	w0, [sp, #140]
    b25c:	4b030363 	sub	w3, w27, w3
    b260:	36f85e75 	tbz	w21, #31, be2c <_dtoa_r+0x109c>
    b264:	aa1303e0 	mov	x0, x19
    b268:	52800021 	mov	w1, #0x1                   	// #1
    b26c:	b90093e7 	str	w7, [sp, #144]
    b270:	b9009be6 	str	w6, [sp, #152]
    b274:	b900a7e5 	str	w5, [sp, #164]
    b278:	b900afe3 	str	w3, [sp, #172]
    b27c:	94000da5 	bl	e910 <__i2b>
    b280:	b94093e7 	ldr	w7, [sp, #144]
    b284:	aa0003f9 	mov	x25, x0
    b288:	b9409be6 	ldr	w6, [sp, #152]
    b28c:	b940a7e5 	ldr	w5, [sp, #164]
    b290:	b940afe3 	ldr	w3, [sp, #172]
    b294:	b9408fe1 	ldr	w1, [sp, #140]
    b298:	7100003f 	cmp	w1, #0x0
    b29c:	7a40c8c4 	ccmp	w6, #0x0, #0x4, gt
    b2a0:	540000ed 	b.le	b2bc <_dtoa_r+0x52c>
    b2a4:	6b06003f 	cmp	w1, w6
    b2a8:	1a86d020 	csel	w0, w1, w6, le
    b2ac:	4b0000e7 	sub	w7, w7, w0
    b2b0:	4b0000c6 	sub	w6, w6, w0
    b2b4:	4b000021 	sub	w1, w1, w0
    b2b8:	b9008fe1 	str	w1, [sp, #140]
    b2bc:	340001fb 	cbz	w27, b2f8 <_dtoa_r+0x568>
    b2c0:	b9407be0 	ldr	w0, [sp, #120]
    b2c4:	34004ce0 	cbz	w0, bc60 <_dtoa_r+0xed0>
    b2c8:	35005183 	cbnz	w3, bcf8 <_dtoa_r+0xf68>
    b2cc:	aa1403e1 	mov	x1, x20
    b2d0:	2a1b03e2 	mov	w2, w27
    b2d4:	aa1303e0 	mov	x0, x19
    b2d8:	b90093e7 	str	w7, [sp, #144]
    b2dc:	b9009be6 	str	w6, [sp, #152]
    b2e0:	b900a7e5 	str	w5, [sp, #164]
    b2e4:	94000e37 	bl	ebc0 <__pow5mult>
    b2e8:	b94093e7 	ldr	w7, [sp, #144]
    b2ec:	aa0003f4 	mov	x20, x0
    b2f0:	b9409be6 	ldr	w6, [sp, #152]
    b2f4:	b940a7e5 	ldr	w5, [sp, #164]
    b2f8:	aa1303e0 	mov	x0, x19
    b2fc:	52800021 	mov	w1, #0x1                   	// #1
    b300:	b90093e7 	str	w7, [sp, #144]
    b304:	b9009be6 	str	w6, [sp, #152]
    b308:	b900a7e5 	str	w5, [sp, #164]
    b30c:	94000d81 	bl	e910 <__i2b>
    b310:	b940a7e5 	ldr	w5, [sp, #164]
    b314:	aa0003fb 	mov	x27, x0
    b318:	b94093e7 	ldr	w7, [sp, #144]
    b31c:	b9409be6 	ldr	w6, [sp, #152]
    b320:	35003865 	cbnz	w5, ba2c <_dtoa_r+0xc9c>
    b324:	710006ff 	cmp	w23, #0x1
    b328:	54001c8d 	b.le	b6b8 <_dtoa_r+0x928>
    b32c:	52800020 	mov	w0, #0x1                   	// #1
    b330:	0b0000c0 	add	w0, w6, w0
    b334:	72001000 	ands	w0, w0, #0x1f
    b338:	54003100 	b.eq	b958 <_dtoa_r+0xbc8>  // b.none
    b33c:	52800401 	mov	w1, #0x20                  	// #32
    b340:	4b000021 	sub	w1, w1, w0
    b344:	7100103f 	cmp	w1, #0x4
    b348:	5400442d 	b.le	bbcc <_dtoa_r+0xe3c>
    b34c:	52800381 	mov	w1, #0x1c                  	// #28
    b350:	4b000020 	sub	w0, w1, w0
    b354:	b9408fe1 	ldr	w1, [sp, #140]
    b358:	0b0000e7 	add	w7, w7, w0
    b35c:	0b0000c6 	add	w6, w6, w0
    b360:	0b000021 	add	w1, w1, w0
    b364:	b9008fe1 	str	w1, [sp, #140]
    b368:	710000ff 	cmp	w7, #0x0
    b36c:	5400014d 	b.le	b394 <_dtoa_r+0x604>
    b370:	aa1403e1 	mov	x1, x20
    b374:	2a0703e2 	mov	w2, w7
    b378:	aa1303e0 	mov	x0, x19
    b37c:	b90093e6 	str	w6, [sp, #144]
    b380:	b9009be5 	str	w5, [sp, #152]
    b384:	94000e57 	bl	ece0 <__lshift>
    b388:	b94093e6 	ldr	w6, [sp, #144]
    b38c:	aa0003f4 	mov	x20, x0
    b390:	b9409be5 	ldr	w5, [sp, #152]
    b394:	710000df 	cmp	w6, #0x0
    b398:	5400010d 	b.le	b3b8 <_dtoa_r+0x628>
    b39c:	aa1b03e1 	mov	x1, x27
    b3a0:	2a0603e2 	mov	w2, w6
    b3a4:	aa1303e0 	mov	x0, x19
    b3a8:	b90093e5 	str	w5, [sp, #144]
    b3ac:	94000e4d 	bl	ece0 <__lshift>
    b3b0:	aa0003fb 	mov	x27, x0
    b3b4:	b94093e5 	ldr	w5, [sp, #144]
    b3b8:	b940a3e0 	ldr	w0, [sp, #160]
    b3bc:	71000aff 	cmp	w23, #0x2
    b3c0:	1a9fd7e4 	cset	w4, gt
    b3c4:	350018e0 	cbnz	w0, b6e0 <_dtoa_r+0x950>
    b3c8:	710002bf 	cmp	w21, #0x0
    b3cc:	7a40d884 	ccmp	w4, #0x0, #0x4, le
    b3d0:	54000de0 	b.eq	b58c <_dtoa_r+0x7fc>  // b.none
    b3d4:	35002795 	cbnz	w21, b8c4 <_dtoa_r+0xb34>
    b3d8:	52800003 	mov	w3, #0x0                   	// #0
    b3dc:	528000a2 	mov	w2, #0x5                   	// #5
    b3e0:	aa1b03e1 	mov	x1, x27
    b3e4:	aa1303e0 	mov	x0, x19
    b3e8:	94000c72 	bl	e5b0 <__multadd>
    b3ec:	aa0003fb 	mov	x27, x0
    b3f0:	aa1b03e1 	mov	x1, x27
    b3f4:	aa1403e0 	mov	x0, x20
    b3f8:	aa1603f7 	mov	x23, x22
    b3fc:	94000e95 	bl	ee50 <__mcmp>
    b400:	7100001f 	cmp	w0, #0x0
    b404:	5400260d 	b.le	b8c4 <_dtoa_r+0xb34>
    b408:	b9408be0 	ldr	w0, [sp, #136]
    b40c:	910006d6 	add	x22, x22, #0x1
    b410:	1100041c 	add	w28, w0, #0x1
    b414:	52800620 	mov	w0, #0x31                  	// #49
    b418:	390002e0 	strb	w0, [x23]
    b41c:	aa1b03e1 	mov	x1, x27
    b420:	aa1303e0 	mov	x0, x19
    b424:	94000c5b 	bl	e590 <_Bfree>
    b428:	b4000859 	cbz	x25, b530 <_dtoa_r+0x7a0>
    b42c:	aa1903e1 	mov	x1, x25
    b430:	aa1303e0 	mov	x0, x19
    b434:	94000c57 	bl	e590 <_Bfree>
    b438:	1400003e 	b	b530 <_dtoa_r+0x7a0>
    b43c:	52800021 	mov	w1, #0x1                   	// #1
    b440:	b900a3e1 	str	w1, [sp, #160]
    b444:	52800007 	mov	w7, #0x0                   	// #0
    b448:	37f800e6 	tbnz	w6, #31, b464 <_dtoa_r+0x6d4>
    b44c:	36ffd925 	tbz	w5, #31, af70 <_dtoa_r+0x1e0>
    b450:	4b0500e7 	sub	w7, w7, w5
    b454:	4b0503fb 	neg	w27, w5
    b458:	b9008be5 	str	w5, [sp, #136]
    b45c:	52800005 	mov	w5, #0x0                   	// #0
    b460:	17fffec7 	b	af7c <_dtoa_r+0x1ec>
    b464:	52800027 	mov	w7, #0x1                   	// #1
    b468:	52800006 	mov	w6, #0x0                   	// #0
    b46c:	4b0000e7 	sub	w7, w7, w0
    b470:	17fffff7 	b	b44c <_dtoa_r+0x6bc>
    b474:	1e6200a1 	scvtf	d1, w5
    b478:	1e602020 	fcmp	d1, d0
    b47c:	1a9f07e1 	cset	w1, ne	// ne = any
    b480:	4b0100a5 	sub	w5, w5, w1
    b484:	17fffeab 	b	af30 <_dtoa_r+0x1a0>
    b488:	4b0203e2 	neg	w2, w2
    b48c:	1ac22000 	lsl	w0, w0, w2
    b490:	17fffe90 	b	aed0 <_dtoa_r+0x140>
    b494:	52800039 	mov	w25, #0x1                   	// #1
    b498:	71000eff 	cmp	w23, #0x3
    b49c:	54003140 	b.eq	bac4 <_dtoa_r+0xd34>  // b.none
    b4a0:	54ffd80c 	b.gt	afa0 <_dtoa_r+0x210>
    b4a4:	71000aff 	cmp	w23, #0x2
    b4a8:	540053c0 	b.eq	bf20 <_dtoa_r+0x1190>  // b.none
    b4ac:	b9005a7f 	str	wzr, [x19, #88]
    b4b0:	aa1303e0 	mov	x0, x19
    b4b4:	52800001 	mov	w1, #0x0                   	// #0
    b4b8:	b9007be7 	str	w7, [sp, #120]
    b4bc:	291197e6 	stp	w6, w5, [sp, #140]
    b4c0:	94000c10 	bl	e500 <_Balloc>
    b4c4:	b9407be7 	ldr	w7, [sp, #120]
    b4c8:	aa0003f6 	mov	x22, x0
    b4cc:	295197e6 	ldp	w6, w5, [sp, #140]
    b4d0:	b40051a0 	cbz	x0, bf04 <_dtoa_r+0x1174>
    b4d4:	12800000 	mov	w0, #0xffffffff            	// #-1
    b4d8:	5280001a 	mov	w26, #0x0                   	// #0
    b4dc:	2a0003e3 	mov	w3, w0
    b4e0:	2a0003f5 	mov	w21, w0
    b4e4:	f9002a76 	str	x22, [x19, #80]
    b4e8:	b9007bf9 	str	w25, [sp, #120]
    b4ec:	b900abe0 	str	w0, [sp, #168]
    b4f0:	17ffff4d 	b	b224 <_dtoa_r+0x494>
    b4f4:	510004a5 	sub	w5, w5, #0x1
    b4f8:	b900a3ff 	str	wzr, [sp, #160]
    b4fc:	17ffffd2 	b	b444 <_dtoa_r+0x6b4>
    b500:	eb16001f 	cmp	x0, x22
    b504:	540042a0 	b.eq	bd58 <_dtoa_r+0xfc8>  // b.none
    b508:	aa0003e2 	mov	x2, x0
    b50c:	385ffc01 	ldrb	w1, [x0, #-1]!
    b510:	7100e43f 	cmp	w1, #0x39
    b514:	54ffff60 	b.eq	b500 <_dtoa_r+0x770>  // b.none
    b518:	11000421 	add	w1, w1, #0x1
    b51c:	12001c21 	and	w1, w1, #0xff
    b520:	aa1603f7 	mov	x23, x22
    b524:	aa0203f6 	mov	x22, x2
    b528:	39000001 	strb	w1, [x0]
    b52c:	d503201f 	nop
    b530:	aa1403e1 	mov	x1, x20
    b534:	aa1303e0 	mov	x0, x19
    b538:	94000c16 	bl	e590 <_Bfree>
    b53c:	390002df 	strb	wzr, [x22]
    b540:	f94043e1 	ldr	x1, [sp, #128]
    b544:	11000780 	add	w0, w28, #0x1
    b548:	b9000020 	str	w0, [x1]
    b54c:	b4ffc898 	cbz	x24, ae5c <_dtoa_r+0xcc>
    b550:	f9000316 	str	x22, [x24]
    b554:	17fffe42 	b	ae5c <_dtoa_r+0xcc>
    b558:	52800020 	mov	w0, #0x1                   	// #1
    b55c:	528000b7 	mov	w23, #0x5                   	// #5
    b560:	b9007be0 	str	w0, [sp, #120]
    b564:	b9408be0 	ldr	w0, [sp, #136]
    b568:	0b000340 	add	w0, w26, w0
    b56c:	b900abe0 	str	w0, [sp, #168]
    b570:	11000415 	add	w21, w0, #0x1
    b574:	710002bf 	cmp	w21, #0x0
    b578:	1a9fc6a0 	csinc	w0, w21, wzr, gt
    b57c:	17fffe92 	b	afc4 <_dtoa_r+0x234>
    b580:	52800057 	mov	w23, #0x2                   	// #2
    b584:	b9007bff 	str	wzr, [sp, #120]
    b588:	17fffe8a 	b	afb0 <_dtoa_r+0x220>
    b58c:	b9407be0 	ldr	w0, [sp, #120]
    b590:	34000e00 	cbz	w0, b750 <_dtoa_r+0x9c0>
    b594:	b9408fe2 	ldr	w2, [sp, #140]
    b598:	7100005f 	cmp	w2, #0x0
    b59c:	540000ed 	b.le	b5b8 <_dtoa_r+0x828>
    b5a0:	aa1903e1 	mov	x1, x25
    b5a4:	aa1303e0 	mov	x0, x19
    b5a8:	b9007be5 	str	w5, [sp, #120]
    b5ac:	94000dcd 	bl	ece0 <__lshift>
    b5b0:	b9407be5 	ldr	w5, [sp, #120]
    b5b4:	aa0003f9 	mov	x25, x0
    b5b8:	f9003ff9 	str	x25, [sp, #120]
    b5bc:	35003e45 	cbnz	w5, bd84 <_dtoa_r+0xff4>
    b5c0:	8b35c2d5 	add	x21, x22, w21, sxtw
    b5c4:	12000380 	and	w0, w28, #0x1
    b5c8:	f9004bf6 	str	x22, [sp, #144]
    b5cc:	b900a7e0 	str	w0, [sp, #164]
    b5d0:	aa1b03e1 	mov	x1, x27
    b5d4:	aa1403e0 	mov	x0, x20
    b5d8:	97fffd82 	bl	abe0 <quorem>
    b5dc:	1100c01a 	add	w26, w0, #0x30
    b5e0:	aa1903e1 	mov	x1, x25
    b5e4:	b900a3e0 	str	w0, [sp, #160]
    b5e8:	aa1403e0 	mov	x0, x20
    b5ec:	94000e19 	bl	ee50 <__mcmp>
    b5f0:	f9403fe2 	ldr	x2, [sp, #120]
    b5f4:	aa1b03e1 	mov	x1, x27
    b5f8:	b9008fe0 	str	w0, [sp, #140]
    b5fc:	aa1303e0 	mov	x0, x19
    b600:	94000e28 	bl	eea0 <__mdiff>
    b604:	aa0003e1 	mov	x1, x0
    b608:	b9401000 	ldr	w0, [x0, #16]
    b60c:	35001180 	cbnz	w0, b83c <_dtoa_r+0xaac>
    b610:	aa1403e0 	mov	x0, x20
    b614:	f9004fe1 	str	x1, [sp, #152]
    b618:	94000e0e 	bl	ee50 <__mcmp>
    b61c:	2a0003e2 	mov	w2, w0
    b620:	f9404fe1 	ldr	x1, [sp, #152]
    b624:	aa1303e0 	mov	x0, x19
    b628:	b9009be2 	str	w2, [sp, #152]
    b62c:	94000bd9 	bl	e590 <_Bfree>
    b630:	b9409be2 	ldr	w2, [sp, #152]
    b634:	2a0202e0 	orr	w0, w23, w2
    b638:	350014c0 	cbnz	w0, b8d0 <_dtoa_r+0xb40>
    b63c:	b940a7e0 	ldr	w0, [sp, #164]
    b640:	34003fe0 	cbz	w0, be3c <_dtoa_r+0x10ac>
    b644:	b9408fe0 	ldr	w0, [sp, #140]
    b648:	37f81260 	tbnz	w0, #31, b894 <_dtoa_r+0xb04>
    b64c:	f9404be0 	ldr	x0, [sp, #144]
    b650:	3800141a 	strb	w26, [x0], #1
    b654:	f9004be0 	str	x0, [sp, #144]
    b658:	eb0002bf 	cmp	x21, x0
    b65c:	54003d00 	b.eq	bdfc <_dtoa_r+0x106c>  // b.none
    b660:	aa1403e1 	mov	x1, x20
    b664:	52800003 	mov	w3, #0x0                   	// #0
    b668:	52800142 	mov	w2, #0xa                   	// #10
    b66c:	aa1303e0 	mov	x0, x19
    b670:	94000bd0 	bl	e5b0 <__multadd>
    b674:	aa0003f4 	mov	x20, x0
    b678:	f9403fe0 	ldr	x0, [sp, #120]
    b67c:	aa1903e1 	mov	x1, x25
    b680:	52800003 	mov	w3, #0x0                   	// #0
    b684:	52800142 	mov	w2, #0xa                   	// #10
    b688:	eb00033f 	cmp	x25, x0
    b68c:	aa1303e0 	mov	x0, x19
    b690:	540010e0 	b.eq	b8ac <_dtoa_r+0xb1c>  // b.none
    b694:	94000bc7 	bl	e5b0 <__multadd>
    b698:	aa0003f9 	mov	x25, x0
    b69c:	f9403fe1 	ldr	x1, [sp, #120]
    b6a0:	aa1303e0 	mov	x0, x19
    b6a4:	52800003 	mov	w3, #0x0                   	// #0
    b6a8:	52800142 	mov	w2, #0xa                   	// #10
    b6ac:	94000bc1 	bl	e5b0 <__multadd>
    b6b0:	f9003fe0 	str	x0, [sp, #120]
    b6b4:	17ffffc7 	b	b5d0 <_dtoa_r+0x840>
    b6b8:	f240cf9f 	tst	x28, #0xfffffffffffff
    b6bc:	54ffe381 	b.ne	b32c <_dtoa_r+0x59c>  // b.any
    b6c0:	d360ff80 	lsr	x0, x28, #32
    b6c4:	f26c281f 	tst	x0, #0x7ff00000
    b6c8:	54ffe320 	b.eq	b32c <_dtoa_r+0x59c>  // b.none
    b6cc:	52800025 	mov	w5, #0x1                   	// #1
    b6d0:	110004e7 	add	w7, w7, #0x1
    b6d4:	110004c6 	add	w6, w6, #0x1
    b6d8:	2a0503e0 	mov	w0, w5
    b6dc:	17ffff15 	b	b330 <_dtoa_r+0x5a0>
    b6e0:	aa1b03e1 	mov	x1, x27
    b6e4:	aa1403e0 	mov	x0, x20
    b6e8:	b90093e5 	str	w5, [sp, #144]
    b6ec:	b9009be4 	str	w4, [sp, #152]
    b6f0:	94000dd8 	bl	ee50 <__mcmp>
    b6f4:	b94093e5 	ldr	w5, [sp, #144]
    b6f8:	b9409be4 	ldr	w4, [sp, #152]
    b6fc:	36ffe660 	tbz	w0, #31, b3c8 <_dtoa_r+0x638>
    b700:	b9408be0 	ldr	w0, [sp, #136]
    b704:	aa1403e1 	mov	x1, x20
    b708:	52800003 	mov	w3, #0x0                   	// #0
    b70c:	52800142 	mov	w2, #0xa                   	// #10
    b710:	51000400 	sub	w0, w0, #0x1
    b714:	b9008be0 	str	w0, [sp, #136]
    b718:	aa1303e0 	mov	x0, x19
    b71c:	b90093e5 	str	w5, [sp, #144]
    b720:	b9009be4 	str	w4, [sp, #152]
    b724:	94000ba3 	bl	e5b0 <__multadd>
    b728:	aa0003f4 	mov	x20, x0
    b72c:	b9407be0 	ldr	w0, [sp, #120]
    b730:	b94093e5 	ldr	w5, [sp, #144]
    b734:	b9409be4 	ldr	w4, [sp, #152]
    b738:	350039e0 	cbnz	w0, be74 <_dtoa_r+0x10e4>
    b73c:	b940abe0 	ldr	w0, [sp, #168]
    b740:	7100001f 	cmp	w0, #0x0
    b744:	2a0003f5 	mov	w21, w0
    b748:	7a40d884 	ccmp	w4, #0x0, #0x4, le
    b74c:	54ffe441 	b.ne	b3d4 <_dtoa_r+0x644>  // b.any
    b750:	d2800017 	mov	x23, #0x0                   	// #0
    b754:	14000007 	b	b770 <_dtoa_r+0x9e0>
    b758:	aa1403e1 	mov	x1, x20
    b75c:	aa1303e0 	mov	x0, x19
    b760:	52800003 	mov	w3, #0x0                   	// #0
    b764:	52800142 	mov	w2, #0xa                   	// #10
    b768:	94000b92 	bl	e5b0 <__multadd>
    b76c:	aa0003f4 	mov	x20, x0
    b770:	aa1b03e1 	mov	x1, x27
    b774:	aa1403e0 	mov	x0, x20
    b778:	97fffd1a 	bl	abe0 <quorem>
    b77c:	1100c01a 	add	w26, w0, #0x30
    b780:	38376ada 	strb	w26, [x22, x23]
    b784:	910006f7 	add	x23, x23, #0x1
    b788:	6b1702bf 	cmp	w21, w23
    b78c:	54fffe6c 	b.gt	b758 <_dtoa_r+0x9c8>
    b790:	710002bf 	cmp	w21, #0x0
    b794:	510006b5 	sub	w21, w21, #0x1
    b798:	d2800020 	mov	x0, #0x1                   	// #1
    b79c:	9a95d415 	csinc	x21, x0, x21, le
    b7a0:	8b1502d5 	add	x21, x22, x21
    b7a4:	d2800017 	mov	x23, #0x0                   	// #0
    b7a8:	52800022 	mov	w2, #0x1                   	// #1
    b7ac:	aa1403e1 	mov	x1, x20
    b7b0:	aa1303e0 	mov	x0, x19
    b7b4:	94000d4b 	bl	ece0 <__lshift>
    b7b8:	aa1b03e1 	mov	x1, x27
    b7bc:	aa0003f4 	mov	x20, x0
    b7c0:	94000da4 	bl	ee50 <__mcmp>
    b7c4:	7100001f 	cmp	w0, #0x0
    b7c8:	5400008c 	b.gt	b7d8 <_dtoa_r+0xa48>
    b7cc:	1400013d 	b	bcc0 <_dtoa_r+0xf30>
    b7d0:	eb1602bf 	cmp	x21, x22
    b7d4:	54002880 	b.eq	bce4 <_dtoa_r+0xf54>  // b.none
    b7d8:	aa1503e2 	mov	x2, x21
    b7dc:	d10006b5 	sub	x21, x21, #0x1
    b7e0:	385ff040 	ldurb	w0, [x2, #-1]
    b7e4:	7100e41f 	cmp	w0, #0x39
    b7e8:	54ffff40 	b.eq	b7d0 <_dtoa_r+0xa40>  // b.none
    b7ec:	b9408bfc 	ldr	w28, [sp, #136]
    b7f0:	11000400 	add	w0, w0, #0x1
    b7f4:	390002a0 	strb	w0, [x21]
    b7f8:	aa1b03e1 	mov	x1, x27
    b7fc:	aa1303e0 	mov	x0, x19
    b800:	f9003fe2 	str	x2, [sp, #120]
    b804:	94000b63 	bl	e590 <_Bfree>
    b808:	f9403fe2 	ldr	x2, [sp, #120]
    b80c:	b4001db9 	cbz	x25, bbc0 <_dtoa_r+0xe30>
    b810:	f10002ff 	cmp	x23, #0x0
    b814:	fa5912e4 	ccmp	x23, x25, #0x4, ne	// ne = any
    b818:	540000c0 	b.eq	b830 <_dtoa_r+0xaa0>  // b.none
    b81c:	aa1703e1 	mov	x1, x23
    b820:	aa1303e0 	mov	x0, x19
    b824:	f9003fe2 	str	x2, [sp, #120]
    b828:	94000b5a 	bl	e590 <_Bfree>
    b82c:	f9403fe2 	ldr	x2, [sp, #120]
    b830:	aa1603f7 	mov	x23, x22
    b834:	aa0203f6 	mov	x22, x2
    b838:	17fffefd 	b	b42c <_dtoa_r+0x69c>
    b83c:	aa1303e0 	mov	x0, x19
    b840:	94000b54 	bl	e590 <_Bfree>
    b844:	b9408fe0 	ldr	w0, [sp, #140]
    b848:	37f800c0 	tbnz	w0, #31, b860 <_dtoa_r+0xad0>
    b84c:	b9408fe0 	ldr	w0, [sp, #140]
    b850:	1200039c 	and	w28, w28, #0x1
    b854:	2a0002e0 	orr	w0, w23, w0
    b858:	2a00039c 	orr	w28, w28, w0
    b85c:	350004bc 	cbnz	w28, b8f0 <_dtoa_r+0xb60>
    b860:	52800022 	mov	w2, #0x1                   	// #1
    b864:	aa1403e1 	mov	x1, x20
    b868:	aa1303e0 	mov	x0, x19
    b86c:	94000d1d 	bl	ece0 <__lshift>
    b870:	aa1b03e1 	mov	x1, x27
    b874:	aa0003f4 	mov	x20, x0
    b878:	94000d76 	bl	ee50 <__mcmp>
    b87c:	7100001f 	cmp	w0, #0x0
    b880:	5400318d 	b.le	beb0 <_dtoa_r+0x1120>
    b884:	7100e75f 	cmp	w26, #0x39
    b888:	54002c00 	b.eq	be08 <_dtoa_r+0x1078>  // b.none
    b88c:	b940a3e0 	ldr	w0, [sp, #160]
    b890:	1100c41a 	add	w26, w0, #0x31
    b894:	f9404be2 	ldr	x2, [sp, #144]
    b898:	aa1903f7 	mov	x23, x25
    b89c:	f9403ff9 	ldr	x25, [sp, #120]
    b8a0:	b9408bfc 	ldr	w28, [sp, #136]
    b8a4:	3800145a 	strb	w26, [x2], #1
    b8a8:	17ffffd4 	b	b7f8 <_dtoa_r+0xa68>
    b8ac:	94000b41 	bl	e5b0 <__multadd>
    b8b0:	aa0003f9 	mov	x25, x0
    b8b4:	f9003fe0 	str	x0, [sp, #120]
    b8b8:	17ffff46 	b	b5d0 <_dtoa_r+0x840>
    b8bc:	d280001b 	mov	x27, #0x0                   	// #0
    b8c0:	d2800019 	mov	x25, #0x0                   	// #0
    b8c4:	2a3a03fc 	mvn	w28, w26
    b8c8:	aa1603f7 	mov	x23, x22
    b8cc:	17fffed4 	b	b41c <_dtoa_r+0x68c>
    b8d0:	b9408fe0 	ldr	w0, [sp, #140]
    b8d4:	37f83040 	tbnz	w0, #31, bedc <_dtoa_r+0x114c>
    b8d8:	b940a7e1 	ldr	w1, [sp, #164]
    b8dc:	2a0002e0 	orr	w0, w23, w0
    b8e0:	2a000020 	orr	w0, w1, w0
    b8e4:	34002fc0 	cbz	w0, bedc <_dtoa_r+0x114c>
    b8e8:	7100005f 	cmp	w2, #0x0
    b8ec:	54ffeb0d 	b.le	b64c <_dtoa_r+0x8bc>
    b8f0:	7100e75f 	cmp	w26, #0x39
    b8f4:	540028a0 	b.eq	be08 <_dtoa_r+0x1078>  // b.none
    b8f8:	f9404be2 	ldr	x2, [sp, #144]
    b8fc:	1100075a 	add	w26, w26, #0x1
    b900:	aa1903f7 	mov	x23, x25
    b904:	b9408bfc 	ldr	w28, [sp, #136]
    b908:	f9403ff9 	ldr	x25, [sp, #120]
    b90c:	3800145a 	strb	w26, [x2], #1
    b910:	17ffffba 	b	b7f8 <_dtoa_r+0xa68>
    b914:	1e620042 	scvtf	d2, w2
    b918:	1e639000 	fmov	d0, #7.000000000000000000e+00
    b91c:	52bf9802 	mov	w2, #0xfcc00000            	// #-54525952
    b920:	1f410040 	fmadd	d0, d2, d1, d0
    b924:	9e660000 	fmov	x0, d0
    b928:	d360fc01 	lsr	x1, x0, #32
    b92c:	0b020021 	add	w1, w1, w2
    b930:	b3607c20 	bfi	x0, x1, #32, #32
    b934:	1e629002 	fmov	d2, #5.000000000000000000e+00
    b938:	9e670000 	fmov	d0, x0
    b93c:	1e623821 	fsub	d1, d1, d2
    b940:	1e602030 	fcmpe	d1, d0
    b944:	5400066c 	b.gt	ba10 <_dtoa_r+0xc80>
    b948:	1e614000 	fneg	d0, d0
    b94c:	1e602030 	fcmpe	d1, d0
    b950:	54fffb64 	b.mi	b8bc <_dtoa_r+0xb2c>  // b.first
    b954:	17fffe33 	b	b220 <_dtoa_r+0x490>
    b958:	52800380 	mov	w0, #0x1c                  	// #28
    b95c:	17fffe7e 	b	b354 <_dtoa_r+0x5c4>
    b960:	540013e0 	b.eq	bbdc <_dtoa_r+0xe4c>  // b.none
    b964:	b9408be0 	ldr	w0, [sp, #136]
    b968:	b0000021 	adrp	x1, 10000 <__sfp_handle_exceptions+0x300>
    b96c:	91268021 	add	x1, x1, #0x9a0
    b970:	4b0003e0 	neg	w0, w0
    b974:	92400c02 	and	x2, x0, #0xf
    b978:	13047c00 	asr	w0, w0, #4
    b97c:	fc627822 	ldr	d2, [x1, x2, lsl #3]
    b980:	1e620922 	fmul	d2, d9, d2
    b984:	340029c0 	cbz	w0, bebc <_dtoa_r+0x112c>
    b988:	1e604041 	fmov	d1, d2
    b98c:	b0000021 	adrp	x1, 10000 <__sfp_handle_exceptions+0x300>
    b990:	9125c021 	add	x1, x1, #0x970
    b994:	52800008 	mov	w8, #0x0                   	// #0
    b998:	52800042 	mov	w2, #0x2                   	// #2
    b99c:	d503201f 	nop
    b9a0:	360000a0 	tbz	w0, #0, b9b4 <_dtoa_r+0xc24>
    b9a4:	fd400020 	ldr	d0, [x1]
    b9a8:	11000442 	add	w2, w2, #0x1
    b9ac:	2a0403e8 	mov	w8, w4
    b9b0:	1e600821 	fmul	d1, d1, d0
    b9b4:	13017c00 	asr	w0, w0, #1
    b9b8:	91002021 	add	x1, x1, #0x8
    b9bc:	35ffff20 	cbnz	w0, b9a0 <_dtoa_r+0xc10>
    b9c0:	7100011f 	cmp	w8, #0x0
    b9c4:	1e621c21 	fcsel	d1, d1, d2, ne	// ne = any
    b9c8:	17fffdde 	b	b140 <_dtoa_r+0x3b0>
    b9cc:	2a1b03e3 	mov	w3, w27
    b9d0:	d2800019 	mov	x25, #0x0                   	// #0
    b9d4:	b9007bff 	str	wzr, [sp, #120]
    b9d8:	b9008fe7 	str	w7, [sp, #140]
    b9dc:	17fffe2e 	b	b294 <_dtoa_r+0x504>
    b9e0:	b0000020 	adrp	x0, 10000 <__sfp_handle_exceptions+0x300>
    b9e4:	91268000 	add	x0, x0, #0x9a0
    b9e8:	7100035f 	cmp	w26, #0x0
    b9ec:	7a40baa0 	ccmp	w21, #0x0, #0x0, lt	// lt = tstop
    b9f0:	fc61d801 	ldr	d1, [x0, w1, sxtw #3]
    b9f4:	540015ec 	b.gt	bcb0 <_dtoa_r+0xf20>
    b9f8:	35fff635 	cbnz	w21, b8bc <_dtoa_r+0xb2c>
    b9fc:	1e629000 	fmov	d0, #5.000000000000000000e+00
    ba00:	1e600821 	fmul	d1, d1, d0
    ba04:	9e670380 	fmov	d0, x28
    ba08:	1e602030 	fcmpe	d1, d0
    ba0c:	54fff58a 	b.ge	b8bc <_dtoa_r+0xb2c>  // b.tcont
    ba10:	aa1603f7 	mov	x23, x22
    ba14:	d280001b 	mov	x27, #0x0                   	// #0
    ba18:	d2800019 	mov	x25, #0x0                   	// #0
    ba1c:	17fffe7b 	b	b408 <_dtoa_r+0x678>
    ba20:	5280003a 	mov	w26, #0x1                   	// #1
    ba24:	2a1a03f5 	mov	w21, w26
    ba28:	17fffd96 	b	b080 <_dtoa_r+0x2f0>
    ba2c:	aa0003e1 	mov	x1, x0
    ba30:	2a0503e2 	mov	w2, w5
    ba34:	aa1303e0 	mov	x0, x19
    ba38:	b90093e7 	str	w7, [sp, #144]
    ba3c:	b9009be6 	str	w6, [sp, #152]
    ba40:	94000c60 	bl	ebc0 <__pow5mult>
    ba44:	b94093e7 	ldr	w7, [sp, #144]
    ba48:	aa0003fb 	mov	x27, x0
    ba4c:	b9409be6 	ldr	w6, [sp, #152]
    ba50:	710006ff 	cmp	w23, #0x1
    ba54:	5400020d 	b.le	ba94 <_dtoa_r+0xd04>
    ba58:	52800005 	mov	w5, #0x0                   	// #0
    ba5c:	b9401760 	ldr	w0, [x27, #20]
    ba60:	b90093e7 	str	w7, [sp, #144]
    ba64:	51000400 	sub	w0, w0, #0x1
    ba68:	b9009be6 	str	w6, [sp, #152]
    ba6c:	b900a7e5 	str	w5, [sp, #164]
    ba70:	8b20cb60 	add	x0, x27, w0, sxtw #2
    ba74:	b9401800 	ldr	w0, [x0, #24]
    ba78:	94000b5e 	bl	e7f0 <__hi0bits>
    ba7c:	52800401 	mov	w1, #0x20                  	// #32
    ba80:	b94093e7 	ldr	w7, [sp, #144]
    ba84:	b9409be6 	ldr	w6, [sp, #152]
    ba88:	4b000020 	sub	w0, w1, w0
    ba8c:	b940a7e5 	ldr	w5, [sp, #164]
    ba90:	17fffe28 	b	b330 <_dtoa_r+0x5a0>
    ba94:	f240cf9f 	tst	x28, #0xfffffffffffff
    ba98:	54fffe01 	b.ne	ba58 <_dtoa_r+0xcc8>  // b.any
    ba9c:	d360ff80 	lsr	x0, x28, #32
    baa0:	f26c281f 	tst	x0, #0x7ff00000
    baa4:	54fffda0 	b.eq	ba58 <_dtoa_r+0xcc8>  // b.none
    baa8:	110004e7 	add	w7, w7, #0x1
    baac:	110004c6 	add	w6, w6, #0x1
    bab0:	52800025 	mov	w5, #0x1                   	// #1
    bab4:	17ffffea 	b	ba5c <_dtoa_r+0xccc>
    bab8:	1e604121 	fmov	d1, d9
    babc:	52800042 	mov	w2, #0x2                   	// #2
    bac0:	17fffd94 	b	b110 <_dtoa_r+0x380>
    bac4:	b9007bff 	str	wzr, [sp, #120]
    bac8:	17fffea7 	b	b564 <_dtoa_r+0x7d4>
    bacc:	390002c0 	strb	w0, [x22]
    bad0:	1e630842 	fmul	d2, d2, d3
    bad4:	8b2442c0 	add	x0, x22, w4, uxtw
    bad8:	aa0903e2 	mov	x2, x9
    badc:	1e649003 	fmov	d3, #1.000000000000000000e+01
    bae0:	7100049f 	cmp	w4, #0x1
    bae4:	54001c40 	b.eq	be6c <_dtoa_r+0x10dc>  // b.none
    bae8:	1e630821 	fmul	d1, d1, d3
    baec:	1e780021 	fcvtzs	w1, d1
    baf0:	1e620020 	scvtf	d0, w1
    baf4:	1100c021 	add	w1, w1, #0x30
    baf8:	38001441 	strb	w1, [x2], #1
    bafc:	1e603821 	fsub	d1, d1, d0
    bb00:	eb02001f 	cmp	x0, x2
    bb04:	54ffff21 	b.ne	bae8 <_dtoa_r+0xd58>  // b.any
    bb08:	1e6c1000 	fmov	d0, #5.000000000000000000e-01
    bb0c:	1e602843 	fadd	d3, d2, d0
    bb10:	1e612070 	fcmpe	d3, d1
    bb14:	54ffcfa4 	b.mi	b508 <_dtoa_r+0x778>  // b.first
    bb18:	1e623800 	fsub	d0, d0, d2
    bb1c:	1e612010 	fcmpe	d0, d1
    bb20:	5400048c 	b.gt	bbb0 <_dtoa_r+0xe20>
    bb24:	b940bfe0 	ldr	w0, [sp, #188]
    bb28:	9e66013c 	fmov	x28, d9
    bb2c:	7100001f 	cmp	w0, #0x0
    bb30:	b9408be0 	ldr	w0, [sp, #136]
    bb34:	7a4ea800 	ccmp	w0, #0xe, #0x0, ge	// ge = tcont
    bb38:	54fff4ac 	b.gt	b9cc <_dtoa_r+0xc3c>
    bb3c:	b9408be0 	ldr	w0, [sp, #136]
    bb40:	aa1603f7 	mov	x23, x22
    bb44:	aa0903f6 	mov	x22, x9
    bb48:	fc60d901 	ldr	d1, [x8, w0, sxtw #3]
    bb4c:	1e611920 	fdiv	d0, d9, d1
    bb50:	51000460 	sub	w0, w3, #0x1
    bb54:	8b0002c0 	add	x0, x22, x0
    bb58:	1e649003 	fmov	d3, #1.000000000000000000e+01
    bb5c:	1e780001 	fcvtzs	w1, d0
    bb60:	1e620020 	scvtf	d0, w1
    bb64:	1100c022 	add	w2, w1, #0x30
    bb68:	390002e2 	strb	w2, [x23]
    bb6c:	1f41a400 	fmsub	d0, d0, d1, d9
    bb70:	710006bf 	cmp	w21, #0x1
    bb74:	54000141 	b.ne	bb9c <_dtoa_r+0xe0c>  // b.any
    bb78:	14000097 	b	bdd4 <_dtoa_r+0x1044>
    bb7c:	1e611802 	fdiv	d2, d0, d1
    bb80:	1e780041 	fcvtzs	w1, d2
    bb84:	1e620022 	scvtf	d2, w1
    bb88:	1100c022 	add	w2, w1, #0x30
    bb8c:	380016c2 	strb	w2, [x22], #1
    bb90:	1f418040 	fmsub	d0, d2, d1, d0
    bb94:	eb16001f 	cmp	x0, x22
    bb98:	54001200 	b.eq	bdd8 <_dtoa_r+0x1048>  // b.none
    bb9c:	1e630800 	fmul	d0, d0, d3
    bba0:	1e602008 	fcmp	d0, #0.0
    bba4:	54fffec1 	b.ne	bb7c <_dtoa_r+0xdec>  // b.any
    bba8:	b9408bfc 	ldr	w28, [sp, #136]
    bbac:	17fffe61 	b	b530 <_dtoa_r+0x7a0>
    bbb0:	aa0003e2 	mov	x2, x0
    bbb4:	385ffc01 	ldrb	w1, [x0, #-1]!
    bbb8:	7100c03f 	cmp	w1, #0x30
    bbbc:	54ffffa0 	b.eq	bbb0 <_dtoa_r+0xe20>  // b.none
    bbc0:	aa1603f7 	mov	x23, x22
    bbc4:	aa0203f6 	mov	x22, x2
    bbc8:	17fffe5a 	b	b530 <_dtoa_r+0x7a0>
    bbcc:	52800781 	mov	w1, #0x3c                  	// #60
    bbd0:	4b000020 	sub	w0, w1, w0
    bbd4:	54ffbca0 	b.eq	b368 <_dtoa_r+0x5d8>  // b.none
    bbd8:	17fffddf 	b	b354 <_dtoa_r+0x5c4>
    bbdc:	1e604121 	fmov	d1, d9
    bbe0:	52800042 	mov	w2, #0x2                   	// #2
    bbe4:	17fffd57 	b	b140 <_dtoa_r+0x3b0>
    bbe8:	34ffe975 	cbz	w21, b914 <_dtoa_r+0xb84>
    bbec:	b940abe4 	ldr	w4, [sp, #168]
    bbf0:	7100009f 	cmp	w4, #0x0
    bbf4:	54ffb16d 	b.le	b220 <_dtoa_r+0x490>
    bbf8:	11000442 	add	w2, w2, #0x1
    bbfc:	1e649003 	fmov	d3, #1.000000000000000000e+01
    bc00:	1e639000 	fmov	d0, #7.000000000000000000e+00
    bc04:	b9408be0 	ldr	w0, [sp, #136]
    bc08:	1e620042 	scvtf	d2, w2
    bc0c:	1e630821 	fmul	d1, d1, d3
    bc10:	5100041c 	sub	w28, w0, #0x1
    bc14:	52bf9808 	mov	w8, #0xfcc00000            	// #-54525952
    bc18:	1f420020 	fmadd	d0, d1, d2, d0
    bc1c:	9e660000 	fmov	x0, d0
    bc20:	d360fc01 	lsr	x1, x0, #32
    bc24:	0b080021 	add	w1, w1, w8
    bc28:	b3607c20 	bfi	x0, x1, #32, #32
    bc2c:	17fffd55 	b	b180 <_dtoa_r+0x3f0>
    bc30:	b940a7e1 	ldr	w1, [sp, #164]
    bc34:	34000981 	cbz	w1, bd64 <_dtoa_r+0xfd4>
    bc38:	1110cc00 	add	w0, w0, #0x433
    bc3c:	2a1b03e3 	mov	w3, w27
    bc40:	0b0000c6 	add	w6, w6, w0
    bc44:	b9008fe7 	str	w7, [sp, #140]
    bc48:	0b0000e7 	add	w7, w7, w0
    bc4c:	17fffd86 	b	b264 <_dtoa_r+0x4d4>
    bc50:	9105e2f7 	add	x23, x23, #0x178
    bc54:	17fffc82 	b	ae5c <_dtoa_r+0xcc>
    bc58:	9105a2f7 	add	x23, x23, #0x168
    bc5c:	17fffc80 	b	ae5c <_dtoa_r+0xcc>
    bc60:	aa1403e1 	mov	x1, x20
    bc64:	2a1b03e2 	mov	w2, w27
    bc68:	aa1303e0 	mov	x0, x19
    bc6c:	b90093e7 	str	w7, [sp, #144]
    bc70:	b9009be6 	str	w6, [sp, #152]
    bc74:	b900a7e5 	str	w5, [sp, #164]
    bc78:	94000bd2 	bl	ebc0 <__pow5mult>
    bc7c:	b94093e7 	ldr	w7, [sp, #144]
    bc80:	aa0003f4 	mov	x20, x0
    bc84:	b9409be6 	ldr	w6, [sp, #152]
    bc88:	b940a7e5 	ldr	w5, [sp, #164]
    bc8c:	17fffd9b 	b	b2f8 <_dtoa_r+0x568>
    bc90:	4b1b0060 	sub	w0, w3, w27
    bc94:	0b1500c6 	add	w6, w6, w21
    bc98:	2a0303fb 	mov	w27, w3
    bc9c:	0b0000a5 	add	w5, w5, w0
    bca0:	52800003 	mov	w3, #0x0                   	// #0
    bca4:	b9008fe7 	str	w7, [sp, #140]
    bca8:	0b0702a7 	add	w7, w21, w7
    bcac:	17fffd6e 	b	b264 <_dtoa_r+0x4d4>
    bcb0:	aa1603f7 	mov	x23, x22
    bcb4:	9e670389 	fmov	d9, x28
    bcb8:	910006d6 	add	x22, x22, #0x1
    bcbc:	17ffffa4 	b	bb4c <_dtoa_r+0xdbc>
    bcc0:	54000041 	b.ne	bcc8 <_dtoa_r+0xf38>  // b.any
    bcc4:	3707d8ba 	tbnz	w26, #0, b7d8 <_dtoa_r+0xa48>
    bcc8:	aa1503e2 	mov	x2, x21
    bccc:	d10006b5 	sub	x21, x21, #0x1
    bcd0:	385ff040 	ldurb	w0, [x2, #-1]
    bcd4:	7100c01f 	cmp	w0, #0x30
    bcd8:	54ffff80 	b.eq	bcc8 <_dtoa_r+0xf38>  // b.none
    bcdc:	b9408bfc 	ldr	w28, [sp, #136]
    bce0:	17fffec6 	b	b7f8 <_dtoa_r+0xa68>
    bce4:	b9408be0 	ldr	w0, [sp, #136]
    bce8:	1100041c 	add	w28, w0, #0x1
    bcec:	52800620 	mov	w0, #0x31                  	// #49
    bcf0:	390002c0 	strb	w0, [x22]
    bcf4:	17fffec1 	b	b7f8 <_dtoa_r+0xa68>
    bcf8:	2a0303e2 	mov	w2, w3
    bcfc:	aa1903e1 	mov	x1, x25
    bd00:	aa1303e0 	mov	x0, x19
    bd04:	b90093e3 	str	w3, [sp, #144]
    bd08:	b9009be7 	str	w7, [sp, #152]
    bd0c:	b900a7e6 	str	w6, [sp, #164]
    bd10:	b900afe5 	str	w5, [sp, #172]
    bd14:	94000bab 	bl	ebc0 <__pow5mult>
    bd18:	aa1403e2 	mov	x2, x20
    bd1c:	aa0003f9 	mov	x25, x0
    bd20:	aa1903e1 	mov	x1, x25
    bd24:	aa1303e0 	mov	x0, x19
    bd28:	94000b2a 	bl	e9d0 <__multiply>
    bd2c:	aa1403e1 	mov	x1, x20
    bd30:	aa0003f4 	mov	x20, x0
    bd34:	aa1303e0 	mov	x0, x19
    bd38:	94000a16 	bl	e590 <_Bfree>
    bd3c:	b94093e3 	ldr	w3, [sp, #144]
    bd40:	b9409be7 	ldr	w7, [sp, #152]
    bd44:	b940a7e6 	ldr	w6, [sp, #164]
    bd48:	6b03037b 	subs	w27, w27, w3
    bd4c:	b940afe5 	ldr	w5, [sp, #172]
    bd50:	54ffad40 	b.eq	b2f8 <_dtoa_r+0x568>  // b.none
    bd54:	17fffd5e 	b	b2cc <_dtoa_r+0x53c>
    bd58:	1100079c 	add	w28, w28, #0x1
    bd5c:	52800621 	mov	w1, #0x31                  	// #49
    bd60:	17fffdf0 	b	b520 <_dtoa_r+0x790>
    bd64:	b940bbe1 	ldr	w1, [sp, #184]
    bd68:	528006c0 	mov	w0, #0x36                  	// #54
    bd6c:	2a1b03e3 	mov	w3, w27
    bd70:	b9008fe7 	str	w7, [sp, #140]
    bd74:	4b010000 	sub	w0, w0, w1
    bd78:	0b0000c6 	add	w6, w6, w0
    bd7c:	0b0000e7 	add	w7, w7, w0
    bd80:	17fffd39 	b	b264 <_dtoa_r+0x4d4>
    bd84:	b9400b21 	ldr	w1, [x25, #8]
    bd88:	aa1303e0 	mov	x0, x19
    bd8c:	940009dd 	bl	e500 <_Balloc>
    bd90:	aa0003fa 	mov	x26, x0
    bd94:	b4000aa0 	cbz	x0, bee8 <_dtoa_r+0x1158>
    bd98:	b9801722 	ldrsw	x2, [x25, #20]
    bd9c:	91004321 	add	x1, x25, #0x10
    bda0:	91004000 	add	x0, x0, #0x10
    bda4:	91000842 	add	x2, x2, #0x2
    bda8:	d37ef442 	lsl	x2, x2, #2
    bdac:	97ffe155 	bl	4300 <memcpy>
    bdb0:	aa1a03e1 	mov	x1, x26
    bdb4:	aa1303e0 	mov	x0, x19
    bdb8:	52800022 	mov	w2, #0x1                   	// #1
    bdbc:	94000bc9 	bl	ece0 <__lshift>
    bdc0:	f9003fe0 	str	x0, [sp, #120]
    bdc4:	17fffdff 	b	b5c0 <_dtoa_r+0x830>
    bdc8:	aa1603f7 	mov	x23, x22
    bdcc:	aa0003f6 	mov	x22, x0
    bdd0:	17fffdd8 	b	b530 <_dtoa_r+0x7a0>
    bdd4:	aa1603e0 	mov	x0, x22
    bdd8:	1e602800 	fadd	d0, d0, d0
    bddc:	1e612010 	fcmpe	d0, d1
    bde0:	5400020c 	b.gt	be20 <_dtoa_r+0x1090>
    bde4:	1e612000 	fcmp	d0, d1
    bde8:	54000041 	b.ne	bdf0 <_dtoa_r+0x1060>  // b.any
    bdec:	370001a1 	tbnz	w1, #0, be20 <_dtoa_r+0x1090>
    bdf0:	b9408bfc 	ldr	w28, [sp, #136]
    bdf4:	aa0003f6 	mov	x22, x0
    bdf8:	17fffdce 	b	b530 <_dtoa_r+0x7a0>
    bdfc:	aa1903f7 	mov	x23, x25
    be00:	f9403ff9 	ldr	x25, [sp, #120]
    be04:	17fffe69 	b	b7a8 <_dtoa_r+0xa18>
    be08:	f9404bf5 	ldr	x21, [sp, #144]
    be0c:	aa1903f7 	mov	x23, x25
    be10:	f9403ff9 	ldr	x25, [sp, #120]
    be14:	52800720 	mov	w0, #0x39                  	// #57
    be18:	380016a0 	strb	w0, [x21], #1
    be1c:	17fffe6f 	b	b7d8 <_dtoa_r+0xa48>
    be20:	b9408bfc 	ldr	w28, [sp, #136]
    be24:	aa1703f6 	mov	x22, x23
    be28:	17fffdb8 	b	b508 <_dtoa_r+0x778>
    be2c:	0b1500c6 	add	w6, w6, w21
    be30:	b9008fe7 	str	w7, [sp, #140]
    be34:	0b0702a7 	add	w7, w21, w7
    be38:	17fffd0b 	b	b264 <_dtoa_r+0x4d4>
    be3c:	7100e75f 	cmp	w26, #0x39
    be40:	54fffe40 	b.eq	be08 <_dtoa_r+0x1078>  // b.none
    be44:	f9404be2 	ldr	x2, [sp, #144]
    be48:	aa1903f7 	mov	x23, x25
    be4c:	295107fc 	ldp	w28, w1, [sp, #136]
    be50:	b940a3e0 	ldr	w0, [sp, #160]
    be54:	7100003f 	cmp	w1, #0x0
    be58:	1100c400 	add	w0, w0, #0x31
    be5c:	f9403ff9 	ldr	x25, [sp, #120]
    be60:	1a9ac01a 	csel	w26, w0, w26, gt
    be64:	3800145a 	strb	w26, [x2], #1
    be68:	17fffe64 	b	b7f8 <_dtoa_r+0xa68>
    be6c:	aa0903e0 	mov	x0, x9
    be70:	17ffff26 	b	bb08 <_dtoa_r+0xd78>
    be74:	aa1903e1 	mov	x1, x25
    be78:	aa1303e0 	mov	x0, x19
    be7c:	52800003 	mov	w3, #0x0                   	// #0
    be80:	52800142 	mov	w2, #0xa                   	// #10
    be84:	b9007be5 	str	w5, [sp, #120]
    be88:	b90093e4 	str	w4, [sp, #144]
    be8c:	940009c9 	bl	e5b0 <__multadd>
    be90:	b940abf5 	ldr	w21, [sp, #168]
    be94:	aa0003f9 	mov	x25, x0
    be98:	b94093e4 	ldr	w4, [sp, #144]
    be9c:	710002bf 	cmp	w21, #0x0
    bea0:	7a40d884 	ccmp	w4, #0x0, #0x4, le
    bea4:	54000121 	b.ne	bec8 <_dtoa_r+0x1138>  // b.any
    bea8:	b9407be5 	ldr	w5, [sp, #120]
    beac:	17fffdba 	b	b594 <_dtoa_r+0x804>
    beb0:	54ffcf21 	b.ne	b894 <_dtoa_r+0xb04>  // b.any
    beb4:	3707ce9a 	tbnz	w26, #0, b884 <_dtoa_r+0xaf4>
    beb8:	17fffe77 	b	b894 <_dtoa_r+0xb04>
    bebc:	1e604041 	fmov	d1, d2
    bec0:	52800042 	mov	w2, #0x2                   	// #2
    bec4:	17fffc9f 	b	b140 <_dtoa_r+0x3b0>
    bec8:	b940abf5 	ldr	w21, [sp, #168]
    becc:	17fffd42 	b	b3d4 <_dtoa_r+0x644>
    bed0:	aa1603f7 	mov	x23, x22
    bed4:	aa0903f6 	mov	x22, x9
    bed8:	17fffd96 	b	b530 <_dtoa_r+0x7a0>
    bedc:	7100005f 	cmp	w2, #0x0
    bee0:	54ffcc0c 	b.gt	b860 <_dtoa_r+0xad0>
    bee4:	17fffe6c 	b	b894 <_dtoa_r+0xb04>
    bee8:	b0000023 	adrp	x3, 10000 <__sfp_handle_exceptions+0x300>
    beec:	b0000020 	adrp	x0, 10000 <__sfp_handle_exceptions+0x300>
    bef0:	91060063 	add	x3, x3, #0x180
    bef4:	91066000 	add	x0, x0, #0x198
    bef8:	d2800002 	mov	x2, #0x0                   	// #0
    befc:	52805de1 	mov	w1, #0x2ef                 	// #751
    bf00:	97ffdea8 	bl	39a0 <__assert_func>
    bf04:	b0000023 	adrp	x3, 10000 <__sfp_handle_exceptions+0x300>
    bf08:	b0000020 	adrp	x0, 10000 <__sfp_handle_exceptions+0x300>
    bf0c:	91060063 	add	x3, x3, #0x180
    bf10:	91066000 	add	x0, x0, #0x198
    bf14:	d2800002 	mov	x2, #0x0                   	// #0
    bf18:	528035e1 	mov	w1, #0x1af                 	// #431
    bf1c:	97ffdea1 	bl	39a0 <__assert_func>
    bf20:	b9007bff 	str	wzr, [sp, #120]
    bf24:	17fffc23 	b	afb0 <_dtoa_r+0x220>
	...

000000000000bf30 <currentlocale>:
    bf30:	a9bc7bfd 	stp	x29, x30, [sp, #-64]!
    bf34:	910003fd 	mov	x29, sp
    bf38:	a90153f3 	stp	x19, x20, [sp, #16]
    bf3c:	d0000034 	adrp	x20, 11000 <__malloc_av_+0x360>
    bf40:	911c8294 	add	x20, x20, #0x720
    bf44:	a9025bf5 	stp	x21, x22, [sp, #32]
    bf48:	d0000035 	adrp	x21, 11000 <__malloc_av_+0x360>
    bf4c:	911d82b5 	add	x21, x21, #0x760
    bf50:	f9001bf7 	str	x23, [sp, #48]
    bf54:	d0000037 	adrp	x23, 11000 <__malloc_av_+0x360>
    bf58:	9118c2f7 	add	x23, x23, #0x630
    bf5c:	d0000036 	adrp	x22, 11000 <__malloc_av_+0x360>
    bf60:	aa1503f3 	mov	x19, x21
    bf64:	911d02c1 	add	x1, x22, #0x740
    bf68:	91038294 	add	x20, x20, #0xe0
    bf6c:	911d02d6 	add	x22, x22, #0x740
    bf70:	aa1703e0 	mov	x0, x23
    bf74:	97ffdba3 	bl	2e00 <strcpy>
    bf78:	aa1303e1 	mov	x1, x19
    bf7c:	aa1603e0 	mov	x0, x22
    bf80:	91008273 	add	x19, x19, #0x20
    bf84:	940006cf 	bl	dac0 <strcmp>
    bf88:	35000120 	cbnz	w0, bfac <currentlocale+0x7c>
    bf8c:	eb14027f 	cmp	x19, x20
    bf90:	54ffff41 	b.ne	bf78 <currentlocale+0x48>  // b.any
    bf94:	a94153f3 	ldp	x19, x20, [sp, #16]
    bf98:	aa1703e0 	mov	x0, x23
    bf9c:	a9425bf5 	ldp	x21, x22, [sp, #32]
    bfa0:	f9401bf7 	ldr	x23, [sp, #48]
    bfa4:	a8c47bfd 	ldp	x29, x30, [sp], #64
    bfa8:	d65f03c0 	ret
    bfac:	b0000033 	adrp	x19, 10000 <__sfp_handle_exceptions+0x300>
    bfb0:	9107e273 	add	x19, x19, #0x1f8
    bfb4:	d503201f 	nop
    bfb8:	aa1303e1 	mov	x1, x19
    bfbc:	aa1703e0 	mov	x0, x23
    bfc0:	94000e30 	bl	f880 <strcat>
    bfc4:	aa1503e1 	mov	x1, x21
    bfc8:	aa1703e0 	mov	x0, x23
    bfcc:	910082b5 	add	x21, x21, #0x20
    bfd0:	94000e2c 	bl	f880 <strcat>
    bfd4:	eb1402bf 	cmp	x21, x20
    bfd8:	54ffff01 	b.ne	bfb8 <currentlocale+0x88>  // b.any
    bfdc:	a94153f3 	ldp	x19, x20, [sp, #16]
    bfe0:	aa1703e0 	mov	x0, x23
    bfe4:	a9425bf5 	ldp	x21, x22, [sp, #32]
    bfe8:	f9401bf7 	ldr	x23, [sp, #48]
    bfec:	a8c47bfd 	ldp	x29, x30, [sp], #64
    bff0:	d65f03c0 	ret
	...

000000000000c000 <__loadlocale>:
    c000:	a9b67bfd 	stp	x29, x30, [sp, #-160]!
    c004:	910003fd 	mov	x29, sp
    c008:	a90153f3 	stp	x19, x20, [sp, #16]
    c00c:	937b7c34 	sbfiz	x20, x1, #5, #32
    c010:	8b140014 	add	x20, x0, x20
    c014:	aa0203f3 	mov	x19, x2
    c018:	a9025bf5 	stp	x21, x22, [sp, #32]
    c01c:	aa0003f6 	mov	x22, x0
    c020:	aa0203e0 	mov	x0, x2
    c024:	a90363f7 	stp	x23, x24, [sp, #48]
    c028:	2a0103f7 	mov	w23, w1
    c02c:	aa1403e1 	mov	x1, x20
    c030:	940006a4 	bl	dac0 <strcmp>
    c034:	350000e0 	cbnz	w0, c050 <__loadlocale+0x50>
    c038:	a9425bf5 	ldp	x21, x22, [sp, #32]
    c03c:	aa1403e0 	mov	x0, x20
    c040:	a94153f3 	ldp	x19, x20, [sp, #16]
    c044:	a94363f7 	ldp	x23, x24, [sp, #48]
    c048:	a8ca7bfd 	ldp	x29, x30, [sp], #160
    c04c:	d65f03c0 	ret
    c050:	aa1303e0 	mov	x0, x19
    c054:	90000021 	adrp	x1, 10000 <__sfp_handle_exceptions+0x300>
    c058:	90000035 	adrp	x21, 10000 <__sfp_handle_exceptions+0x300>
    c05c:	91080021 	add	x1, x1, #0x200
    c060:	910822b5 	add	x21, x21, #0x208
    c064:	94000697 	bl	dac0 <strcmp>
    c068:	340008e0 	cbz	w0, c184 <__loadlocale+0x184>
    c06c:	aa1503e1 	mov	x1, x21
    c070:	aa1303e0 	mov	x0, x19
    c074:	94000693 	bl	dac0 <strcmp>
    c078:	34000780 	cbz	w0, c168 <__loadlocale+0x168>
    c07c:	39400260 	ldrb	w0, [x19]
    c080:	71010c1f 	cmp	w0, #0x43
    c084:	540008e0 	b.eq	c1a0 <__loadlocale+0x1a0>  // b.none
    c088:	51018400 	sub	w0, w0, #0x61
    c08c:	12001c00 	and	w0, w0, #0xff
    c090:	7100641f 	cmp	w0, #0x19
    c094:	54000668 	b.hi	c160 <__loadlocale+0x160>  // b.pmore
    c098:	39400660 	ldrb	w0, [x19, #1]
    c09c:	51018400 	sub	w0, w0, #0x61
    c0a0:	12001c00 	and	w0, w0, #0xff
    c0a4:	7100641f 	cmp	w0, #0x19
    c0a8:	540005c8 	b.hi	c160 <__loadlocale+0x160>  // b.pmore
    c0ac:	39400a60 	ldrb	w0, [x19, #2]
    c0b0:	91000a78 	add	x24, x19, #0x2
    c0b4:	51018401 	sub	w1, w0, #0x61
    c0b8:	12001c21 	and	w1, w1, #0xff
    c0bc:	7100643f 	cmp	w1, #0x19
    c0c0:	54000068 	b.hi	c0cc <__loadlocale+0xcc>  // b.pmore
    c0c4:	39400e60 	ldrb	w0, [x19, #3]
    c0c8:	91000e78 	add	x24, x19, #0x3
    c0cc:	71017c1f 	cmp	w0, #0x5f
    c0d0:	54000900 	b.eq	c1f0 <__loadlocale+0x1f0>  // b.none
    c0d4:	7100b81f 	cmp	w0, #0x2e
    c0d8:	54002f60 	b.eq	c6c4 <__loadlocale+0x6c4>  // b.none
    c0dc:	528017e1 	mov	w1, #0xbf                  	// #191
    c0e0:	6a01001f 	tst	w0, w1
    c0e4:	540003e1 	b.ne	c160 <__loadlocale+0x160>  // b.any
    c0e8:	910203f5 	add	x21, sp, #0x80
    c0ec:	90000021 	adrp	x1, 10000 <__sfp_handle_exceptions+0x300>
    c0f0:	aa1503e0 	mov	x0, x21
    c0f4:	91086021 	add	x1, x1, #0x218
    c0f8:	a9046bf9 	stp	x25, x26, [sp, #64]
    c0fc:	97ffdb41 	bl	2e00 <strcpy>
    c100:	39400300 	ldrb	w0, [x24]
    c104:	7101001f 	cmp	w0, #0x40
    c108:	54002e40 	b.eq	c6d0 <__loadlocale+0x6d0>  // b.none
    c10c:	52800018 	mov	w24, #0x0                   	// #0
    c110:	52800019 	mov	w25, #0x0                   	// #0
    c114:	5280001a 	mov	w26, #0x0                   	// #0
    c118:	394203e1 	ldrb	w1, [sp, #128]
    c11c:	51010421 	sub	w1, w1, #0x41
    c120:	7100d03f 	cmp	w1, #0x34
    c124:	54000388 	b.hi	c194 <__loadlocale+0x194>  // b.pmore
    c128:	90000020 	adrp	x0, 10000 <__sfp_handle_exceptions+0x300>
    c12c:	9118a000 	add	x0, x0, #0x628
    c130:	a90573fb 	stp	x27, x28, [sp, #80]
    c134:	78615800 	ldrh	w0, [x0, w1, uxtw #1]
    c138:	10000061 	adr	x1, c144 <__loadlocale+0x144>
    c13c:	8b20a820 	add	x0, x1, w0, sxth #2
    c140:	d61f0000 	br	x0
    c144:	d10d4800 	sub	x0, x0, #0x352
    c148:	d28234a1 	mov	x1, #0x11a5                	// #4517
    c14c:	f2a00021 	movk	x1, #0x1, lsl #16
    c150:	9ac02420 	lsr	x0, x1, x0
    c154:	37000c60 	tbnz	w0, #0, c2e0 <__loadlocale+0x2e0>
    c158:	a9446bf9 	ldp	x25, x26, [sp, #64]
    c15c:	a94573fb 	ldp	x27, x28, [sp, #80]
    c160:	d2800014 	mov	x20, #0x0                   	// #0
    c164:	17ffffb5 	b	c038 <__loadlocale+0x38>
    c168:	910203f5 	add	x21, sp, #0x80
    c16c:	90000021 	adrp	x1, 10000 <__sfp_handle_exceptions+0x300>
    c170:	aa1503e0 	mov	x0, x21
    c174:	91084021 	add	x1, x1, #0x210
    c178:	a9046bf9 	stp	x25, x26, [sp, #64]
    c17c:	97ffdb21 	bl	2e00 <strcpy>
    c180:	17ffffe3 	b	c10c <__loadlocale+0x10c>
    c184:	aa1503e1 	mov	x1, x21
    c188:	aa1303e0 	mov	x0, x19
    c18c:	97ffdb1d 	bl	2e00 <strcpy>
    c190:	17ffffb7 	b	c06c <__loadlocale+0x6c>
    c194:	a9446bf9 	ldp	x25, x26, [sp, #64]
    c198:	d2800014 	mov	x20, #0x0                   	// #0
    c19c:	17ffffa7 	b	c038 <__loadlocale+0x38>
    c1a0:	39400660 	ldrb	w0, [x19, #1]
    c1a4:	5100b400 	sub	w0, w0, #0x2d
    c1a8:	12001c00 	and	w0, w0, #0xff
    c1ac:	7100041f 	cmp	w0, #0x1
    c1b0:	54fffd88 	b.hi	c160 <__loadlocale+0x160>  // b.pmore
    c1b4:	91000a78 	add	x24, x19, #0x2
    c1b8:	a9046bf9 	stp	x25, x26, [sp, #64]
    c1bc:	910203f5 	add	x21, sp, #0x80
    c1c0:	aa1803e1 	mov	x1, x24
    c1c4:	aa1503e0 	mov	x0, x21
    c1c8:	97ffdb0e 	bl	2e00 <strcpy>
    c1cc:	aa1503e0 	mov	x0, x21
    c1d0:	52800801 	mov	w1, #0x40                  	// #64
    c1d4:	940004eb 	bl	d580 <strchr>
    c1d8:	b4000040 	cbz	x0, c1e0 <__loadlocale+0x1e0>
    c1dc:	3900001f 	strb	wzr, [x0]
    c1e0:	aa1503e0 	mov	x0, x21
    c1e4:	97ffdb57 	bl	2f40 <strlen>
    c1e8:	8b000318 	add	x24, x24, x0
    c1ec:	17ffffc5 	b	c100 <__loadlocale+0x100>
    c1f0:	39400700 	ldrb	w0, [x24, #1]
    c1f4:	51010400 	sub	w0, w0, #0x41
    c1f8:	12001c00 	and	w0, w0, #0xff
    c1fc:	7100641f 	cmp	w0, #0x19
    c200:	54fffb08 	b.hi	c160 <__loadlocale+0x160>  // b.pmore
    c204:	39400b00 	ldrb	w0, [x24, #2]
    c208:	51010400 	sub	w0, w0, #0x41
    c20c:	12001c00 	and	w0, w0, #0xff
    c210:	7100641f 	cmp	w0, #0x19
    c214:	54fffa68 	b.hi	c160 <__loadlocale+0x160>  // b.pmore
    c218:	39400f00 	ldrb	w0, [x24, #3]
    c21c:	91000f18 	add	x24, x24, #0x3
    c220:	17ffffad 	b	c0d4 <__loadlocale+0xd4>
    c224:	9000003b 	adrp	x27, 10000 <__sfp_handle_exceptions+0x300>
    c228:	9109437b 	add	x27, x27, #0x250
    c22c:	aa1b03e1 	mov	x1, x27
    c230:	aa1503e0 	mov	x0, x21
    c234:	94000d77 	bl	f810 <strcasecmp>
    c238:	340000c0 	cbz	w0, c250 <__loadlocale+0x250>
    c23c:	90000021 	adrp	x1, 10000 <__sfp_handle_exceptions+0x300>
    c240:	aa1503e0 	mov	x0, x21
    c244:	91096021 	add	x1, x1, #0x258
    c248:	94000d72 	bl	f810 <strcasecmp>
    c24c:	35fff860 	cbnz	w0, c158 <__loadlocale+0x158>
    c250:	aa1b03e1 	mov	x1, x27
    c254:	aa1503e0 	mov	x0, x21
    c258:	97ffdaea 	bl	2e00 <strcpy>
    c25c:	b000001b 	adrp	x27, d000 <_findenv_r+0xb0>
    c260:	b0000002 	adrp	x2, d000 <_findenv_r+0xb0>
    c264:	9138837b 	add	x27, x27, #0xe20
    c268:	911c8042 	add	x2, x2, #0x720
    c26c:	528000dc 	mov	w28, #0x6                   	// #6
    c270:	71000aff 	cmp	w23, #0x2
    c274:	54001fa0 	b.eq	c668 <__loadlocale+0x668>  // b.none
    c278:	71001aff 	cmp	w23, #0x6
    c27c:	54000081 	b.ne	c28c <__loadlocale+0x28c>  // b.any
    c280:	aa1503e1 	mov	x1, x21
    c284:	91060ac0 	add	x0, x22, #0x182
    c288:	97ffdade 	bl	2e00 <strcpy>
    c28c:	aa1303e1 	mov	x1, x19
    c290:	aa1403e0 	mov	x0, x20
    c294:	97ffdadb 	bl	2e00 <strcpy>
    c298:	aa0003f4 	mov	x20, x0
    c29c:	a9425bf5 	ldp	x21, x22, [sp, #32]
    c2a0:	aa1403e0 	mov	x0, x20
    c2a4:	a94153f3 	ldp	x19, x20, [sp, #16]
    c2a8:	a94363f7 	ldp	x23, x24, [sp, #48]
    c2ac:	a9446bf9 	ldp	x25, x26, [sp, #64]
    c2b0:	a94573fb 	ldp	x27, x28, [sp, #80]
    c2b4:	a8ca7bfd 	ldp	x29, x30, [sp], #160
    c2b8:	d65f03c0 	ret
    c2bc:	90000021 	adrp	x1, 10000 <__sfp_handle_exceptions+0x300>
    c2c0:	aa1503e0 	mov	x0, x21
    c2c4:	910bc021 	add	x1, x1, #0x2f0
    c2c8:	94000d52 	bl	f810 <strcasecmp>
    c2cc:	35fff460 	cbnz	w0, c158 <__loadlocale+0x158>
    c2d0:	90000021 	adrp	x1, 10000 <__sfp_handle_exceptions+0x300>
    c2d4:	aa1503e0 	mov	x0, x21
    c2d8:	910be021 	add	x1, x1, #0x2f8
    c2dc:	97ffdac9 	bl	2e00 <strcpy>
    c2e0:	b000001b 	adrp	x27, d000 <_findenv_r+0xb0>
    c2e4:	b0000002 	adrp	x2, d000 <_findenv_r+0xb0>
    c2e8:	9137437b 	add	x27, x27, #0xdd0
    c2ec:	911b8042 	add	x2, x2, #0x6e0
    c2f0:	5280003c 	mov	w28, #0x1                   	// #1
    c2f4:	17ffffdf 	b	c270 <__loadlocale+0x270>
    c2f8:	90000021 	adrp	x1, 10000 <__sfp_handle_exceptions+0x300>
    c2fc:	aa1503e0 	mov	x0, x21
    c300:	910ac021 	add	x1, x1, #0x2b0
    c304:	d2800082 	mov	x2, #0x4                   	// #4
    c308:	940004d2 	bl	d650 <strncasecmp>
    c30c:	35fff260 	cbnz	w0, c158 <__loadlocale+0x158>
    c310:	394213e0 	ldrb	w0, [sp, #132]
    c314:	394217e1 	ldrb	w1, [sp, #133]
    c318:	7100b41f 	cmp	w0, #0x2d
    c31c:	1a800020 	csel	w0, w1, w0, eq	// eq = none
    c320:	51014800 	sub	w0, w0, #0x52
    c324:	12001c00 	and	w0, w0, #0xff
    c328:	71008c1f 	cmp	w0, #0x23
    c32c:	54fff168 	b.hi	c158 <__loadlocale+0x158>  // b.pmore
    c330:	d2800021 	mov	x1, #0x1                   	// #1
    c334:	9ac02020 	lsl	x0, x1, x0
    c338:	f21e001f 	tst	x0, #0x400000004
    c33c:	540020e1 	b.ne	c758 <__loadlocale+0x758>  // b.any
    c340:	f21d001f 	tst	x0, #0x800000008
    c344:	54002001 	b.ne	c744 <__loadlocale+0x744>  // b.any
    c348:	f200001f 	tst	x0, #0x100000001
    c34c:	54fff060 	b.eq	c158 <__loadlocale+0x158>  // b.none
    c350:	aa1503e0 	mov	x0, x21
    c354:	90000021 	adrp	x1, 10000 <__sfp_handle_exceptions+0x300>
    c358:	910ae021 	add	x1, x1, #0x2b8
    c35c:	97ffdaa9 	bl	2e00 <strcpy>
    c360:	17ffffe0 	b	c2e0 <__loadlocale+0x2e0>
    c364:	9000003b 	adrp	x27, 10000 <__sfp_handle_exceptions+0x300>
    c368:	9109837b 	add	x27, x27, #0x260
    c36c:	aa1b03e1 	mov	x1, x27
    c370:	aa1503e0 	mov	x0, x21
    c374:	94000d27 	bl	f810 <strcasecmp>
    c378:	35ffef00 	cbnz	w0, c158 <__loadlocale+0x158>
    c37c:	aa1b03e1 	mov	x1, x27
    c380:	aa1503e0 	mov	x0, x21
    c384:	97ffda9f 	bl	2e00 <strcpy>
    c388:	d000001b 	adrp	x27, e000 <__utf8_mbtowc+0x1e0>
    c38c:	b0000002 	adrp	x2, d000 <_findenv_r+0xb0>
    c390:	910b837b 	add	x27, x27, #0x2e0
    c394:	91254042 	add	x2, x2, #0x950
    c398:	5280011c 	mov	w28, #0x8                   	// #8
    c39c:	17ffffb5 	b	c270 <__loadlocale+0x270>
    c3a0:	90000021 	adrp	x1, 10000 <__sfp_handle_exceptions+0x300>
    c3a4:	aa1503e0 	mov	x0, x21
    c3a8:	910a2021 	add	x1, x1, #0x288
    c3ac:	d2800062 	mov	x2, #0x3                   	// #3
    c3b0:	940004a8 	bl	d650 <strncasecmp>
    c3b4:	35ffed20 	cbnz	w0, c158 <__loadlocale+0x158>
    c3b8:	39420fe0 	ldrb	w0, [sp, #131]
    c3bc:	90000021 	adrp	x1, 10000 <__sfp_handle_exceptions+0x300>
    c3c0:	d2800082 	mov	x2, #0x4                   	// #4
    c3c4:	910a4021 	add	x1, x1, #0x290
    c3c8:	7100b41f 	cmp	w0, #0x2d
    c3cc:	910283e0 	add	x0, sp, #0xa0
    c3d0:	9a80141b 	cinc	x27, x0, eq	// eq = none
    c3d4:	d100777b 	sub	x27, x27, #0x1d
    c3d8:	aa1b03e0 	mov	x0, x27
    c3dc:	9400049d 	bl	d650 <strncasecmp>
    c3e0:	35ffebc0 	cbnz	w0, c158 <__loadlocale+0x158>
    c3e4:	39401360 	ldrb	w0, [x27, #4]
    c3e8:	9101e3e1 	add	x1, sp, #0x78
    c3ec:	52800142 	mov	w2, #0xa                   	// #10
    c3f0:	7100b41f 	cmp	w0, #0x2d
    c3f4:	9a9b1760 	cinc	x0, x27, eq	// eq = none
    c3f8:	91001000 	add	x0, x0, #0x4
    c3fc:	940002c1 	bl	cf00 <strtol>
    c400:	aa0003fb 	mov	x27, x0
    c404:	d1000400 	sub	x0, x0, #0x1
    c408:	f1003c1f 	cmp	x0, #0xf
    c40c:	fa4c9b64 	ccmp	x27, #0xc, #0x4, ls	// ls = plast
    c410:	54ffea40 	b.eq	c158 <__loadlocale+0x158>  // b.none
    c414:	f9403fe0 	ldr	x0, [sp, #120]
    c418:	39400000 	ldrb	w0, [x0]
    c41c:	35ffe9e0 	cbnz	w0, c158 <__loadlocale+0x158>
    c420:	aa1503e0 	mov	x0, x21
    c424:	90000021 	adrp	x1, 10000 <__sfp_handle_exceptions+0x300>
    c428:	910a6021 	add	x1, x1, #0x298
    c42c:	97ffda75 	bl	2e00 <strcpy>
    c430:	910227e2 	add	x2, sp, #0x89
    c434:	f1002b7f 	cmp	x27, #0xa
    c438:	5400008d 	b.le	c448 <__loadlocale+0x448>
    c43c:	91022be2 	add	x2, sp, #0x8a
    c440:	52800620 	mov	w0, #0x31                  	// #49
    c444:	390227e0 	strb	w0, [sp, #137]
    c448:	b203e7e1 	mov	x1, #0x6666666666666666    	// #7378697629483820646
    c44c:	3900045f 	strb	wzr, [x2, #1]
    c450:	f28ccce1 	movk	x1, #0x6667
    c454:	9b417f61 	smulh	x1, x27, x1
    c458:	9342fc21 	asr	x1, x1, #2
    c45c:	cb9bfc21 	sub	x1, x1, x27, asr #63
    c460:	8b010821 	add	x1, x1, x1, lsl #2
    c464:	cb010760 	sub	x0, x27, x1, lsl #1
    c468:	1100c000 	add	w0, w0, #0x30
    c46c:	39000040 	strb	w0, [x2]
    c470:	17ffff9c 	b	c2e0 <__loadlocale+0x2e0>
    c474:	90000021 	adrp	x1, 10000 <__sfp_handle_exceptions+0x300>
    c478:	aa1503e0 	mov	x0, x21
    c47c:	910c0021 	add	x1, x1, #0x300
    c480:	d2800062 	mov	x2, #0x3                   	// #3
    c484:	94000473 	bl	d650 <strncasecmp>
    c488:	35ffe680 	cbnz	w0, c158 <__loadlocale+0x158>
    c48c:	39420fe0 	ldrb	w0, [sp, #131]
    c490:	90000021 	adrp	x1, 10000 <__sfp_handle_exceptions+0x300>
    c494:	910c2021 	add	x1, x1, #0x308
    c498:	7100b41f 	cmp	w0, #0x2d
    c49c:	910283e0 	add	x0, sp, #0xa0
    c4a0:	9a801400 	cinc	x0, x0, eq	// eq = none
    c4a4:	d1007400 	sub	x0, x0, #0x1d
    c4a8:	94000586 	bl	dac0 <strcmp>
    c4ac:	35ffe560 	cbnz	w0, c158 <__loadlocale+0x158>
    c4b0:	aa1503e0 	mov	x0, x21
    c4b4:	90000021 	adrp	x1, 10000 <__sfp_handle_exceptions+0x300>
    c4b8:	910c4021 	add	x1, x1, #0x310
    c4bc:	97ffda51 	bl	2e00 <strcpy>
    c4c0:	17ffff88 	b	c2e0 <__loadlocale+0x2e0>
    c4c4:	9000003b 	adrp	x27, 10000 <__sfp_handle_exceptions+0x300>
    c4c8:	910a037b 	add	x27, x27, #0x280
    c4cc:	aa1b03e1 	mov	x1, x27
    c4d0:	aa1503e0 	mov	x0, x21
    c4d4:	94000ccf 	bl	f810 <strcasecmp>
    c4d8:	35ffe400 	cbnz	w0, c158 <__loadlocale+0x158>
    c4dc:	aa1b03e1 	mov	x1, x27
    c4e0:	aa1503e0 	mov	x0, x21
    c4e4:	97ffda47 	bl	2e00 <strcpy>
    c4e8:	d000001b 	adrp	x27, e000 <__utf8_mbtowc+0x1e0>
    c4ec:	b0000002 	adrp	x2, d000 <_findenv_r+0xb0>
    c4f0:	9103837b 	add	x27, x27, #0xe0
    c4f4:	91204042 	add	x2, x2, #0x810
    c4f8:	5280005c 	mov	w28, #0x2                   	// #2
    c4fc:	17ffff5d 	b	c270 <__loadlocale+0x270>
    c500:	90000021 	adrp	x1, 10000 <__sfp_handle_exceptions+0x300>
    c504:	aa1503e0 	mov	x0, x21
    c508:	910b4021 	add	x1, x1, #0x2d0
    c50c:	d2800102 	mov	x2, #0x8                   	// #8
    c510:	94000450 	bl	d650 <strncasecmp>
    c514:	35ffe220 	cbnz	w0, c158 <__loadlocale+0x158>
    c518:	394223e0 	ldrb	w0, [sp, #136]
    c51c:	90000021 	adrp	x1, 10000 <__sfp_handle_exceptions+0x300>
    c520:	910b8021 	add	x1, x1, #0x2e0
    c524:	7100b41f 	cmp	w0, #0x2d
    c528:	910283e0 	add	x0, sp, #0xa0
    c52c:	9a801400 	cinc	x0, x0, eq	// eq = none
    c530:	d1006000 	sub	x0, x0, #0x18
    c534:	94000cb7 	bl	f810 <strcasecmp>
    c538:	35ffe100 	cbnz	w0, c158 <__loadlocale+0x158>
    c53c:	aa1503e0 	mov	x0, x21
    c540:	90000021 	adrp	x1, 10000 <__sfp_handle_exceptions+0x300>
    c544:	910ba021 	add	x1, x1, #0x2e8
    c548:	97ffda2e 	bl	2e00 <strcpy>
    c54c:	17ffff65 	b	c2e0 <__loadlocale+0x2e0>
    c550:	90000021 	adrp	x1, 10000 <__sfp_handle_exceptions+0x300>
    c554:	aa1503e0 	mov	x0, x21
    c558:	9109a021 	add	x1, x1, #0x268
    c55c:	d2800062 	mov	x2, #0x3                   	// #3
    c560:	9400043c 	bl	d650 <strncasecmp>
    c564:	35ffdfa0 	cbnz	w0, c158 <__loadlocale+0x158>
    c568:	39420fe0 	ldrb	w0, [sp, #131]
    c56c:	90000021 	adrp	x1, 10000 <__sfp_handle_exceptions+0x300>
    c570:	9109c021 	add	x1, x1, #0x270
    c574:	7100b41f 	cmp	w0, #0x2d
    c578:	910283e0 	add	x0, sp, #0xa0
    c57c:	9a801400 	cinc	x0, x0, eq	// eq = none
    c580:	d1007400 	sub	x0, x0, #0x1d
    c584:	94000ca3 	bl	f810 <strcasecmp>
    c588:	35ffde80 	cbnz	w0, c158 <__loadlocale+0x158>
    c58c:	aa1503e0 	mov	x0, x21
    c590:	90000021 	adrp	x1, 10000 <__sfp_handle_exceptions+0x300>
    c594:	9109e021 	add	x1, x1, #0x278
    c598:	97ffda1a 	bl	2e00 <strcpy>
    c59c:	d000001b 	adrp	x27, e000 <__utf8_mbtowc+0x1e0>
    c5a0:	b0000002 	adrp	x2, d000 <_findenv_r+0xb0>
    c5a4:	9106c37b 	add	x27, x27, #0x1b0
    c5a8:	91228042 	add	x2, x2, #0x8a0
    c5ac:	5280007c 	mov	w28, #0x3                   	// #3
    c5b0:	17ffff30 	b	c270 <__loadlocale+0x270>
    c5b4:	394207e0 	ldrb	w0, [sp, #129]
    c5b8:	121a7800 	and	w0, w0, #0xffffffdf
    c5bc:	12001c00 	and	w0, w0, #0xff
    c5c0:	7101401f 	cmp	w0, #0x50
    c5c4:	54ffdca1 	b.ne	c158 <__loadlocale+0x158>  // b.any
    c5c8:	d2800042 	mov	x2, #0x2                   	// #2
    c5cc:	aa1503e0 	mov	x0, x21
    c5d0:	90000021 	adrp	x1, 10000 <__sfp_handle_exceptions+0x300>
    c5d4:	910aa021 	add	x1, x1, #0x2a8
    c5d8:	9400050e 	bl	da10 <strncpy>
    c5dc:	9101e3e1 	add	x1, sp, #0x78
    c5e0:	91020be0 	add	x0, sp, #0x82
    c5e4:	52800142 	mov	w2, #0xa                   	// #10
    c5e8:	94000246 	bl	cf00 <strtol>
    c5ec:	f9403fe1 	ldr	x1, [sp, #120]
    c5f0:	39400021 	ldrb	w1, [x1]
    c5f4:	35ffdb21 	cbnz	w1, c158 <__loadlocale+0x158>
    c5f8:	f10e901f 	cmp	x0, #0x3a4
    c5fc:	54fff760 	b.eq	c4e8 <__loadlocale+0x4e8>  // b.none
    c600:	54000b6c 	b.gt	c76c <__loadlocale+0x76c>
    c604:	f10d881f 	cmp	x0, #0x362
    c608:	54000bec 	b.gt	c784 <__loadlocale+0x784>
    c60c:	f10d441f 	cmp	x0, #0x351
    c610:	54ffd9ac 	b.gt	c144 <__loadlocale+0x144>
    c614:	f106d41f 	cmp	x0, #0x1b5
    c618:	54ffe640 	b.eq	c2e0 <__loadlocale+0x2e0>  // b.none
    c61c:	d10b4000 	sub	x0, x0, #0x2d0
    c620:	f100dc1f 	cmp	x0, #0x37
    c624:	54ffd9a8 	b.hi	c158 <__loadlocale+0x158>  // b.pmore
    c628:	d2800021 	mov	x1, #0x1                   	// #1
    c62c:	f2a00041 	movk	x1, #0x2, lsl #16
    c630:	f2e01001 	movk	x1, #0x80, lsl #48
    c634:	9ac02420 	lsr	x0, x1, x0
    c638:	3707e540 	tbnz	w0, #0, c2e0 <__loadlocale+0x2e0>
    c63c:	17fffec7 	b	c158 <__loadlocale+0x158>
    c640:	9000003b 	adrp	x27, 10000 <__sfp_handle_exceptions+0x300>
    c644:	9108437b 	add	x27, x27, #0x210
    c648:	aa1b03e1 	mov	x1, x27
    c64c:	aa1503e0 	mov	x0, x21
    c650:	94000c70 	bl	f810 <strcasecmp>
    c654:	35ffd820 	cbnz	w0, c158 <__loadlocale+0x158>
    c658:	aa1b03e1 	mov	x1, x27
    c65c:	aa1503e0 	mov	x0, x21
    c660:	97ffd9e8 	bl	2e00 <strcpy>
    c664:	17ffff1f 	b	c2e0 <__loadlocale+0x2e0>
    c668:	aa1503e1 	mov	x1, x21
    c66c:	91058ac0 	add	x0, x22, #0x162
    c670:	f90037e2 	str	x2, [sp, #104]
    c674:	97ffd9e3 	bl	2e00 <strcpy>
    c678:	f94037e2 	ldr	x2, [sp, #104]
    c67c:	a90e6ec2 	stp	x2, x27, [x22, #224]
    c680:	aa1503e1 	mov	x1, x21
    c684:	390582dc 	strb	w28, [x22, #352]
    c688:	aa1603e0 	mov	x0, x22
    c68c:	94000c9d 	bl	f900 <__set_ctype>
    c690:	35000138 	cbnz	w24, c6b4 <__loadlocale+0x6b4>
    c694:	7100079f 	cmp	w28, #0x1
    c698:	52000339 	eor	w25, w25, #0x1
    c69c:	1a9fd7e0 	cset	w0, gt
    c6a0:	6a00033f 	tst	w25, w0
    c6a4:	54000080 	b.eq	c6b4 <__loadlocale+0x6b4>  // b.none
    c6a8:	394203e0 	ldrb	w0, [sp, #128]
    c6ac:	7101541f 	cmp	w0, #0x55
    c6b0:	1a9f07f8 	cset	w24, ne	// ne = any
    c6b4:	7100035f 	cmp	w26, #0x0
    c6b8:	5a9f0318 	csinv	w24, w24, wzr, eq	// eq = none
    c6bc:	b900f2d8 	str	w24, [x22, #240]
    c6c0:	17fffef3 	b	c28c <__loadlocale+0x28c>
    c6c4:	91000718 	add	x24, x24, #0x1
    c6c8:	a9046bf9 	stp	x25, x26, [sp, #64]
    c6cc:	17fffebc 	b	c1bc <__loadlocale+0x1bc>
    c6d0:	a90573fb 	stp	x27, x28, [sp, #80]
    c6d4:	9100071b 	add	x27, x24, #0x1
    c6d8:	aa1b03e0 	mov	x0, x27
    c6dc:	90000021 	adrp	x1, 10000 <__sfp_handle_exceptions+0x300>
    c6e0:	52800018 	mov	w24, #0x0                   	// #0
    c6e4:	9108a021 	add	x1, x1, #0x228
    c6e8:	5280003a 	mov	w26, #0x1                   	// #1
    c6ec:	940004f5 	bl	dac0 <strcmp>
    c6f0:	2a0003f9 	mov	w25, w0
    c6f4:	35000060 	cbnz	w0, c700 <__loadlocale+0x700>
    c6f8:	a94573fb 	ldp	x27, x28, [sp, #80]
    c6fc:	17fffe87 	b	c118 <__loadlocale+0x118>
    c700:	aa1b03e0 	mov	x0, x27
    c704:	90000021 	adrp	x1, 10000 <__sfp_handle_exceptions+0x300>
    c708:	5280001a 	mov	w26, #0x0                   	// #0
    c70c:	9108e021 	add	x1, x1, #0x238
    c710:	52800039 	mov	w25, #0x1                   	// #1
    c714:	940004eb 	bl	dac0 <strcmp>
    c718:	2a0003f8 	mov	w24, w0
    c71c:	34fffee0 	cbz	w0, c6f8 <__loadlocale+0x6f8>
    c720:	aa1b03e0 	mov	x0, x27
    c724:	90000021 	adrp	x1, 10000 <__sfp_handle_exceptions+0x300>
    c728:	91092021 	add	x1, x1, #0x248
    c72c:	940004e5 	bl	dac0 <strcmp>
    c730:	7100001f 	cmp	w0, #0x0
    c734:	52800019 	mov	w25, #0x0                   	// #0
    c738:	a94573fb 	ldp	x27, x28, [sp, #80]
    c73c:	1a9f17f8 	cset	w24, eq	// eq = none
    c740:	17fffe76 	b	c118 <__loadlocale+0x118>
    c744:	aa1503e0 	mov	x0, x21
    c748:	90000021 	adrp	x1, 10000 <__sfp_handle_exceptions+0x300>
    c74c:	910b0021 	add	x1, x1, #0x2c0
    c750:	97ffd9ac 	bl	2e00 <strcpy>
    c754:	17fffee3 	b	c2e0 <__loadlocale+0x2e0>
    c758:	aa1503e0 	mov	x0, x21
    c75c:	90000021 	adrp	x1, 10000 <__sfp_handle_exceptions+0x300>
    c760:	910b2021 	add	x1, x1, #0x2c8
    c764:	97ffd9a7 	bl	2e00 <strcpy>
    c768:	17fffede 	b	c2e0 <__loadlocale+0x2e0>
    c76c:	f111941f 	cmp	x0, #0x465
    c770:	54ffdb80 	b.eq	c2e0 <__loadlocale+0x2e0>  // b.none
    c774:	d1138800 	sub	x0, x0, #0x4e2
    c778:	f100201f 	cmp	x0, #0x8
    c77c:	54ffdb29 	b.ls	c2e0 <__loadlocale+0x2e0>  // b.plast
    c780:	17fffe76 	b	c158 <__loadlocale+0x158>
    c784:	f10da81f 	cmp	x0, #0x36a
    c788:	54ffce81 	b.ne	c158 <__loadlocale+0x158>  // b.any
    c78c:	17fffed5 	b	c2e0 <__loadlocale+0x2e0>

000000000000c790 <__get_locale_env>:
    c790:	a9be7bfd 	stp	x29, x30, [sp, #-32]!
    c794:	910003fd 	mov	x29, sp
    c798:	a90153f3 	stp	x19, x20, [sp, #16]
    c79c:	2a0103f4 	mov	w20, w1
    c7a0:	aa0003f3 	mov	x19, x0
    c7a4:	90000021 	adrp	x1, 10000 <__sfp_handle_exceptions+0x300>
    c7a8:	910c6021 	add	x1, x1, #0x318
    c7ac:	94000229 	bl	d050 <_getenv_r>
    c7b0:	b4000060 	cbz	x0, c7bc <__get_locale_env+0x2c>
    c7b4:	39400001 	ldrb	w1, [x0]
    c7b8:	35000241 	cbnz	w1, c800 <__get_locale_env+0x70>
    c7bc:	90000021 	adrp	x1, 10000 <__sfp_handle_exceptions+0x300>
    c7c0:	91214021 	add	x1, x1, #0x850
    c7c4:	aa1303e0 	mov	x0, x19
    c7c8:	f874d821 	ldr	x1, [x1, w20, sxtw #3]
    c7cc:	94000221 	bl	d050 <_getenv_r>
    c7d0:	b4000060 	cbz	x0, c7dc <__get_locale_env+0x4c>
    c7d4:	39400001 	ldrb	w1, [x0]
    c7d8:	35000141 	cbnz	w1, c800 <__get_locale_env+0x70>
    c7dc:	90000021 	adrp	x1, 10000 <__sfp_handle_exceptions+0x300>
    c7e0:	aa1303e0 	mov	x0, x19
    c7e4:	910c8021 	add	x1, x1, #0x320
    c7e8:	9400021a 	bl	d050 <_getenv_r>
    c7ec:	b4000060 	cbz	x0, c7f8 <__get_locale_env+0x68>
    c7f0:	39400001 	ldrb	w1, [x0]
    c7f4:	35000061 	cbnz	w1, c800 <__get_locale_env+0x70>
    c7f8:	b0000020 	adrp	x0, 11000 <__malloc_av_+0x360>
    c7fc:	91234000 	add	x0, x0, #0x8d0
    c800:	a94153f3 	ldp	x19, x20, [sp, #16]
    c804:	a8c27bfd 	ldp	x29, x30, [sp], #32
    c808:	d65f03c0 	ret
    c80c:	00000000 	udf	#0

000000000000c810 <_setlocale_r>:
    c810:	a9ba7bfd 	stp	x29, x30, [sp, #-96]!
    c814:	910003fd 	mov	x29, sp
    c818:	a90153f3 	stp	x19, x20, [sp, #16]
    c81c:	a9025bf5 	stp	x21, x22, [sp, #32]
    c820:	a90363f7 	stp	x23, x24, [sp, #48]
    c824:	aa0003f7 	mov	x23, x0
    c828:	7100183f 	cmp	w1, #0x6
    c82c:	54000c28 	b.hi	c9b0 <_setlocale_r+0x1a0>  // b.pmore
    c830:	a9046bf9 	stp	x25, x26, [sp, #64]
    c834:	aa0203f9 	mov	x25, x2
    c838:	f9002bfb 	str	x27, [sp, #80]
    c83c:	2a0103fb 	mov	w27, w1
    c840:	b4001142 	cbz	x2, ca68 <_setlocale_r+0x258>
    c844:	90001fb6 	adrp	x22, 400000 <__sf+0x10>
    c848:	b0000035 	adrp	x21, 11000 <__malloc_av_+0x360>
    c84c:	910e82d6 	add	x22, x22, #0x3a0
    c850:	911d02b5 	add	x21, x21, #0x740
    c854:	90001fb8 	adrp	x24, 400000 <__sf+0x10>
    c858:	910e0318 	add	x24, x24, #0x380
    c85c:	aa1603f3 	mov	x19, x22
    c860:	aa1503f4 	mov	x20, x21
    c864:	9103831a 	add	x26, x24, #0xe0
    c868:	aa1403e1 	mov	x1, x20
    c86c:	aa1303e0 	mov	x0, x19
    c870:	91008273 	add	x19, x19, #0x20
    c874:	97ffd963 	bl	2e00 <strcpy>
    c878:	91008294 	add	x20, x20, #0x20
    c87c:	eb13035f 	cmp	x26, x19
    c880:	54ffff41 	b.ne	c868 <_setlocale_r+0x58>  // b.any
    c884:	39400320 	ldrb	w0, [x25]
    c888:	350005e0 	cbnz	w0, c944 <_setlocale_r+0x134>
    c88c:	350010fb 	cbnz	w27, caa8 <_setlocale_r+0x298>
    c890:	aa1603f8 	mov	x24, x22
    c894:	52800033 	mov	w19, #0x1                   	// #1
    c898:	2a1303e1 	mov	w1, w19
    c89c:	aa1703e0 	mov	x0, x23
    c8a0:	97ffffbc 	bl	c790 <__get_locale_env>
    c8a4:	aa0003f4 	mov	x20, x0
    c8a8:	97ffd9a6 	bl	2f40 <strlen>
    c8ac:	aa0003e2 	mov	x2, x0
    c8b0:	aa1403e1 	mov	x1, x20
    c8b4:	aa1803e0 	mov	x0, x24
    c8b8:	f1007c5f 	cmp	x2, #0x1f
    c8bc:	54000768 	b.hi	c9a8 <_setlocale_r+0x198>  // b.pmore
    c8c0:	11000673 	add	w19, w19, #0x1
    c8c4:	97ffd94f 	bl	2e00 <strcpy>
    c8c8:	91008318 	add	x24, x24, #0x20
    c8cc:	71001e7f 	cmp	w19, #0x7
    c8d0:	54fffe41 	b.ne	c898 <_setlocale_r+0x88>  // b.any
    c8d4:	90001fba 	adrp	x26, 400000 <__sf+0x10>
    c8d8:	910b035a 	add	x26, x26, #0x2c0
    c8dc:	b0000039 	adrp	x25, 11000 <__malloc_av_+0x360>
    c8e0:	aa1a03f8 	mov	x24, x26
    c8e4:	aa1603f4 	mov	x20, x22
    c8e8:	911c8339 	add	x25, x25, #0x720
    c8ec:	52800033 	mov	w19, #0x1                   	// #1
    c8f0:	aa1503e1 	mov	x1, x21
    c8f4:	aa1803e0 	mov	x0, x24
    c8f8:	97ffd942 	bl	2e00 <strcpy>
    c8fc:	aa1403e2 	mov	x2, x20
    c900:	2a1303e1 	mov	w1, w19
    c904:	aa1903e0 	mov	x0, x25
    c908:	97fffdbe 	bl	c000 <__loadlocale>
    c90c:	b4000e80 	cbz	x0, cadc <_setlocale_r+0x2cc>
    c910:	11000673 	add	w19, w19, #0x1
    c914:	91008318 	add	x24, x24, #0x20
    c918:	910082b5 	add	x21, x21, #0x20
    c91c:	91008294 	add	x20, x20, #0x20
    c920:	71001e7f 	cmp	w19, #0x7
    c924:	54fffe61 	b.ne	c8f0 <_setlocale_r+0xe0>  // b.any
    c928:	a94153f3 	ldp	x19, x20, [sp, #16]
    c92c:	a9425bf5 	ldp	x21, x22, [sp, #32]
    c930:	a94363f7 	ldp	x23, x24, [sp, #48]
    c934:	a9446bf9 	ldp	x25, x26, [sp, #64]
    c938:	f9402bfb 	ldr	x27, [sp, #80]
    c93c:	a8c67bfd 	ldp	x29, x30, [sp], #96
    c940:	17fffd7c 	b	bf30 <currentlocale>
    c944:	340003fb 	cbz	w27, c9c0 <_setlocale_r+0x1b0>
    c948:	aa1903e0 	mov	x0, x25
    c94c:	97ffd97d 	bl	2f40 <strlen>
    c950:	f1007c1f 	cmp	x0, #0x1f
    c954:	540002a8 	b.hi	c9a8 <_setlocale_r+0x198>  // b.pmore
    c958:	937b7f73 	sbfiz	x19, x27, #5, #32
    c95c:	aa1903e1 	mov	x1, x25
    c960:	8b130313 	add	x19, x24, x19
    c964:	aa1303e0 	mov	x0, x19
    c968:	97ffd926 	bl	2e00 <strcpy>
    c96c:	aa1303e2 	mov	x2, x19
    c970:	2a1b03e1 	mov	w1, w27
    c974:	b0000020 	adrp	x0, 11000 <__malloc_av_+0x360>
    c978:	911c8000 	add	x0, x0, #0x720
    c97c:	97fffda1 	bl	c000 <__loadlocale>
    c980:	aa0003f3 	mov	x19, x0
    c984:	97fffd6b 	bl	bf30 <currentlocale>
    c988:	a9446bf9 	ldp	x25, x26, [sp, #64]
    c98c:	f9402bfb 	ldr	x27, [sp, #80]
    c990:	aa1303e0 	mov	x0, x19
    c994:	a94153f3 	ldp	x19, x20, [sp, #16]
    c998:	a9425bf5 	ldp	x21, x22, [sp, #32]
    c99c:	a94363f7 	ldp	x23, x24, [sp, #48]
    c9a0:	a8c67bfd 	ldp	x29, x30, [sp], #96
    c9a4:	d65f03c0 	ret
    c9a8:	a9446bf9 	ldp	x25, x26, [sp, #64]
    c9ac:	f9402bfb 	ldr	x27, [sp, #80]
    c9b0:	528002d5 	mov	w21, #0x16                  	// #22
    c9b4:	d2800013 	mov	x19, #0x0                   	// #0
    c9b8:	b90002f5 	str	w21, [x23]
    c9bc:	17fffff5 	b	c990 <_setlocale_r+0x180>
    c9c0:	aa1903e0 	mov	x0, x25
    c9c4:	528005e1 	mov	w1, #0x2f                  	// #47
    c9c8:	940002ee 	bl	d580 <strchr>
    c9cc:	aa0003f3 	mov	x19, x0
    c9d0:	b5000060 	cbnz	x0, c9dc <_setlocale_r+0x1cc>
    c9d4:	14000061 	b	cb58 <_setlocale_r+0x348>
    c9d8:	91000673 	add	x19, x19, #0x1
    c9dc:	39400660 	ldrb	w0, [x19, #1]
    c9e0:	7100bc1f 	cmp	w0, #0x2f
    c9e4:	54ffffa0 	b.eq	c9d8 <_setlocale_r+0x1c8>  // b.none
    c9e8:	34fffe00 	cbz	w0, c9a8 <_setlocale_r+0x198>
    c9ec:	aa1603fa 	mov	x26, x22
    c9f0:	52800034 	mov	w20, #0x1                   	// #1
    c9f4:	cb190262 	sub	x2, x19, x25
    c9f8:	71007c5f 	cmp	w2, #0x1f
    c9fc:	54fffd6c 	b.gt	c9a8 <_setlocale_r+0x198>
    ca00:	11000442 	add	w2, w2, #0x1
    ca04:	aa1903e1 	mov	x1, x25
    ca08:	aa1a03e0 	mov	x0, x26
    ca0c:	11000694 	add	w20, w20, #0x1
    ca10:	93407c42 	sxtw	x2, w2
    ca14:	94000197 	bl	d070 <strlcpy>
    ca18:	39400261 	ldrb	w1, [x19]
    ca1c:	7100bc3f 	cmp	w1, #0x2f
    ca20:	540000a1 	b.ne	ca34 <_setlocale_r+0x224>  // b.any
    ca24:	d503201f 	nop
    ca28:	38401e61 	ldrb	w1, [x19, #1]!
    ca2c:	7100bc3f 	cmp	w1, #0x2f
    ca30:	54ffffc0 	b.eq	ca28 <_setlocale_r+0x218>  // b.none
    ca34:	34000ac1 	cbz	w1, cb8c <_setlocale_r+0x37c>
    ca38:	aa1303e3 	mov	x3, x19
    ca3c:	d503201f 	nop
    ca40:	38401c61 	ldrb	w1, [x3, #1]!
    ca44:	7100bc3f 	cmp	w1, #0x2f
    ca48:	7a401824 	ccmp	w1, #0x0, #0x4, ne	// ne = any
    ca4c:	54ffffa1 	b.ne	ca40 <_setlocale_r+0x230>  // b.any
    ca50:	9100835a 	add	x26, x26, #0x20
    ca54:	71001e9f 	cmp	w20, #0x7
    ca58:	54fff3e0 	b.eq	c8d4 <_setlocale_r+0xc4>  // b.none
    ca5c:	aa1303f9 	mov	x25, x19
    ca60:	aa0303f3 	mov	x19, x3
    ca64:	17ffffe4 	b	c9f4 <_setlocale_r+0x1e4>
    ca68:	937b7c20 	sbfiz	x0, x1, #5, #32
    ca6c:	b0000021 	adrp	x1, 11000 <__malloc_av_+0x360>
    ca70:	911c8021 	add	x1, x1, #0x720
    ca74:	7100037f 	cmp	w27, #0x0
    ca78:	8b010000 	add	x0, x0, x1
    ca7c:	b0000033 	adrp	x19, 11000 <__malloc_av_+0x360>
    ca80:	9118c273 	add	x19, x19, #0x630
    ca84:	9a800273 	csel	x19, x19, x0, eq	// eq = none
    ca88:	a9425bf5 	ldp	x21, x22, [sp, #32]
    ca8c:	aa1303e0 	mov	x0, x19
    ca90:	a94153f3 	ldp	x19, x20, [sp, #16]
    ca94:	a94363f7 	ldp	x23, x24, [sp, #48]
    ca98:	a9446bf9 	ldp	x25, x26, [sp, #64]
    ca9c:	f9402bfb 	ldr	x27, [sp, #80]
    caa0:	a8c67bfd 	ldp	x29, x30, [sp], #96
    caa4:	d65f03c0 	ret
    caa8:	2a1b03e1 	mov	w1, w27
    caac:	aa1703e0 	mov	x0, x23
    cab0:	97ffff38 	bl	c790 <__get_locale_env>
    cab4:	aa0003f4 	mov	x20, x0
    cab8:	97ffd922 	bl	2f40 <strlen>
    cabc:	f1007c1f 	cmp	x0, #0x1f
    cac0:	54fff748 	b.hi	c9a8 <_setlocale_r+0x198>  // b.pmore
    cac4:	937b7f73 	sbfiz	x19, x27, #5, #32
    cac8:	aa1403e1 	mov	x1, x20
    cacc:	8b130313 	add	x19, x24, x19
    cad0:	aa1303e0 	mov	x0, x19
    cad4:	97ffd8cb 	bl	2e00 <strcpy>
    cad8:	17ffffa5 	b	c96c <_setlocale_r+0x15c>
    cadc:	90000020 	adrp	x0, 10000 <__sfp_handle_exceptions+0x300>
    cae0:	b94002f5 	ldr	w21, [x23]
    cae4:	91082018 	add	x24, x0, #0x208
    cae8:	52800034 	mov	w20, #0x1                   	// #1
    caec:	6b14027f 	cmp	w19, w20
    caf0:	540000e1 	b.ne	cb0c <_setlocale_r+0x2fc>  // b.any
    caf4:	14000016 	b	cb4c <_setlocale_r+0x33c>
    caf8:	11000694 	add	w20, w20, #0x1
    cafc:	910082d6 	add	x22, x22, #0x20
    cb00:	9100835a 	add	x26, x26, #0x20
    cb04:	6b13029f 	cmp	w20, w19
    cb08:	54000220 	b.eq	cb4c <_setlocale_r+0x33c>  // b.none
    cb0c:	aa1a03e1 	mov	x1, x26
    cb10:	aa1603e0 	mov	x0, x22
    cb14:	97ffd8bb 	bl	2e00 <strcpy>
    cb18:	aa1603e2 	mov	x2, x22
    cb1c:	2a1403e1 	mov	w1, w20
    cb20:	aa1903e0 	mov	x0, x25
    cb24:	97fffd37 	bl	c000 <__loadlocale>
    cb28:	b5fffe80 	cbnz	x0, caf8 <_setlocale_r+0x2e8>
    cb2c:	aa1803e1 	mov	x1, x24
    cb30:	aa1603e0 	mov	x0, x22
    cb34:	97ffd8b3 	bl	2e00 <strcpy>
    cb38:	aa1603e2 	mov	x2, x22
    cb3c:	2a1403e1 	mov	w1, w20
    cb40:	aa1903e0 	mov	x0, x25
    cb44:	97fffd2f 	bl	c000 <__loadlocale>
    cb48:	17ffffec 	b	caf8 <_setlocale_r+0x2e8>
    cb4c:	a9446bf9 	ldp	x25, x26, [sp, #64]
    cb50:	f9402bfb 	ldr	x27, [sp, #80]
    cb54:	17ffff98 	b	c9b4 <_setlocale_r+0x1a4>
    cb58:	aa1903e0 	mov	x0, x25
    cb5c:	97ffd8f9 	bl	2f40 <strlen>
    cb60:	f1007c1f 	cmp	x0, #0x1f
    cb64:	54fff228 	b.hi	c9a8 <_setlocale_r+0x198>  // b.pmore
    cb68:	aa1603f3 	mov	x19, x22
    cb6c:	d503201f 	nop
    cb70:	aa1303e0 	mov	x0, x19
    cb74:	aa1903e1 	mov	x1, x25
    cb78:	91008273 	add	x19, x19, #0x20
    cb7c:	97ffd8a1 	bl	2e00 <strcpy>
    cb80:	eb13035f 	cmp	x26, x19
    cb84:	54ffff61 	b.ne	cb70 <_setlocale_r+0x360>  // b.any
    cb88:	17ffff53 	b	c8d4 <_setlocale_r+0xc4>
    cb8c:	71001e9f 	cmp	w20, #0x7
    cb90:	54ffea20 	b.eq	c8d4 <_setlocale_r+0xc4>  // b.none
    cb94:	937b7e93 	sbfiz	x19, x20, #5, #32
    cb98:	8b130313 	add	x19, x24, x19
    cb9c:	d503201f 	nop
    cba0:	d1008261 	sub	x1, x19, #0x20
    cba4:	aa1303e0 	mov	x0, x19
    cba8:	11000694 	add	w20, w20, #0x1
    cbac:	97ffd895 	bl	2e00 <strcpy>
    cbb0:	91008273 	add	x19, x19, #0x20
    cbb4:	71001e9f 	cmp	w20, #0x7
    cbb8:	54ffff41 	b.ne	cba0 <_setlocale_r+0x390>  // b.any
    cbbc:	17ffff46 	b	c8d4 <_setlocale_r+0xc4>

000000000000cbc0 <__locale_mb_cur_max>:
    cbc0:	b0000020 	adrp	x0, 11000 <__malloc_av_+0x360>
    cbc4:	39620000 	ldrb	w0, [x0, #2176]
    cbc8:	d65f03c0 	ret
    cbcc:	00000000 	udf	#0

000000000000cbd0 <setlocale>:
    cbd0:	b0000023 	adrp	x3, 11000 <__malloc_av_+0x360>
    cbd4:	aa0103e2 	mov	x2, x1
    cbd8:	2a0003e1 	mov	w1, w0
    cbdc:	f9425860 	ldr	x0, [x3, #1200]
    cbe0:	17ffff0c 	b	c810 <_setlocale_r>
	...

000000000000cbf0 <__localeconv_l>:
    cbf0:	91040000 	add	x0, x0, #0x100
    cbf4:	d65f03c0 	ret
	...

000000000000cc00 <_localeconv_r>:
    cc00:	b0000020 	adrp	x0, 11000 <__malloc_av_+0x360>
    cc04:	91208000 	add	x0, x0, #0x820
    cc08:	d65f03c0 	ret
    cc0c:	00000000 	udf	#0

000000000000cc10 <localeconv>:
    cc10:	b0000020 	adrp	x0, 11000 <__malloc_av_+0x360>
    cc14:	91208000 	add	x0, x0, #0x820
    cc18:	d65f03c0 	ret
    cc1c:	00000000 	udf	#0

000000000000cc20 <__sprint_r>:
    cc20:	a9be7bfd 	stp	x29, x30, [sp, #-32]!
    cc24:	910003fd 	mov	x29, sp
    cc28:	f9400843 	ldr	x3, [x2, #16]
    cc2c:	f9000bf3 	str	x19, [sp, #16]
    cc30:	aa0203f3 	mov	x19, x2
    cc34:	b50000c3 	cbnz	x3, cc4c <__sprint_r+0x2c>
    cc38:	b9000a7f 	str	wzr, [x19, #8]
    cc3c:	52800000 	mov	w0, #0x0                   	// #0
    cc40:	f9400bf3 	ldr	x19, [sp, #16]
    cc44:	a8c27bfd 	ldp	x29, x30, [sp], #32
    cc48:	d65f03c0 	ret
    cc4c:	97ffdb8d 	bl	3a80 <__sfvwrite_r>
    cc50:	b9000a7f 	str	wzr, [x19, #8]
    cc54:	f9000a7f 	str	xzr, [x19, #16]
    cc58:	f9400bf3 	ldr	x19, [sp, #16]
    cc5c:	a8c27bfd 	ldp	x29, x30, [sp], #32
    cc60:	d65f03c0 	ret
	...

000000000000cc70 <frexp>:
    cc70:	9e660002 	fmov	x2, d0
    cc74:	b900001f 	str	wzr, [x0]
    cc78:	12b00204 	mov	w4, #0x7fefffff            	// #2146435071
    cc7c:	d360f841 	ubfx	x1, x2, #32, #31
    cc80:	d360fc43 	lsr	x3, x2, #32
    cc84:	6b04003f 	cmp	w1, w4
    cc88:	540002e8 	b.hi	cce4 <frexp+0x74>  // b.pmore
    cc8c:	2a020022 	orr	w2, w1, w2
    cc90:	340002a2 	cbz	w2, cce4 <frexp+0x74>
    cc94:	52800004 	mov	w4, #0x0                   	// #0
    cc98:	f26c287f 	tst	x3, #0x7ff00000
    cc9c:	54000121 	b.ne	ccc0 <frexp+0x50>  // b.any
    cca0:	d2e86a01 	mov	x1, #0x4350000000000000    	// #4850376798678024192
    cca4:	9e670021 	fmov	d1, x1
    cca8:	128006a4 	mov	w4, #0xffffffca            	// #-54
    ccac:	1e610800 	fmul	d0, d0, d1
    ccb0:	9e660001 	fmov	x1, d0
    ccb4:	d360fc21 	lsr	x1, x1, #32
    ccb8:	2a0103e3 	mov	w3, w1
    ccbc:	12007821 	and	w1, w1, #0x7fffffff
    ccc0:	9e660002 	fmov	x2, d0
    ccc4:	12015063 	and	w3, w3, #0x800fffff
    ccc8:	13147c21 	asr	w1, w1, #20
    cccc:	320b2063 	orr	w3, w3, #0x3fe00000
    ccd0:	510ff821 	sub	w1, w1, #0x3fe
    ccd4:	0b040021 	add	w1, w1, w4
    ccd8:	b9000001 	str	w1, [x0]
    ccdc:	b3607c62 	bfi	x2, x3, #32, #32
    cce0:	9e670040 	fmov	d0, x2
    cce4:	d65f03c0 	ret
	...

000000000000ccf0 <_strtol_l.part.0>:
    ccf0:	90000027 	adrp	x7, 10000 <__sfp_handle_exceptions+0x300>
    ccf4:	aa0003ec 	mov	x12, x0
    ccf8:	aa0103e6 	mov	x6, x1
    ccfc:	9129c4e7 	add	x7, x7, #0xa71
    cd00:	aa0603e8 	mov	x8, x6
    cd04:	384014c5 	ldrb	w5, [x6], #1
    cd08:	386548e4 	ldrb	w4, [x7, w5, uxtw]
    cd0c:	371fffa4 	tbnz	w4, #3, cd00 <_strtol_l.part.0+0x10>
    cd10:	7100b4bf 	cmp	w5, #0x2d
    cd14:	54000700 	b.eq	cdf4 <_strtol_l.part.0+0x104>  // b.none
    cd18:	92f0000b 	mov	x11, #0x7fffffffffffffff    	// #9223372036854775807
    cd1c:	5280000d 	mov	w13, #0x0                   	// #0
    cd20:	7100acbf 	cmp	w5, #0x2b
    cd24:	54000620 	b.eq	cde8 <_strtol_l.part.0+0xf8>  // b.none
    cd28:	93407c6a 	sxtw	x10, w3
    cd2c:	721b787f 	tst	w3, #0xffffffef
    cd30:	540000c1 	b.ne	cd48 <_strtol_l.part.0+0x58>  // b.any
    cd34:	7100c0bf 	cmp	w5, #0x30
    cd38:	54000780 	b.eq	ce28 <_strtol_l.part.0+0x138>  // b.none
    cd3c:	35000963 	cbnz	w3, ce68 <_strtol_l.part.0+0x178>
    cd40:	d280014a 	mov	x10, #0xa                   	// #10
    cd44:	2a0a03e3 	mov	w3, w10
    cd48:	9aca0968 	udiv	x8, x11, x10
    cd4c:	52800007 	mov	w7, #0x0                   	// #0
    cd50:	d2800000 	mov	x0, #0x0                   	// #0
    cd54:	1b0aad09 	msub	w9, w8, w10, w11
    cd58:	5100c0a4 	sub	w4, w5, #0x30
    cd5c:	7100249f 	cmp	w4, #0x9
    cd60:	540000a9 	b.ls	cd74 <_strtol_l.part.0+0x84>  // b.plast
    cd64:	510104a4 	sub	w4, w5, #0x41
    cd68:	7100649f 	cmp	w4, #0x19
    cd6c:	54000208 	b.hi	cdac <_strtol_l.part.0+0xbc>  // b.pmore
    cd70:	5100dca4 	sub	w4, w5, #0x37
    cd74:	6b04007f 	cmp	w3, w4
    cd78:	5400028d 	b.le	cdc8 <_strtol_l.part.0+0xd8>
    cd7c:	710000ff 	cmp	w7, #0x0
    cd80:	12800007 	mov	w7, #0xffffffff            	// #-1
    cd84:	fa40a100 	ccmp	x8, x0, #0x0, ge	// ge = tcont
    cd88:	540000e3 	b.cc	cda4 <_strtol_l.part.0+0xb4>  // b.lo, b.ul, b.last
    cd8c:	eb00011f 	cmp	x8, x0
    cd90:	7a440120 	ccmp	w9, w4, #0x0, eq	// eq = none
    cd94:	5400008b 	b.lt	cda4 <_strtol_l.part.0+0xb4>  // b.tstop
    cd98:	93407c84 	sxtw	x4, w4
    cd9c:	52800027 	mov	w7, #0x1                   	// #1
    cda0:	9b0a1000 	madd	x0, x0, x10, x4
    cda4:	384014c5 	ldrb	w5, [x6], #1
    cda8:	17ffffec 	b	cd58 <_strtol_l.part.0+0x68>
    cdac:	510184a4 	sub	w4, w5, #0x61
    cdb0:	7100649f 	cmp	w4, #0x19
    cdb4:	540000a8 	b.hi	cdc8 <_strtol_l.part.0+0xd8>  // b.pmore
    cdb8:	51015ca4 	sub	w4, w5, #0x57
    cdbc:	6b04007f 	cmp	w3, w4
    cdc0:	54fffdec 	b.gt	cd7c <_strtol_l.part.0+0x8c>
    cdc4:	d503201f 	nop
    cdc8:	310004ff 	cmn	w7, #0x1
    cdcc:	540001e0 	b.eq	ce08 <_strtol_l.part.0+0x118>  // b.none
    cdd0:	710001bf 	cmp	w13, #0x0
    cdd4:	da800400 	cneg	x0, x0, ne	// ne = any
    cdd8:	b4000062 	cbz	x2, cde4 <_strtol_l.part.0+0xf4>
    cddc:	35000387 	cbnz	w7, ce4c <_strtol_l.part.0+0x15c>
    cde0:	f9000041 	str	x1, [x2]
    cde4:	d65f03c0 	ret
    cde8:	394000c5 	ldrb	w5, [x6]
    cdec:	91000906 	add	x6, x8, #0x2
    cdf0:	17ffffce 	b	cd28 <_strtol_l.part.0+0x38>
    cdf4:	394000c5 	ldrb	w5, [x6]
    cdf8:	d2f0000b 	mov	x11, #0x8000000000000000    	// #-9223372036854775808
    cdfc:	91000906 	add	x6, x8, #0x2
    ce00:	5280002d 	mov	w13, #0x1                   	// #1
    ce04:	17ffffc9 	b	cd28 <_strtol_l.part.0+0x38>
    ce08:	52800440 	mov	w0, #0x22                  	// #34
    ce0c:	b9000180 	str	w0, [x12]
    ce10:	aa0b03e0 	mov	x0, x11
    ce14:	b4fffe82 	cbz	x2, cde4 <_strtol_l.part.0+0xf4>
    ce18:	d10004c1 	sub	x1, x6, #0x1
    ce1c:	aa0b03e0 	mov	x0, x11
    ce20:	f9000041 	str	x1, [x2]
    ce24:	17fffff0 	b	cde4 <_strtol_l.part.0+0xf4>
    ce28:	394000c0 	ldrb	w0, [x6]
    ce2c:	121a7800 	and	w0, w0, #0xffffffdf
    ce30:	12001c00 	and	w0, w0, #0xff
    ce34:	7101601f 	cmp	w0, #0x58
    ce38:	540000e0 	b.eq	ce54 <_strtol_l.part.0+0x164>  // b.none
    ce3c:	35000163 	cbnz	w3, ce68 <_strtol_l.part.0+0x178>
    ce40:	d280010a 	mov	x10, #0x8                   	// #8
    ce44:	2a0a03e3 	mov	w3, w10
    ce48:	17ffffc0 	b	cd48 <_strtol_l.part.0+0x58>
    ce4c:	aa0003eb 	mov	x11, x0
    ce50:	17fffff2 	b	ce18 <_strtol_l.part.0+0x128>
    ce54:	394004c5 	ldrb	w5, [x6, #1]
    ce58:	d280020a 	mov	x10, #0x10                  	// #16
    ce5c:	910008c6 	add	x6, x6, #0x2
    ce60:	2a0a03e3 	mov	w3, w10
    ce64:	17ffffb9 	b	cd48 <_strtol_l.part.0+0x58>
    ce68:	d280020a 	mov	x10, #0x10                  	// #16
    ce6c:	2a0a03e3 	mov	w3, w10
    ce70:	17ffffb6 	b	cd48 <_strtol_l.part.0+0x58>
	...

000000000000ce80 <_strtol_r>:
    ce80:	7100907f 	cmp	w3, #0x24
    ce84:	7a419864 	ccmp	w3, #0x1, #0x4, ls	// ls = plast
    ce88:	54000040 	b.eq	ce90 <_strtol_r+0x10>  // b.none
    ce8c:	17ffff99 	b	ccf0 <_strtol_l.part.0>
    ce90:	a9bf7bfd 	stp	x29, x30, [sp, #-16]!
    ce94:	910003fd 	mov	x29, sp
    ce98:	97ffdaf6 	bl	3a70 <__errno>
    ce9c:	528002c1 	mov	w1, #0x16                  	// #22
    cea0:	b9000001 	str	w1, [x0]
    cea4:	d2800000 	mov	x0, #0x0                   	// #0
    cea8:	a8c17bfd 	ldp	x29, x30, [sp], #16
    ceac:	d65f03c0 	ret

000000000000ceb0 <strtol_l>:
    ceb0:	b0000024 	adrp	x4, 11000 <__malloc_av_+0x360>
    ceb4:	7100905f 	cmp	w2, #0x24
    ceb8:	7a419844 	ccmp	w2, #0x1, #0x4, ls	// ls = plast
    cebc:	f9425884 	ldr	x4, [x4, #1200]
    cec0:	540000c0 	b.eq	ced8 <strtol_l+0x28>  // b.none
    cec4:	2a0203e3 	mov	w3, w2
    cec8:	aa0103e2 	mov	x2, x1
    cecc:	aa0003e1 	mov	x1, x0
    ced0:	aa0403e0 	mov	x0, x4
    ced4:	17ffff87 	b	ccf0 <_strtol_l.part.0>
    ced8:	a9bf7bfd 	stp	x29, x30, [sp, #-16]!
    cedc:	910003fd 	mov	x29, sp
    cee0:	97ffdae4 	bl	3a70 <__errno>
    cee4:	528002c1 	mov	w1, #0x16                  	// #22
    cee8:	b9000001 	str	w1, [x0]
    ceec:	d2800000 	mov	x0, #0x0                   	// #0
    cef0:	a8c17bfd 	ldp	x29, x30, [sp], #16
    cef4:	d65f03c0 	ret
	...

000000000000cf00 <strtol>:
    cf00:	b0000024 	adrp	x4, 11000 <__malloc_av_+0x360>
    cf04:	7100905f 	cmp	w2, #0x24
    cf08:	7a419844 	ccmp	w2, #0x1, #0x4, ls	// ls = plast
    cf0c:	f9425884 	ldr	x4, [x4, #1200]
    cf10:	540000c0 	b.eq	cf28 <strtol+0x28>  // b.none
    cf14:	2a0203e3 	mov	w3, w2
    cf18:	aa0103e2 	mov	x2, x1
    cf1c:	aa0003e1 	mov	x1, x0
    cf20:	aa0403e0 	mov	x0, x4
    cf24:	17ffff73 	b	ccf0 <_strtol_l.part.0>
    cf28:	a9bf7bfd 	stp	x29, x30, [sp, #-16]!
    cf2c:	910003fd 	mov	x29, sp
    cf30:	97ffdad0 	bl	3a70 <__errno>
    cf34:	528002c1 	mov	w1, #0x16                  	// #22
    cf38:	b9000001 	str	w1, [x0]
    cf3c:	d2800000 	mov	x0, #0x0                   	// #0
    cf40:	a8c17bfd 	ldp	x29, x30, [sp], #16
    cf44:	d65f03c0 	ret
	...

000000000000cf50 <_findenv_r>:
    cf50:	a9bb7bfd 	stp	x29, x30, [sp, #-80]!
    cf54:	910003fd 	mov	x29, sp
    cf58:	a90363f7 	stp	x23, x24, [sp, #48]
    cf5c:	b0000038 	adrp	x24, 11000 <__malloc_av_+0x360>
    cf60:	aa0003f7 	mov	x23, x0
    cf64:	a90153f3 	stp	x19, x20, [sp, #16]
    cf68:	a9025bf5 	stp	x21, x22, [sp, #32]
    cf6c:	aa0103f5 	mov	x21, x1
    cf70:	aa0203f6 	mov	x22, x2
    cf74:	94000a67 	bl	f910 <__env_lock>
    cf78:	f9447b14 	ldr	x20, [x24, #2288]
    cf7c:	b40003f4 	cbz	x20, cff8 <_findenv_r+0xa8>
    cf80:	394002a3 	ldrb	w3, [x21]
    cf84:	aa1503f3 	mov	x19, x21
    cf88:	7100f47f 	cmp	w3, #0x3d
    cf8c:	7a401864 	ccmp	w3, #0x0, #0x4, ne	// ne = any
    cf90:	540000c0 	b.eq	cfa8 <_findenv_r+0x58>  // b.none
    cf94:	d503201f 	nop
    cf98:	38401e63 	ldrb	w3, [x19, #1]!
    cf9c:	7100f47f 	cmp	w3, #0x3d
    cfa0:	7a401864 	ccmp	w3, #0x0, #0x4, ne	// ne = any
    cfa4:	54ffffa1 	b.ne	cf98 <_findenv_r+0x48>  // b.any
    cfa8:	7100f47f 	cmp	w3, #0x3d
    cfac:	54000260 	b.eq	cff8 <_findenv_r+0xa8>  // b.none
    cfb0:	f9400280 	ldr	x0, [x20]
    cfb4:	cb150273 	sub	x19, x19, x21
    cfb8:	b4000200 	cbz	x0, cff8 <_findenv_r+0xa8>
    cfbc:	93407e73 	sxtw	x19, w19
    cfc0:	f90023f9 	str	x25, [sp, #64]
    cfc4:	d503201f 	nop
    cfc8:	aa1303e2 	mov	x2, x19
    cfcc:	aa1503e1 	mov	x1, x21
    cfd0:	9400030c 	bl	dc00 <strncmp>
    cfd4:	350000c0 	cbnz	w0, cfec <_findenv_r+0x9c>
    cfd8:	f9400280 	ldr	x0, [x20]
    cfdc:	8b130019 	add	x25, x0, x19
    cfe0:	38736800 	ldrb	w0, [x0, x19]
    cfe4:	7100f41f 	cmp	w0, #0x3d
    cfe8:	54000180 	b.eq	d018 <_findenv_r+0xc8>  // b.none
    cfec:	f8408e80 	ldr	x0, [x20, #8]!
    cff0:	b5fffec0 	cbnz	x0, cfc8 <_findenv_r+0x78>
    cff4:	f94023f9 	ldr	x25, [sp, #64]
    cff8:	aa1703e0 	mov	x0, x23
    cffc:	94000a49 	bl	f920 <__env_unlock>
    d000:	a94153f3 	ldp	x19, x20, [sp, #16]
    d004:	d2800000 	mov	x0, #0x0                   	// #0
    d008:	a9425bf5 	ldp	x21, x22, [sp, #32]
    d00c:	a94363f7 	ldp	x23, x24, [sp, #48]
    d010:	a8c57bfd 	ldp	x29, x30, [sp], #80
    d014:	d65f03c0 	ret
    d018:	f9447b01 	ldr	x1, [x24, #2288]
    d01c:	aa1703e0 	mov	x0, x23
    d020:	cb010281 	sub	x1, x20, x1
    d024:	9343fc21 	asr	x1, x1, #3
    d028:	b90002c1 	str	w1, [x22]
    d02c:	94000a3d 	bl	f920 <__env_unlock>
    d030:	a94153f3 	ldp	x19, x20, [sp, #16]
    d034:	91000720 	add	x0, x25, #0x1
    d038:	a9425bf5 	ldp	x21, x22, [sp, #32]
    d03c:	a94363f7 	ldp	x23, x24, [sp, #48]
    d040:	f94023f9 	ldr	x25, [sp, #64]
    d044:	a8c57bfd 	ldp	x29, x30, [sp], #80
    d048:	d65f03c0 	ret
    d04c:	00000000 	udf	#0

000000000000d050 <_getenv_r>:
    d050:	a9be7bfd 	stp	x29, x30, [sp, #-32]!
    d054:	910003fd 	mov	x29, sp
    d058:	910073e2 	add	x2, sp, #0x1c
    d05c:	97ffffbd 	bl	cf50 <_findenv_r>
    d060:	a8c27bfd 	ldp	x29, x30, [sp], #32
    d064:	d65f03c0 	ret
	...

000000000000d070 <strlcpy>:
    d070:	aa0103e3 	mov	x3, x1
    d074:	b50000a2 	cbnz	x2, d088 <strlcpy+0x18>
    d078:	14000008 	b	d098 <strlcpy+0x28>
    d07c:	38401464 	ldrb	w4, [x3], #1
    d080:	38001404 	strb	w4, [x0], #1
    d084:	340000e4 	cbz	w4, d0a0 <strlcpy+0x30>
    d088:	f1000442 	subs	x2, x2, #0x1
    d08c:	54ffff81 	b.ne	d07c <strlcpy+0xc>  // b.any
    d090:	3900001f 	strb	wzr, [x0]
    d094:	d503201f 	nop
    d098:	38401460 	ldrb	w0, [x3], #1
    d09c:	35ffffe0 	cbnz	w0, d098 <strlcpy+0x28>
    d0a0:	cb010060 	sub	x0, x3, x1
    d0a4:	d1000400 	sub	x0, x0, #0x1
    d0a8:	d65f03c0 	ret
    d0ac:	00000000 	udf	#0

000000000000d0b0 <_init_signal_r>:
    d0b0:	f940b801 	ldr	x1, [x0, #368]
    d0b4:	b4000061 	cbz	x1, d0c0 <_init_signal_r+0x10>
    d0b8:	52800000 	mov	w0, #0x0                   	// #0
    d0bc:	d65f03c0 	ret
    d0c0:	a9be7bfd 	stp	x29, x30, [sp, #-32]!
    d0c4:	d2802001 	mov	x1, #0x100                 	// #256
    d0c8:	910003fd 	mov	x29, sp
    d0cc:	f9000bf3 	str	x19, [sp, #16]
    d0d0:	aa0003f3 	mov	x19, x0
    d0d4:	97ffd833 	bl	31a0 <_malloc_r>
    d0d8:	f900ba60 	str	x0, [x19, #368]
    d0dc:	b4000140 	cbz	x0, d104 <_init_signal_r+0x54>
    d0e0:	91040001 	add	x1, x0, #0x100
    d0e4:	d503201f 	nop
    d0e8:	f800841f 	str	xzr, [x0], #8
    d0ec:	eb01001f 	cmp	x0, x1
    d0f0:	54ffffc1 	b.ne	d0e8 <_init_signal_r+0x38>  // b.any
    d0f4:	52800000 	mov	w0, #0x0                   	// #0
    d0f8:	f9400bf3 	ldr	x19, [sp, #16]
    d0fc:	a8c27bfd 	ldp	x29, x30, [sp], #32
    d100:	d65f03c0 	ret
    d104:	12800000 	mov	w0, #0xffffffff            	// #-1
    d108:	17fffffc 	b	d0f8 <_init_signal_r+0x48>
    d10c:	00000000 	udf	#0

000000000000d110 <_signal_r>:
    d110:	a9bd7bfd 	stp	x29, x30, [sp, #-48]!
    d114:	910003fd 	mov	x29, sp
    d118:	a90153f3 	stp	x19, x20, [sp, #16]
    d11c:	93407c33 	sxtw	x19, w1
    d120:	aa0003f4 	mov	x20, x0
    d124:	71007e7f 	cmp	w19, #0x1f
    d128:	54000108 	b.hi	d148 <_signal_r+0x38>  // b.pmore
    d12c:	f940b801 	ldr	x1, [x0, #368]
    d130:	b4000141 	cbz	x1, d158 <_signal_r+0x48>
    d134:	f8737820 	ldr	x0, [x1, x19, lsl #3]
    d138:	f8337822 	str	x2, [x1, x19, lsl #3]
    d13c:	a94153f3 	ldp	x19, x20, [sp, #16]
    d140:	a8c37bfd 	ldp	x29, x30, [sp], #48
    d144:	d65f03c0 	ret
    d148:	528002c0 	mov	w0, #0x16                  	// #22
    d14c:	b9000280 	str	w0, [x20]
    d150:	92800000 	mov	x0, #0xffffffffffffffff    	// #-1
    d154:	17fffffa 	b	d13c <_signal_r+0x2c>
    d158:	d2802001 	mov	x1, #0x100                 	// #256
    d15c:	f90017e2 	str	x2, [sp, #40]
    d160:	97ffd810 	bl	31a0 <_malloc_r>
    d164:	f900ba80 	str	x0, [x20, #368]
    d168:	f94017e2 	ldr	x2, [sp, #40]
    d16c:	aa0003e1 	mov	x1, x0
    d170:	b4ffff00 	cbz	x0, d150 <_signal_r+0x40>
    d174:	91040003 	add	x3, x0, #0x100
    d178:	f800841f 	str	xzr, [x0], #8
    d17c:	eb03001f 	cmp	x0, x3
    d180:	54ffffc1 	b.ne	d178 <_signal_r+0x68>  // b.any
    d184:	17ffffec 	b	d134 <_signal_r+0x24>
	...

000000000000d190 <_raise_r>:
    d190:	a9be7bfd 	stp	x29, x30, [sp, #-32]!
    d194:	910003fd 	mov	x29, sp
    d198:	a90153f3 	stp	x19, x20, [sp, #16]
    d19c:	aa0003f4 	mov	x20, x0
    d1a0:	71007c3f 	cmp	w1, #0x1f
    d1a4:	54000408 	b.hi	d224 <_raise_r+0x94>  // b.pmore
    d1a8:	f940b800 	ldr	x0, [x0, #368]
    d1ac:	2a0103f3 	mov	w19, w1
    d1b0:	b40001e0 	cbz	x0, d1ec <_raise_r+0x5c>
    d1b4:	93407c22 	sxtw	x2, w1
    d1b8:	f8627801 	ldr	x1, [x0, x2, lsl #3]
    d1bc:	b4000181 	cbz	x1, d1ec <_raise_r+0x5c>
    d1c0:	f100043f 	cmp	x1, #0x1
    d1c4:	540000c0 	b.eq	d1dc <_raise_r+0x4c>  // b.none
    d1c8:	b100043f 	cmn	x1, #0x1
    d1cc:	54000200 	b.eq	d20c <_raise_r+0x7c>  // b.none
    d1d0:	f822781f 	str	xzr, [x0, x2, lsl #3]
    d1d4:	2a1303e0 	mov	w0, w19
    d1d8:	d63f0020 	blr	x1
    d1dc:	52800000 	mov	w0, #0x0                   	// #0
    d1e0:	a94153f3 	ldp	x19, x20, [sp, #16]
    d1e4:	a8c27bfd 	ldp	x29, x30, [sp], #32
    d1e8:	d65f03c0 	ret
    d1ec:	aa1403e0 	mov	x0, x20
    d1f0:	940004c0 	bl	e4f0 <_getpid_r>
    d1f4:	2a1303e2 	mov	w2, w19
    d1f8:	2a0003e1 	mov	w1, w0
    d1fc:	aa1403e0 	mov	x0, x20
    d200:	a94153f3 	ldp	x19, x20, [sp, #16]
    d204:	a8c27bfd 	ldp	x29, x30, [sp], #32
    d208:	140004a6 	b	e4a0 <_kill_r>
    d20c:	528002c1 	mov	w1, #0x16                  	// #22
    d210:	b9000281 	str	w1, [x20]
    d214:	a94153f3 	ldp	x19, x20, [sp, #16]
    d218:	52800020 	mov	w0, #0x1                   	// #1
    d21c:	a8c27bfd 	ldp	x29, x30, [sp], #32
    d220:	d65f03c0 	ret
    d224:	528002c1 	mov	w1, #0x16                  	// #22
    d228:	12800000 	mov	w0, #0xffffffff            	// #-1
    d22c:	b9000281 	str	w1, [x20]
    d230:	17ffffec 	b	d1e0 <_raise_r+0x50>
	...

000000000000d240 <__sigtramp_r>:
    d240:	71007c3f 	cmp	w1, #0x1f
    d244:	540005a8 	b.hi	d2f8 <__sigtramp_r+0xb8>  // b.pmore
    d248:	a9be7bfd 	stp	x29, x30, [sp, #-32]!
    d24c:	910003fd 	mov	x29, sp
    d250:	a90153f3 	stp	x19, x20, [sp, #16]
    d254:	2a0103f3 	mov	w19, w1
    d258:	aa0003f4 	mov	x20, x0
    d25c:	f940b801 	ldr	x1, [x0, #368]
    d260:	b4000321 	cbz	x1, d2c4 <__sigtramp_r+0x84>
    d264:	f873d822 	ldr	x2, [x1, w19, sxtw #3]
    d268:	8b33cc21 	add	x1, x1, w19, sxtw #3
    d26c:	b4000182 	cbz	x2, d29c <__sigtramp_r+0x5c>
    d270:	b100045f 	cmn	x2, #0x1
    d274:	54000240 	b.eq	d2bc <__sigtramp_r+0x7c>  // b.none
    d278:	f100045f 	cmp	x2, #0x1
    d27c:	54000180 	b.eq	d2ac <__sigtramp_r+0x6c>  // b.none
    d280:	f900003f 	str	xzr, [x1]
    d284:	2a1303e0 	mov	w0, w19
    d288:	d63f0040 	blr	x2
    d28c:	52800000 	mov	w0, #0x0                   	// #0
    d290:	a94153f3 	ldp	x19, x20, [sp, #16]
    d294:	a8c27bfd 	ldp	x29, x30, [sp], #32
    d298:	d65f03c0 	ret
    d29c:	a94153f3 	ldp	x19, x20, [sp, #16]
    d2a0:	52800020 	mov	w0, #0x1                   	// #1
    d2a4:	a8c27bfd 	ldp	x29, x30, [sp], #32
    d2a8:	d65f03c0 	ret
    d2ac:	a94153f3 	ldp	x19, x20, [sp, #16]
    d2b0:	52800060 	mov	w0, #0x3                   	// #3
    d2b4:	a8c27bfd 	ldp	x29, x30, [sp], #32
    d2b8:	d65f03c0 	ret
    d2bc:	52800040 	mov	w0, #0x2                   	// #2
    d2c0:	17fffff4 	b	d290 <__sigtramp_r+0x50>
    d2c4:	d2802001 	mov	x1, #0x100                 	// #256
    d2c8:	97ffd7b6 	bl	31a0 <_malloc_r>
    d2cc:	f900ba80 	str	x0, [x20, #368]
    d2d0:	aa0003e1 	mov	x1, x0
    d2d4:	b40000e0 	cbz	x0, d2f0 <__sigtramp_r+0xb0>
    d2d8:	91040002 	add	x2, x0, #0x100
    d2dc:	d503201f 	nop
    d2e0:	f800841f 	str	xzr, [x0], #8
    d2e4:	eb02001f 	cmp	x0, x2
    d2e8:	54ffffc1 	b.ne	d2e0 <__sigtramp_r+0xa0>  // b.any
    d2ec:	17ffffde 	b	d264 <__sigtramp_r+0x24>
    d2f0:	12800000 	mov	w0, #0xffffffff            	// #-1
    d2f4:	17ffffe7 	b	d290 <__sigtramp_r+0x50>
    d2f8:	12800000 	mov	w0, #0xffffffff            	// #-1
    d2fc:	d65f03c0 	ret

000000000000d300 <raise>:
    d300:	a9be7bfd 	stp	x29, x30, [sp, #-32]!
    d304:	90000021 	adrp	x1, 11000 <__malloc_av_+0x360>
    d308:	910003fd 	mov	x29, sp
    d30c:	a90153f3 	stp	x19, x20, [sp, #16]
    d310:	f9425834 	ldr	x20, [x1, #1200]
    d314:	71007c1f 	cmp	w0, #0x1f
    d318:	540003e8 	b.hi	d394 <raise+0x94>  // b.pmore
    d31c:	f940ba82 	ldr	x2, [x20, #368]
    d320:	2a0003f3 	mov	w19, w0
    d324:	b40001c2 	cbz	x2, d35c <raise+0x5c>
    d328:	93407c03 	sxtw	x3, w0
    d32c:	f8637841 	ldr	x1, [x2, x3, lsl #3]
    d330:	b4000161 	cbz	x1, d35c <raise+0x5c>
    d334:	f100043f 	cmp	x1, #0x1
    d338:	540000a0 	b.eq	d34c <raise+0x4c>  // b.none
    d33c:	b100043f 	cmn	x1, #0x1
    d340:	540001e0 	b.eq	d37c <raise+0x7c>  // b.none
    d344:	f823785f 	str	xzr, [x2, x3, lsl #3]
    d348:	d63f0020 	blr	x1
    d34c:	52800000 	mov	w0, #0x0                   	// #0
    d350:	a94153f3 	ldp	x19, x20, [sp, #16]
    d354:	a8c27bfd 	ldp	x29, x30, [sp], #32
    d358:	d65f03c0 	ret
    d35c:	aa1403e0 	mov	x0, x20
    d360:	94000464 	bl	e4f0 <_getpid_r>
    d364:	2a1303e2 	mov	w2, w19
    d368:	2a0003e1 	mov	w1, w0
    d36c:	aa1403e0 	mov	x0, x20
    d370:	a94153f3 	ldp	x19, x20, [sp, #16]
    d374:	a8c27bfd 	ldp	x29, x30, [sp], #32
    d378:	1400044a 	b	e4a0 <_kill_r>
    d37c:	528002c1 	mov	w1, #0x16                  	// #22
    d380:	b9000281 	str	w1, [x20]
    d384:	a94153f3 	ldp	x19, x20, [sp, #16]
    d388:	52800020 	mov	w0, #0x1                   	// #1
    d38c:	a8c27bfd 	ldp	x29, x30, [sp], #32
    d390:	d65f03c0 	ret
    d394:	528002c1 	mov	w1, #0x16                  	// #22
    d398:	12800000 	mov	w0, #0xffffffff            	// #-1
    d39c:	b9000281 	str	w1, [x20]
    d3a0:	17ffffec 	b	d350 <raise+0x50>
	...

000000000000d3b0 <signal>:
    d3b0:	a9bd7bfd 	stp	x29, x30, [sp, #-48]!
    d3b4:	90000022 	adrp	x2, 11000 <__malloc_av_+0x360>
    d3b8:	910003fd 	mov	x29, sp
    d3bc:	a90153f3 	stp	x19, x20, [sp, #16]
    d3c0:	93407c13 	sxtw	x19, w0
    d3c4:	f90013f5 	str	x21, [sp, #32]
    d3c8:	f9425855 	ldr	x21, [x2, #1200]
    d3cc:	71007e7f 	cmp	w19, #0x1f
    d3d0:	54000148 	b.hi	d3f8 <signal+0x48>  // b.pmore
    d3d4:	aa0103f4 	mov	x20, x1
    d3d8:	f940baa1 	ldr	x1, [x21, #368]
    d3dc:	b4000161 	cbz	x1, d408 <signal+0x58>
    d3e0:	f8737820 	ldr	x0, [x1, x19, lsl #3]
    d3e4:	f8337834 	str	x20, [x1, x19, lsl #3]
    d3e8:	a94153f3 	ldp	x19, x20, [sp, #16]
    d3ec:	f94013f5 	ldr	x21, [sp, #32]
    d3f0:	a8c37bfd 	ldp	x29, x30, [sp], #48
    d3f4:	d65f03c0 	ret
    d3f8:	528002c0 	mov	w0, #0x16                  	// #22
    d3fc:	b90002a0 	str	w0, [x21]
    d400:	92800000 	mov	x0, #0xffffffffffffffff    	// #-1
    d404:	17fffff9 	b	d3e8 <signal+0x38>
    d408:	d2802001 	mov	x1, #0x100                 	// #256
    d40c:	aa1503e0 	mov	x0, x21
    d410:	97ffd764 	bl	31a0 <_malloc_r>
    d414:	f900baa0 	str	x0, [x21, #368]
    d418:	aa0003e1 	mov	x1, x0
    d41c:	b4ffff20 	cbz	x0, d400 <signal+0x50>
    d420:	91040002 	add	x2, x0, #0x100
    d424:	d503201f 	nop
    d428:	f800841f 	str	xzr, [x0], #8
    d42c:	eb00005f 	cmp	x2, x0
    d430:	54ffffc1 	b.ne	d428 <signal+0x78>  // b.any
    d434:	17ffffeb 	b	d3e0 <signal+0x30>
	...

000000000000d440 <_init_signal>:
    d440:	a9be7bfd 	stp	x29, x30, [sp, #-32]!
    d444:	90000020 	adrp	x0, 11000 <__malloc_av_+0x360>
    d448:	910003fd 	mov	x29, sp
    d44c:	f9000bf3 	str	x19, [sp, #16]
    d450:	f9425813 	ldr	x19, [x0, #1200]
    d454:	f940ba60 	ldr	x0, [x19, #368]
    d458:	b40000a0 	cbz	x0, d46c <_init_signal+0x2c>
    d45c:	52800000 	mov	w0, #0x0                   	// #0
    d460:	f9400bf3 	ldr	x19, [sp, #16]
    d464:	a8c27bfd 	ldp	x29, x30, [sp], #32
    d468:	d65f03c0 	ret
    d46c:	aa1303e0 	mov	x0, x19
    d470:	d2802001 	mov	x1, #0x100                 	// #256
    d474:	97ffd74b 	bl	31a0 <_malloc_r>
    d478:	f900ba60 	str	x0, [x19, #368]
    d47c:	b40000e0 	cbz	x0, d498 <_init_signal+0x58>
    d480:	91040001 	add	x1, x0, #0x100
    d484:	d503201f 	nop
    d488:	f800841f 	str	xzr, [x0], #8
    d48c:	eb01001f 	cmp	x0, x1
    d490:	54ffffc1 	b.ne	d488 <_init_signal+0x48>  // b.any
    d494:	17fffff2 	b	d45c <_init_signal+0x1c>
    d498:	12800000 	mov	w0, #0xffffffff            	// #-1
    d49c:	17fffff1 	b	d460 <_init_signal+0x20>

000000000000d4a0 <__sigtramp>:
    d4a0:	a9be7bfd 	stp	x29, x30, [sp, #-32]!
    d4a4:	90000021 	adrp	x1, 11000 <__malloc_av_+0x360>
    d4a8:	910003fd 	mov	x29, sp
    d4ac:	a90153f3 	stp	x19, x20, [sp, #16]
    d4b0:	f9425834 	ldr	x20, [x1, #1200]
    d4b4:	71007c1f 	cmp	w0, #0x1f
    d4b8:	54000508 	b.hi	d558 <__sigtramp+0xb8>  // b.pmore
    d4bc:	2a0003f3 	mov	w19, w0
    d4c0:	f940ba80 	ldr	x0, [x20, #368]
    d4c4:	b4000320 	cbz	x0, d528 <__sigtramp+0x88>
    d4c8:	f873d801 	ldr	x1, [x0, w19, sxtw #3]
    d4cc:	8b33cc00 	add	x0, x0, w19, sxtw #3
    d4d0:	b4000181 	cbz	x1, d500 <__sigtramp+0x60>
    d4d4:	b100043f 	cmn	x1, #0x1
    d4d8:	54000240 	b.eq	d520 <__sigtramp+0x80>  // b.none
    d4dc:	f100043f 	cmp	x1, #0x1
    d4e0:	54000180 	b.eq	d510 <__sigtramp+0x70>  // b.none
    d4e4:	f900001f 	str	xzr, [x0]
    d4e8:	2a1303e0 	mov	w0, w19
    d4ec:	d63f0020 	blr	x1
    d4f0:	52800000 	mov	w0, #0x0                   	// #0
    d4f4:	a94153f3 	ldp	x19, x20, [sp, #16]
    d4f8:	a8c27bfd 	ldp	x29, x30, [sp], #32
    d4fc:	d65f03c0 	ret
    d500:	a94153f3 	ldp	x19, x20, [sp, #16]
    d504:	52800020 	mov	w0, #0x1                   	// #1
    d508:	a8c27bfd 	ldp	x29, x30, [sp], #32
    d50c:	d65f03c0 	ret
    d510:	a94153f3 	ldp	x19, x20, [sp, #16]
    d514:	52800060 	mov	w0, #0x3                   	// #3
    d518:	a8c27bfd 	ldp	x29, x30, [sp], #32
    d51c:	d65f03c0 	ret
    d520:	52800040 	mov	w0, #0x2                   	// #2
    d524:	17fffff4 	b	d4f4 <__sigtramp+0x54>
    d528:	aa1403e0 	mov	x0, x20
    d52c:	d2802001 	mov	x1, #0x100                 	// #256
    d530:	97ffd71c 	bl	31a0 <_malloc_r>
    d534:	f900ba80 	str	x0, [x20, #368]
    d538:	b4000100 	cbz	x0, d558 <__sigtramp+0xb8>
    d53c:	aa0003e1 	mov	x1, x0
    d540:	91040002 	add	x2, x0, #0x100
    d544:	d503201f 	nop
    d548:	f800843f 	str	xzr, [x1], #8
    d54c:	eb01005f 	cmp	x2, x1
    d550:	54ffffc1 	b.ne	d548 <__sigtramp+0xa8>  // b.any
    d554:	17ffffdd 	b	d4c8 <__sigtramp+0x28>
    d558:	12800000 	mov	w0, #0xffffffff            	// #-1
    d55c:	17ffffe6 	b	d4f4 <__sigtramp+0x54>
	...

000000000000d580 <strchr>:
    d580:	d503245f 	bti	c
    d584:	52818064 	mov	w4, #0xc03                 	// #3075
    d588:	72b80604 	movk	w4, #0xc030, lsl #16
    d58c:	4e010c20 	dup	v0.16b, w1
    d590:	927be802 	and	x2, x0, #0xffffffffffffffe0
    d594:	4e040c90 	dup	v16.4s, w4
    d598:	f2401003 	ands	x3, x0, #0x1f
    d59c:	4eb08607 	add	v7.4s, v16.4s, v16.4s
    d5a0:	54000280 	b.eq	d5f0 <strchr+0x70>  // b.none
    d5a4:	4cdfa041 	ld1	{v1.16b-v2.16b}, [x2], #32
    d5a8:	cb0303e3 	neg	x3, x3
    d5ac:	4e209823 	cmeq	v3.16b, v1.16b, #0
    d5b0:	6e208c25 	cmeq	v5.16b, v1.16b, v0.16b
    d5b4:	4e209844 	cmeq	v4.16b, v2.16b, #0
    d5b8:	6e208c46 	cmeq	v6.16b, v2.16b, v0.16b
    d5bc:	6ee71ca3 	bif	v3.16b, v5.16b, v7.16b
    d5c0:	6ee71cc4 	bif	v4.16b, v6.16b, v7.16b
    d5c4:	4e301c71 	and	v17.16b, v3.16b, v16.16b
    d5c8:	4e301c92 	and	v18.16b, v4.16b, v16.16b
    d5cc:	d37ff863 	lsl	x3, x3, #1
    d5d0:	4e32be31 	addp	v17.16b, v17.16b, v18.16b
    d5d4:	92800005 	mov	x5, #0xffffffffffffffff    	// #-1
    d5d8:	4e32be31 	addp	v17.16b, v17.16b, v18.16b
    d5dc:	9ac324a3 	lsr	x3, x5, x3
    d5e0:	4e083e25 	mov	x5, v17.d[0]
    d5e4:	8a2300a3 	bic	x3, x5, x3
    d5e8:	b5000243 	cbnz	x3, d630 <strchr+0xb0>
    d5ec:	d503201f 	nop
    d5f0:	4cdfa041 	ld1	{v1.16b-v2.16b}, [x2], #32
    d5f4:	6e208c25 	cmeq	v5.16b, v1.16b, v0.16b
    d5f8:	6e208c46 	cmeq	v6.16b, v2.16b, v0.16b
    d5fc:	6e213ca3 	cmhs	v3.16b, v5.16b, v1.16b
    d600:	6e223cc4 	cmhs	v4.16b, v6.16b, v2.16b
    d604:	4ea41c71 	orr	v17.16b, v3.16b, v4.16b
    d608:	6e31a631 	umaxp	v17.16b, v17.16b, v17.16b
    d60c:	4e083e23 	mov	x3, v17.d[0]
    d610:	b4ffff03 	cbz	x3, d5f0 <strchr+0x70>
    d614:	6ee71ca3 	bif	v3.16b, v5.16b, v7.16b
    d618:	6ee71cc4 	bif	v4.16b, v6.16b, v7.16b
    d61c:	4e301c71 	and	v17.16b, v3.16b, v16.16b
    d620:	4e301c92 	and	v18.16b, v4.16b, v16.16b
    d624:	4e32be31 	addp	v17.16b, v17.16b, v18.16b
    d628:	4e32be31 	addp	v17.16b, v17.16b, v18.16b
    d62c:	4e083e23 	mov	x3, v17.d[0]
    d630:	dac00063 	rbit	x3, x3
    d634:	d1008042 	sub	x2, x2, #0x20
    d638:	dac01063 	clz	x3, x3
    d63c:	f240007f 	tst	x3, #0x1
    d640:	8b430440 	add	x0, x2, x3, lsr #1
    d644:	9a9f0000 	csel	x0, x0, xzr, eq	// eq = none
    d648:	d65f03c0 	ret
    d64c:	00000000 	udf	#0

000000000000d650 <strncasecmp>:
    d650:	aa0003e9 	mov	x9, x0
    d654:	b4000342 	cbz	x2, d6bc <strncasecmp+0x6c>
    d658:	f0000007 	adrp	x7, 10000 <__sfp_handle_exceptions+0x300>
    d65c:	d2800004 	mov	x4, #0x0                   	// #0
    d660:	9129c4e7 	add	x7, x7, #0xa71
    d664:	14000006 	b	d67c <strncasecmp+0x2c>
    d668:	6b000063 	subs	w3, w3, w0
    d66c:	540002c1 	b.ne	d6c4 <strncasecmp+0x74>  // b.any
    d670:	34000240 	cbz	w0, d6b8 <strncasecmp+0x68>
    d674:	eb04005f 	cmp	x2, x4
    d678:	54000220 	b.eq	d6bc <strncasecmp+0x6c>  // b.none
    d67c:	38646923 	ldrb	w3, [x9, x4]
    d680:	38646820 	ldrb	w0, [x1, x4]
    d684:	91000484 	add	x4, x4, #0x1
    d688:	11008068 	add	w8, w3, #0x20
    d68c:	386348e6 	ldrb	w6, [x7, w3, uxtw]
    d690:	386048e5 	ldrb	w5, [x7, w0, uxtw]
    d694:	120004c6 	and	w6, w6, #0x3
    d698:	710004df 	cmp	w6, #0x1
    d69c:	120004a5 	and	w5, w5, #0x3
    d6a0:	1a830103 	csel	w3, w8, w3, eq	// eq = none
    d6a4:	710004bf 	cmp	w5, #0x1
    d6a8:	54fffe01 	b.ne	d668 <strncasecmp+0x18>  // b.any
    d6ac:	11008000 	add	w0, w0, #0x20
    d6b0:	6b000060 	subs	w0, w3, w0
    d6b4:	54fffe00 	b.eq	d674 <strncasecmp+0x24>  // b.none
    d6b8:	d65f03c0 	ret
    d6bc:	52800000 	mov	w0, #0x0                   	// #0
    d6c0:	d65f03c0 	ret
    d6c4:	2a0303e0 	mov	w0, w3
    d6c8:	d65f03c0 	ret
    d6cc:	00000000 	udf	#0

000000000000d6d0 <_wctomb_r>:
    d6d0:	90000024 	adrp	x4, 11000 <__malloc_av_+0x360>
    d6d4:	f9440084 	ldr	x4, [x4, #2048]
    d6d8:	aa0403f0 	mov	x16, x4
    d6dc:	d61f0200 	br	x16

000000000000d6e0 <__ascii_wctomb>:
    d6e0:	aa0003e3 	mov	x3, x0
    d6e4:	b4000141 	cbz	x1, d70c <__ascii_wctomb+0x2c>
    d6e8:	7103fc5f 	cmp	w2, #0xff
    d6ec:	54000088 	b.hi	d6fc <__ascii_wctomb+0x1c>  // b.pmore
    d6f0:	52800020 	mov	w0, #0x1                   	// #1
    d6f4:	39000022 	strb	w2, [x1]
    d6f8:	d65f03c0 	ret
    d6fc:	52801141 	mov	w1, #0x8a                  	// #138
    d700:	12800000 	mov	w0, #0xffffffff            	// #-1
    d704:	b9000061 	str	w1, [x3]
    d708:	d65f03c0 	ret
    d70c:	52800000 	mov	w0, #0x0                   	// #0
    d710:	d65f03c0 	ret
	...

000000000000d720 <__utf8_wctomb>:
    d720:	aa0003e3 	mov	x3, x0
    d724:	b40004e1 	cbz	x1, d7c0 <__utf8_wctomb+0xa0>
    d728:	7101fc5f 	cmp	w2, #0x7f
    d72c:	54000349 	b.ls	d794 <__utf8_wctomb+0x74>  // b.plast
    d730:	51020040 	sub	w0, w2, #0x80
    d734:	711dfc1f 	cmp	w0, #0x77f
    d738:	54000349 	b.ls	d7a0 <__utf8_wctomb+0x80>  // b.plast
    d73c:	51200044 	sub	w4, w2, #0x800
    d740:	529effe0 	mov	w0, #0xf7ff                	// #63487
    d744:	6b00009f 	cmp	w4, w0
    d748:	54000409 	b.ls	d7c8 <__utf8_wctomb+0xa8>  // b.plast
    d74c:	51404044 	sub	w4, w2, #0x10, lsl #12
    d750:	12bffe00 	mov	w0, #0xfffff               	// #1048575
    d754:	6b00009f 	cmp	w4, w0
    d758:	540004e8 	b.hi	d7f4 <__utf8_wctomb+0xd4>  // b.pmore
    d75c:	53127c45 	lsr	w5, w2, #18
    d760:	d34c4444 	ubfx	x4, x2, #12, #6
    d764:	d3462c43 	ubfx	x3, x2, #6, #6
    d768:	12001442 	and	w2, w2, #0x3f
    d76c:	321c6ca5 	orr	w5, w5, #0xfffffff0
    d770:	32196084 	orr	w4, w4, #0xffffff80
    d774:	32196063 	orr	w3, w3, #0xffffff80
    d778:	32196042 	orr	w2, w2, #0xffffff80
    d77c:	52800080 	mov	w0, #0x4                   	// #4
    d780:	39000025 	strb	w5, [x1]
    d784:	39000424 	strb	w4, [x1, #1]
    d788:	39000823 	strb	w3, [x1, #2]
    d78c:	39000c22 	strb	w2, [x1, #3]
    d790:	d65f03c0 	ret
    d794:	52800020 	mov	w0, #0x1                   	// #1
    d798:	39000022 	strb	w2, [x1]
    d79c:	d65f03c0 	ret
    d7a0:	53067c43 	lsr	w3, w2, #6
    d7a4:	12001442 	and	w2, w2, #0x3f
    d7a8:	321a6463 	orr	w3, w3, #0xffffffc0
    d7ac:	32196042 	orr	w2, w2, #0xffffff80
    d7b0:	52800040 	mov	w0, #0x2                   	// #2
    d7b4:	39000023 	strb	w3, [x1]
    d7b8:	39000422 	strb	w2, [x1, #1]
    d7bc:	d65f03c0 	ret
    d7c0:	52800000 	mov	w0, #0x0                   	// #0
    d7c4:	d65f03c0 	ret
    d7c8:	530c7c44 	lsr	w4, w2, #12
    d7cc:	d3462c43 	ubfx	x3, x2, #6, #6
    d7d0:	12001442 	and	w2, w2, #0x3f
    d7d4:	321b6884 	orr	w4, w4, #0xffffffe0
    d7d8:	32196063 	orr	w3, w3, #0xffffff80
    d7dc:	32196042 	orr	w2, w2, #0xffffff80
    d7e0:	52800060 	mov	w0, #0x3                   	// #3
    d7e4:	39000024 	strb	w4, [x1]
    d7e8:	39000423 	strb	w3, [x1, #1]
    d7ec:	39000822 	strb	w2, [x1, #2]
    d7f0:	d65f03c0 	ret
    d7f4:	52801141 	mov	w1, #0x8a                  	// #138
    d7f8:	12800000 	mov	w0, #0xffffffff            	// #-1
    d7fc:	b9000061 	str	w1, [x3]
    d800:	d65f03c0 	ret
	...

000000000000d810 <__sjis_wctomb>:
    d810:	aa0003e5 	mov	x5, x0
    d814:	12001c44 	and	w4, w2, #0xff
    d818:	d3483c43 	ubfx	x3, x2, #8, #8
    d81c:	b4000301 	cbz	x1, d87c <__sjis_wctomb+0x6c>
    d820:	34000283 	cbz	w3, d870 <__sjis_wctomb+0x60>
    d824:	1101fc60 	add	w0, w3, #0x7f
    d828:	11008063 	add	w3, w3, #0x20
    d82c:	12001c00 	and	w0, w0, #0xff
    d830:	12001c63 	and	w3, w3, #0xff
    d834:	7100781f 	cmp	w0, #0x1e
    d838:	7a4f8860 	ccmp	w3, #0xf, #0x0, hi	// hi = pmore
    d83c:	54000248 	b.hi	d884 <__sjis_wctomb+0x74>  // b.pmore
    d840:	51010080 	sub	w0, w4, #0x40
    d844:	51020084 	sub	w4, w4, #0x80
    d848:	12001c00 	and	w0, w0, #0xff
    d84c:	12001c84 	and	w4, w4, #0xff
    d850:	7100f81f 	cmp	w0, #0x3e
    d854:	52800f80 	mov	w0, #0x7c                  	// #124
    d858:	7a408080 	ccmp	w4, w0, #0x0, hi	// hi = pmore
    d85c:	54000148 	b.hi	d884 <__sjis_wctomb+0x74>  // b.pmore
    d860:	5ac00442 	rev16	w2, w2
    d864:	52800040 	mov	w0, #0x2                   	// #2
    d868:	79000022 	strh	w2, [x1]
    d86c:	d65f03c0 	ret
    d870:	52800020 	mov	w0, #0x1                   	// #1
    d874:	39000024 	strb	w4, [x1]
    d878:	d65f03c0 	ret
    d87c:	52800000 	mov	w0, #0x0                   	// #0
    d880:	d65f03c0 	ret
    d884:	52801141 	mov	w1, #0x8a                  	// #138
    d888:	12800000 	mov	w0, #0xffffffff            	// #-1
    d88c:	b90000a1 	str	w1, [x5]
    d890:	d65f03c0 	ret
	...

000000000000d8a0 <__eucjp_wctomb>:
    d8a0:	aa0003e4 	mov	x4, x0
    d8a4:	12001c43 	and	w3, w2, #0xff
    d8a8:	d3483c45 	ubfx	x5, x2, #8, #8
    d8ac:	b40003a1 	cbz	x1, d920 <__eucjp_wctomb+0x80>
    d8b0:	34000325 	cbz	w5, d914 <__eucjp_wctomb+0x74>
    d8b4:	11017ca0 	add	w0, w5, #0x5f
    d8b8:	1101c8a6 	add	w6, w5, #0x72
    d8bc:	12001c00 	and	w0, w0, #0xff
    d8c0:	12001cc6 	and	w6, w6, #0xff
    d8c4:	7101741f 	cmp	w0, #0x5d
    d8c8:	7a4188c0 	ccmp	w6, #0x1, #0x0, hi	// hi = pmore
    d8cc:	54000368 	b.hi	d938 <__eucjp_wctomb+0x98>  // b.pmore
    d8d0:	11017c66 	add	w6, w3, #0x5f
    d8d4:	12001cc6 	and	w6, w6, #0xff
    d8d8:	710174df 	cmp	w6, #0x5d
    d8dc:	54000269 	b.ls	d928 <__eucjp_wctomb+0x88>  // b.plast
    d8e0:	7101741f 	cmp	w0, #0x5d
    d8e4:	540002a8 	b.hi	d938 <__eucjp_wctomb+0x98>  // b.pmore
    d8e8:	32190063 	orr	w3, w3, #0x80
    d8ec:	11017c60 	add	w0, w3, #0x5f
    d8f0:	12001c00 	and	w0, w0, #0xff
    d8f4:	7101741f 	cmp	w0, #0x5d
    d8f8:	54000208 	b.hi	d938 <__eucjp_wctomb+0x98>  // b.pmore
    d8fc:	12800e02 	mov	w2, #0xffffff8f            	// #-113
    d900:	52800060 	mov	w0, #0x3                   	// #3
    d904:	39000022 	strb	w2, [x1]
    d908:	39000425 	strb	w5, [x1, #1]
    d90c:	39000823 	strb	w3, [x1, #2]
    d910:	d65f03c0 	ret
    d914:	52800020 	mov	w0, #0x1                   	// #1
    d918:	39000023 	strb	w3, [x1]
    d91c:	d65f03c0 	ret
    d920:	52800000 	mov	w0, #0x0                   	// #0
    d924:	d65f03c0 	ret
    d928:	5ac00442 	rev16	w2, w2
    d92c:	52800040 	mov	w0, #0x2                   	// #2
    d930:	79000022 	strh	w2, [x1]
    d934:	d65f03c0 	ret
    d938:	52801141 	mov	w1, #0x8a                  	// #138
    d93c:	12800000 	mov	w0, #0xffffffff            	// #-1
    d940:	b9000081 	str	w1, [x4]
    d944:	d65f03c0 	ret
	...

000000000000d950 <__jis_wctomb>:
    d950:	aa0003e6 	mov	x6, x0
    d954:	12001c45 	and	w5, w2, #0xff
    d958:	d3483c44 	ubfx	x4, x2, #8, #8
    d95c:	b40004c1 	cbz	x1, d9f4 <__jis_wctomb+0xa4>
    d960:	34000304 	cbz	w4, d9c0 <__jis_wctomb+0x70>
    d964:	51008484 	sub	w4, w4, #0x21
    d968:	12001c84 	and	w4, w4, #0xff
    d96c:	7101749f 	cmp	w4, #0x5d
    d970:	54000468 	b.hi	d9fc <__jis_wctomb+0xac>  // b.pmore
    d974:	510084a5 	sub	w5, w5, #0x21
    d978:	12001ca5 	and	w5, w5, #0xff
    d97c:	710174bf 	cmp	w5, #0x5d
    d980:	540003e8 	b.hi	d9fc <__jis_wctomb+0xac>  // b.pmore
    d984:	b9400064 	ldr	w4, [x3]
    d988:	52800040 	mov	w0, #0x2                   	// #2
    d98c:	35000144 	cbnz	w4, d9b4 <__jis_wctomb+0x64>
    d990:	aa0103e4 	mov	x4, x1
    d994:	52800020 	mov	w0, #0x1                   	// #1
    d998:	b9000060 	str	w0, [x3]
    d99c:	52848365 	mov	w5, #0x241b                	// #9243
    d9a0:	52800843 	mov	w3, #0x42                  	// #66
    d9a4:	528000a0 	mov	w0, #0x5                   	// #5
    d9a8:	78003485 	strh	w5, [x4], #3
    d9ac:	39000823 	strb	w3, [x1, #2]
    d9b0:	aa0403e1 	mov	x1, x4
    d9b4:	5ac00442 	rev16	w2, w2
    d9b8:	79000022 	strh	w2, [x1]
    d9bc:	d65f03c0 	ret
    d9c0:	b9400062 	ldr	w2, [x3]
    d9c4:	52800020 	mov	w0, #0x1                   	// #1
    d9c8:	34000122 	cbz	w2, d9ec <__jis_wctomb+0x9c>
    d9cc:	aa0103e2 	mov	x2, x1
    d9d0:	b900007f 	str	wzr, [x3]
    d9d4:	52850364 	mov	w4, #0x281b                	// #10267
    d9d8:	52800843 	mov	w3, #0x42                  	// #66
    d9dc:	52800080 	mov	w0, #0x4                   	// #4
    d9e0:	78003444 	strh	w4, [x2], #3
    d9e4:	39000823 	strb	w3, [x1, #2]
    d9e8:	aa0203e1 	mov	x1, x2
    d9ec:	39000025 	strb	w5, [x1]
    d9f0:	d65f03c0 	ret
    d9f4:	52800020 	mov	w0, #0x1                   	// #1
    d9f8:	d65f03c0 	ret
    d9fc:	52801141 	mov	w1, #0x8a                  	// #138
    da00:	12800000 	mov	w0, #0xffffffff            	// #-1
    da04:	b90000c1 	str	w1, [x6]
    da08:	d65f03c0 	ret
    da0c:	00000000 	udf	#0

000000000000da10 <strncpy>:
    da10:	aa000023 	orr	x3, x1, x0
    da14:	aa0003e4 	mov	x4, x0
    da18:	f240087f 	tst	x3, #0x7
    da1c:	fa470840 	ccmp	x2, #0x7, #0x0, eq	// eq = none
    da20:	54000109 	b.ls	da40 <strncpy+0x30>  // b.plast
    da24:	14000011 	b	da68 <strncpy+0x58>
    da28:	38401425 	ldrb	w5, [x1], #1
    da2c:	d1000446 	sub	x6, x2, #0x1
    da30:	38001465 	strb	w5, [x3], #1
    da34:	340000c5 	cbz	w5, da4c <strncpy+0x3c>
    da38:	aa0303e4 	mov	x4, x3
    da3c:	aa0603e2 	mov	x2, x6
    da40:	aa0403e3 	mov	x3, x4
    da44:	b5ffff22 	cbnz	x2, da28 <strncpy+0x18>
    da48:	d65f03c0 	ret
    da4c:	8b020084 	add	x4, x4, x2
    da50:	b4ffffc6 	cbz	x6, da48 <strncpy+0x38>
    da54:	d503201f 	nop
    da58:	3800147f 	strb	wzr, [x3], #1
    da5c:	eb04007f 	cmp	x3, x4
    da60:	54ffffc1 	b.ne	da58 <strncpy+0x48>  // b.any
    da64:	d65f03c0 	ret
    da68:	b207dbe6 	mov	x6, #0xfefefefefefefefe    	// #-72340172838076674
    da6c:	f29fdfe6 	movk	x6, #0xfeff
    da70:	14000006 	b	da88 <strncpy+0x78>
    da74:	d1002042 	sub	x2, x2, #0x8
    da78:	f8008485 	str	x5, [x4], #8
    da7c:	91002021 	add	x1, x1, #0x8
    da80:	f1001c5f 	cmp	x2, #0x7
    da84:	54fffde9 	b.ls	da40 <strncpy+0x30>  // b.plast
    da88:	f9400025 	ldr	x5, [x1]
    da8c:	8b0600a3 	add	x3, x5, x6
    da90:	8a250063 	bic	x3, x3, x5
    da94:	f201c07f 	tst	x3, #0x8080808080808080
    da98:	54fffee0 	b.eq	da74 <strncpy+0x64>  // b.none
    da9c:	17ffffe9 	b	da40 <strncpy+0x30>
	...

000000000000dac0 <strcmp>:
    dac0:	d503245f 	bti	c
    dac4:	cb00002a 	sub	x10, x1, x0
    dac8:	b200c3e8 	mov	x8, #0x101010101010101     	// #72340172838076673
    dacc:	92400806 	and	x6, x0, #0x7
    dad0:	f240095f 	tst	x10, #0x7
    dad4:	54000401 	b.ne	db54 <strcmp+0x94>  // b.any
    dad8:	b50002c6 	cbnz	x6, db30 <strcmp+0x70>
    dadc:	d503201f 	nop
    dae0:	f86a6803 	ldr	x3, [x0, x10]
    dae4:	f8408402 	ldr	x2, [x0], #8
    dae8:	cb080044 	sub	x4, x2, x8
    daec:	b200d846 	orr	x6, x2, #0x7f7f7f7f7f7f7f7f
    daf0:	ea260084 	bics	x4, x4, x6
    daf4:	fa430040 	ccmp	x2, x3, #0x0, eq	// eq = none
    daf8:	54ffff40 	b.eq	dae0 <strcmp+0x20>  // b.none
    dafc:	ca030045 	eor	x5, x2, x3
    db00:	aa0400a6 	orr	x6, x5, x4
    db04:	dac00cc6 	rev	x6, x6
    db08:	dac00c42 	rev	x2, x2
    db0c:	dac00c63 	rev	x3, x3
    db10:	dac010c9 	clz	x9, x6
    db14:	9ac92042 	lsl	x2, x2, x9
    db18:	9ac92063 	lsl	x3, x3, x9
    db1c:	d378fc42 	lsr	x2, x2, #56
    db20:	cb43e040 	sub	x0, x2, x3, lsr #56
    db24:	d65f03c0 	ret
    db28:	d503201f 	nop
    db2c:	d503201f 	nop
    db30:	927df000 	and	x0, x0, #0xfffffffffffffff8
    db34:	f86a6803 	ldr	x3, [x0, x10]
    db38:	f8408402 	ldr	x2, [x0], #8
    db3c:	cb010fe9 	neg	x9, x1, lsl #3
    db40:	92800006 	mov	x6, #0xffffffffffffffff    	// #-1
    db44:	9ac924c6 	lsr	x6, x6, x9
    db48:	aa060042 	orr	x2, x2, x6
    db4c:	aa060063 	orr	x3, x3, x6
    db50:	17ffffe6 	b	dae8 <strcmp+0x28>
    db54:	b4000106 	cbz	x6, db74 <strcmp+0xb4>
    db58:	38401402 	ldrb	w2, [x0], #1
    db5c:	38401423 	ldrb	w3, [x1], #1
    db60:	7100005f 	cmp	w2, #0x0
    db64:	7a431040 	ccmp	w2, w3, #0x0, ne	// ne = any
    db68:	54000421 	b.ne	dbec <strcmp+0x12c>  // b.any
    db6c:	f240081f 	tst	x0, #0x7
    db70:	54ffff41 	b.ne	db58 <strcmp+0x98>  // b.any
    db74:	cb010fe9 	neg	x9, x1, lsl #3
    db78:	927df021 	and	x1, x1, #0xfffffffffffffff8
    db7c:	f8408427 	ldr	x7, [x1], #8
    db80:	9ac92506 	lsr	x6, x8, x9
    db84:	aa0600e7 	orr	x7, x7, x6
    db88:	cb0800e4 	sub	x4, x7, x8
    db8c:	b200d8e6 	orr	x6, x7, #0x7f7f7f7f7f7f7f7f
    db90:	ea260084 	bics	x4, x4, x6
    db94:	540001e1 	b.ne	dbd0 <strcmp+0x110>  // b.any
    db98:	cb000025 	sub	x5, x1, x0
    db9c:	d503201f 	nop
    dba0:	f8656807 	ldr	x7, [x0, x5]
    dba4:	f86a6803 	ldr	x3, [x0, x10]
    dba8:	cb0800e4 	sub	x4, x7, x8
    dbac:	b200d8e6 	orr	x6, x7, #0x7f7f7f7f7f7f7f7f
    dbb0:	f8408402 	ldr	x2, [x0], #8
    dbb4:	ea260084 	bics	x4, x4, x6
    dbb8:	fa430040 	ccmp	x2, x3, #0x0, eq	// eq = none
    dbbc:	54ffff20 	b.eq	dba0 <strcmp+0xe0>  // b.none
    dbc0:	9ac92086 	lsl	x6, x4, x9
    dbc4:	ca030045 	eor	x5, x2, x3
    dbc8:	aa0600a6 	orr	x6, x5, x6
    dbcc:	b5fff9c6 	cbnz	x6, db04 <strcmp+0x44>
    dbd0:	f9400002 	ldr	x2, [x0]
    dbd4:	cb0903e9 	neg	x9, x9
    dbd8:	9ac924e3 	lsr	x3, x7, x9
    dbdc:	9ac92484 	lsr	x4, x4, x9
    dbe0:	ca030045 	eor	x5, x2, x3
    dbe4:	aa0400a6 	orr	x6, x5, x4
    dbe8:	17ffffc7 	b	db04 <strcmp+0x44>
    dbec:	cb030040 	sub	x0, x2, x3
    dbf0:	d65f03c0 	ret
	...

000000000000dc00 <strncmp>:
    dc00:	d503245f 	bti	c
    dc04:	b4000d42 	cbz	x2, ddac <strncmp+0x1ac>
    dc08:	ca010008 	eor	x8, x0, x1
    dc0c:	b200c3eb 	mov	x11, #0x101010101010101     	// #72340172838076673
    dc10:	f240091f 	tst	x8, #0x7
    dc14:	9240080d 	and	x13, x0, #0x7
    dc18:	540004c1 	b.ne	dcb0 <strncmp+0xb0>  // b.any
    dc1c:	b500030d 	cbnz	x13, dc7c <strncmp+0x7c>
    dc20:	f8408403 	ldr	x3, [x0], #8
    dc24:	f8408424 	ldr	x4, [x1], #8
    dc28:	f1002042 	subs	x2, x2, #0x8
    dc2c:	cb0b0068 	sub	x8, x3, x11
    dc30:	b200d869 	orr	x9, x3, #0x7f7f7f7f7f7f7f7f
    dc34:	ca040066 	eor	x6, x3, x4
    dc38:	da9f80ce 	csinv	x14, x6, xzr, hi	// hi = pmore
    dc3c:	ea290105 	bics	x5, x8, x9
    dc40:	fa4009c0 	ccmp	x14, #0x0, #0x0, eq	// eq = none
    dc44:	54fffee0 	b.eq	dc20 <strncmp+0x20>  // b.none
    dc48:	aa0500c7 	orr	x7, x6, x5
    dc4c:	91002042 	add	x2, x2, #0x8
    dc50:	dac00ce7 	rev	x7, x7
    dc54:	dac00c63 	rev	x3, x3
    dc58:	dac010ec 	clz	x12, x7
    dc5c:	dac00c84 	rev	x4, x4
    dc60:	9acc2063 	lsl	x3, x3, x12
    dc64:	eb4c0c5f 	cmp	x2, x12, lsr #3
    dc68:	9acc2084 	lsl	x4, x4, x12
    dc6c:	d378fc63 	lsr	x3, x3, #56
    dc70:	cb44e060 	sub	x0, x3, x4, lsr #56
    dc74:	9a9f8000 	csel	x0, x0, xzr, hi	// hi = pmore
    dc78:	d65f03c0 	ret
    dc7c:	927df000 	and	x0, x0, #0xfffffffffffffff8
    dc80:	927df021 	and	x1, x1, #0xfffffffffffffff8
    dc84:	f8408403 	ldr	x3, [x0], #8
    dc88:	cb0d0fea 	neg	x10, x13, lsl #3
    dc8c:	f8408424 	ldr	x4, [x1], #8
    dc90:	92800009 	mov	x9, #0xffffffffffffffff    	// #-1
    dc94:	9aca2529 	lsr	x9, x9, x10
    dc98:	ab0d0042 	adds	x2, x2, x13
    dc9c:	da9f3042 	csinv	x2, x2, xzr, cc	// cc = lo, ul, last
    dca0:	aa090063 	orr	x3, x3, x9
    dca4:	aa090084 	orr	x4, x4, x9
    dca8:	17ffffe0 	b	dc28 <strncmp+0x28>
    dcac:	d503201f 	nop
    dcb0:	f100405f 	cmp	x2, #0x10
    dcb4:	54000122 	b.cs	dcd8 <strncmp+0xd8>  // b.hs, b.nlast
    dcb8:	38401403 	ldrb	w3, [x0], #1
    dcbc:	38401424 	ldrb	w4, [x1], #1
    dcc0:	f1000442 	subs	x2, x2, #0x1
    dcc4:	7a418860 	ccmp	w3, #0x1, #0x0, hi	// hi = pmore
    dcc8:	7a442060 	ccmp	w3, w4, #0x0, cs	// cs = hs, nlast
    dccc:	54ffff60 	b.eq	dcb8 <strncmp+0xb8>  // b.none
    dcd0:	cb040060 	sub	x0, x3, x4
    dcd4:	d65f03c0 	ret
    dcd8:	b400016d 	cbz	x13, dd04 <strncmp+0x104>
    dcdc:	cb0d03ed 	neg	x13, x13
    dce0:	924009ad 	and	x13, x13, #0x7
    dce4:	cb0d0042 	sub	x2, x2, x13
    dce8:	38401403 	ldrb	w3, [x0], #1
    dcec:	38401424 	ldrb	w4, [x1], #1
    dcf0:	7100047f 	cmp	w3, #0x1
    dcf4:	7a442060 	ccmp	w3, w4, #0x0, cs	// cs = hs, nlast
    dcf8:	54fffec1 	b.ne	dcd0 <strncmp+0xd0>  // b.any
    dcfc:	f10005ad 	subs	x13, x13, #0x1
    dd00:	54ffff48 	b.hi	dce8 <strncmp+0xe8>  // b.pmore
    dd04:	d37df02c 	lsl	x12, x1, #3
    dd08:	927cec21 	and	x1, x1, #0xfffffffffffffff0
    dd0c:	9280000d 	mov	x13, #0xffffffffffffffff    	// #-1
    dd10:	cb0c03ef 	neg	x15, x12
    dd14:	f8408403 	ldr	x3, [x0], #8
    dd18:	a8c12428 	ldp	x8, x9, [x1], #16
    dd1c:	9acf21ad 	lsl	x13, x13, x15
    dd20:	924015ef 	and	x15, x15, #0x3f
    dd24:	373001ac 	tbnz	w12, #6, dd58 <strncmp+0x158>
    dd28:	9acc2504 	lsr	x4, x8, x12
    dd2c:	9acf2128 	lsl	x8, x9, x15
    dd30:	f1002042 	subs	x2, x2, #0x8
    dd34:	aa080084 	orr	x4, x4, x8
    dd38:	cb0b0065 	sub	x5, x3, x11
    dd3c:	ca040066 	eor	x6, x3, x4
    dd40:	b200d86a 	orr	x10, x3, #0x7f7f7f7f7f7f7f7f
    dd44:	da9f80ce 	csinv	x14, x6, xzr, hi	// hi = pmore
    dd48:	8a2a00a5 	bic	x5, x5, x10
    dd4c:	aa0501ca 	orr	x10, x14, x5
    dd50:	b5fff7ca 	cbnz	x10, dc48 <strncmp+0x48>
    dd54:	f8408403 	ldr	x3, [x0], #8
    dd58:	9acc2524 	lsr	x4, x9, x12
    dd5c:	cb0b0065 	sub	x5, x3, x11
    dd60:	b200d86a 	orr	x10, x3, #0x7f7f7f7f7f7f7f7f
    dd64:	ca030086 	eor	x6, x4, x3
    dd68:	8a2a00a5 	bic	x5, x5, x10
    dd6c:	eb4f0c5f 	cmp	x2, x15, lsr #3
    dd70:	aa0500c7 	orr	x7, x6, x5
    dd74:	8a2d00e7 	bic	x7, x7, x13
    dd78:	da9f80ea 	csinv	x10, x7, xzr, hi	// hi = pmore
    dd7c:	b5fff6aa 	cbnz	x10, dc50 <strncmp+0x50>
    dd80:	a8c12428 	ldp	x8, x9, [x1], #16
    dd84:	f100205f 	cmp	x2, #0x8
    dd88:	9acf2104 	lsl	x4, x8, x15
    dd8c:	ca030086 	eor	x6, x4, x3
    dd90:	aa0500c7 	orr	x7, x6, x5
    dd94:	8a0d00e7 	and	x7, x7, x13
    dd98:	da9f80ea 	csinv	x10, x7, xzr, hi	// hi = pmore
    dd9c:	b5fff5aa 	cbnz	x10, dc50 <strncmp+0x50>
    dda0:	f8408403 	ldr	x3, [x0], #8
    dda4:	d1002042 	sub	x2, x2, #0x8
    dda8:	17ffffe0 	b	dd28 <strncmp+0x128>
    ddac:	d2800000 	mov	x0, #0x0                   	// #0
    ddb0:	d65f03c0 	ret
	...

000000000000ddc0 <_mbtowc_r>:
    ddc0:	90000025 	adrp	x5, 11000 <__malloc_av_+0x360>
    ddc4:	f94404a5 	ldr	x5, [x5, #2056]
    ddc8:	aa0503f0 	mov	x16, x5
    ddcc:	d61f0200 	br	x16

000000000000ddd0 <__ascii_mbtowc>:
    ddd0:	d10043ff 	sub	sp, sp, #0x10
    ddd4:	f100003f 	cmp	x1, #0x0
    ddd8:	910033e0 	add	x0, sp, #0xc
    dddc:	9a810001 	csel	x1, x0, x1, eq	// eq = none
    dde0:	b4000122 	cbz	x2, de04 <__ascii_mbtowc+0x34>
    dde4:	b4000163 	cbz	x3, de10 <__ascii_mbtowc+0x40>
    dde8:	39400040 	ldrb	w0, [x2]
    ddec:	b9000020 	str	w0, [x1]
    ddf0:	39400040 	ldrb	w0, [x2]
    ddf4:	7100001f 	cmp	w0, #0x0
    ddf8:	1a9f07e0 	cset	w0, ne	// ne = any
    ddfc:	910043ff 	add	sp, sp, #0x10
    de00:	d65f03c0 	ret
    de04:	52800000 	mov	w0, #0x0                   	// #0
    de08:	910043ff 	add	sp, sp, #0x10
    de0c:	d65f03c0 	ret
    de10:	12800020 	mov	w0, #0xfffffffe            	// #-2
    de14:	17fffffa 	b	ddfc <__ascii_mbtowc+0x2c>
	...

000000000000de20 <__utf8_mbtowc>:
    de20:	d10043ff 	sub	sp, sp, #0x10
    de24:	f100003f 	cmp	x1, #0x0
    de28:	910033e5 	add	x5, sp, #0xc
    de2c:	9a8100a1 	csel	x1, x5, x1, eq	// eq = none
    de30:	b40004c2 	cbz	x2, dec8 <__utf8_mbtowc+0xa8>
    de34:	b4001223 	cbz	x3, e078 <__utf8_mbtowc+0x258>
    de38:	b9400087 	ldr	w7, [x4]
    de3c:	aa0003e9 	mov	x9, x0
    de40:	350003a7 	cbnz	w7, deb4 <__utf8_mbtowc+0x94>
    de44:	39400045 	ldrb	w5, [x2]
    de48:	52800026 	mov	w6, #0x1                   	// #1
    de4c:	340003a5 	cbz	w5, dec0 <__utf8_mbtowc+0xa0>
    de50:	7101fcbf 	cmp	w5, #0x7f
    de54:	5400082d 	b.le	df58 <__utf8_mbtowc+0x138>
    de58:	510300a8 	sub	w8, w5, #0xc0
    de5c:	71007d1f 	cmp	w8, #0x1f
    de60:	540003a8 	b.hi	ded4 <__utf8_mbtowc+0xb4>  // b.pmore
    de64:	39001085 	strb	w5, [x4, #4]
    de68:	350000a7 	cbnz	w7, de7c <__utf8_mbtowc+0x5c>
    de6c:	52800020 	mov	w0, #0x1                   	// #1
    de70:	b9000080 	str	w0, [x4]
    de74:	f100047f 	cmp	x3, #0x1
    de78:	54001000 	b.eq	e078 <__utf8_mbtowc+0x258>  // b.none
    de7c:	3866c842 	ldrb	w2, [x2, w6, sxtw]
    de80:	110004c0 	add	w0, w6, #0x1
    de84:	51020043 	sub	w3, w2, #0x80
    de88:	7100fc7f 	cmp	w3, #0x3f
    de8c:	54000fe8 	b.hi	e088 <__utf8_mbtowc+0x268>  // b.pmore
    de90:	710304bf 	cmp	w5, #0xc1
    de94:	54000fad 	b.le	e088 <__utf8_mbtowc+0x268>
    de98:	12001442 	and	w2, w2, #0x3f
    de9c:	531a10a5 	ubfiz	w5, w5, #6, #5
    dea0:	b900009f 	str	wzr, [x4]
    dea4:	2a0200a5 	orr	w5, w5, w2
    dea8:	b9000025 	str	w5, [x1]
    deac:	910043ff 	add	sp, sp, #0x10
    deb0:	d65f03c0 	ret
    deb4:	39401085 	ldrb	w5, [x4, #4]
    deb8:	52800006 	mov	w6, #0x0                   	// #0
    debc:	35fffca5 	cbnz	w5, de50 <__utf8_mbtowc+0x30>
    dec0:	b900003f 	str	wzr, [x1]
    dec4:	b900009f 	str	wzr, [x4]
    dec8:	52800000 	mov	w0, #0x0                   	// #0
    decc:	910043ff 	add	sp, sp, #0x10
    ded0:	d65f03c0 	ret
    ded4:	510380a0 	sub	w0, w5, #0xe0
    ded8:	71003c1f 	cmp	w0, #0xf
    dedc:	54000488 	b.hi	df6c <__utf8_mbtowc+0x14c>  // b.pmore
    dee0:	39001085 	strb	w5, [x4, #4]
    dee4:	34000a07 	cbz	w7, e024 <__utf8_mbtowc+0x204>
    dee8:	b100047f 	cmn	x3, #0x1
    deec:	9a830463 	cinc	x3, x3, ne	// ne = any
    def0:	710004ff 	cmp	w7, #0x1
    def4:	54000a00 	b.eq	e034 <__utf8_mbtowc+0x214>  // b.none
    def8:	39401488 	ldrb	w8, [x4, #5]
    defc:	71027d1f 	cmp	w8, #0x9f
    df00:	52801c00 	mov	w0, #0xe0                  	// #224
    df04:	7a40d0a0 	ccmp	w5, w0, #0x0, le
    df08:	54000c00 	b.eq	e088 <__utf8_mbtowc+0x268>  // b.none
    df0c:	51020100 	sub	w0, w8, #0x80
    df10:	7100fc1f 	cmp	w0, #0x3f
    df14:	54000ba8 	b.hi	e088 <__utf8_mbtowc+0x268>  // b.pmore
    df18:	39001488 	strb	w8, [x4, #5]
    df1c:	710004ff 	cmp	w7, #0x1
    df20:	54000a20 	b.eq	e064 <__utf8_mbtowc+0x244>  // b.none
    df24:	3866c843 	ldrb	w3, [x2, w6, sxtw]
    df28:	110004c0 	add	w0, w6, #0x1
    df2c:	51020062 	sub	w2, w3, #0x80
    df30:	7100fc5f 	cmp	w2, #0x3f
    df34:	54000aa8 	b.hi	e088 <__utf8_mbtowc+0x268>  // b.pmore
    df38:	53140ca2 	ubfiz	w2, w5, #12, #4
    df3c:	531a1508 	ubfiz	w8, w8, #6, #6
    df40:	2a080042 	orr	w2, w2, w8
    df44:	12001463 	and	w3, w3, #0x3f
    df48:	b900009f 	str	wzr, [x4]
    df4c:	2a030042 	orr	w2, w2, w3
    df50:	b9000022 	str	w2, [x1]
    df54:	17ffffde 	b	decc <__utf8_mbtowc+0xac>
    df58:	b900009f 	str	wzr, [x4]
    df5c:	52800020 	mov	w0, #0x1                   	// #1
    df60:	b9000025 	str	w5, [x1]
    df64:	910043ff 	add	sp, sp, #0x10
    df68:	d65f03c0 	ret
    df6c:	5103c0a0 	sub	w0, w5, #0xf0
    df70:	7100101f 	cmp	w0, #0x4
    df74:	540008a8 	b.hi	e088 <__utf8_mbtowc+0x268>  // b.pmore
    df78:	39001085 	strb	w5, [x4, #4]
    df7c:	34000647 	cbz	w7, e044 <__utf8_mbtowc+0x224>
    df80:	b100047f 	cmn	x3, #0x1
    df84:	9a830463 	cinc	x3, x3, ne	// ne = any
    df88:	710004ff 	cmp	w7, #0x1
    df8c:	54000640 	b.eq	e054 <__utf8_mbtowc+0x234>  // b.none
    df90:	39401488 	ldrb	w8, [x4, #5]
    df94:	7103c0bf 	cmp	w5, #0xf0
    df98:	54000740 	b.eq	e080 <__utf8_mbtowc+0x260>  // b.none
    df9c:	71023d1f 	cmp	w8, #0x8f
    dfa0:	52801e80 	mov	w0, #0xf4                  	// #244
    dfa4:	7a40c0a0 	ccmp	w5, w0, #0x0, gt
    dfa8:	54000700 	b.eq	e088 <__utf8_mbtowc+0x268>  // b.none
    dfac:	51020100 	sub	w0, w8, #0x80
    dfb0:	7100fc1f 	cmp	w0, #0x3f
    dfb4:	540006a8 	b.hi	e088 <__utf8_mbtowc+0x268>  // b.pmore
    dfb8:	39001488 	strb	w8, [x4, #5]
    dfbc:	710004ff 	cmp	w7, #0x1
    dfc0:	540006c0 	b.eq	e098 <__utf8_mbtowc+0x278>  // b.none
    dfc4:	b9400080 	ldr	w0, [x4]
    dfc8:	b100047f 	cmn	x3, #0x1
    dfcc:	9a830463 	cinc	x3, x3, ne	// ne = any
    dfd0:	7100081f 	cmp	w0, #0x2
    dfd4:	540006a0 	b.eq	e0a8 <__utf8_mbtowc+0x288>  // b.none
    dfd8:	39401887 	ldrb	w7, [x4, #6]
    dfdc:	510200e0 	sub	w0, w7, #0x80
    dfe0:	7100fc1f 	cmp	w0, #0x3f
    dfe4:	54000528 	b.hi	e088 <__utf8_mbtowc+0x268>  // b.pmore
    dfe8:	3866c843 	ldrb	w3, [x2, w6, sxtw]
    dfec:	110004c0 	add	w0, w6, #0x1
    dff0:	51020062 	sub	w2, w3, #0x80
    dff4:	7100fc5f 	cmp	w2, #0x3f
    dff8:	54000488 	b.hi	e088 <__utf8_mbtowc+0x268>  // b.pmore
    dffc:	530e08a2 	ubfiz	w2, w5, #18, #3
    e000:	53141508 	ubfiz	w8, w8, #12, #6
    e004:	531a14e7 	ubfiz	w7, w7, #6, #6
    e008:	12001463 	and	w3, w3, #0x3f
    e00c:	2a080042 	orr	w2, w2, w8
    e010:	2a0300e7 	orr	w7, w7, w3
    e014:	2a070042 	orr	w2, w2, w7
    e018:	b9000022 	str	w2, [x1]
    e01c:	b900009f 	str	wzr, [x4]
    e020:	17ffffab 	b	decc <__utf8_mbtowc+0xac>
    e024:	52800020 	mov	w0, #0x1                   	// #1
    e028:	b9000080 	str	w0, [x4]
    e02c:	f100047f 	cmp	x3, #0x1
    e030:	54000240 	b.eq	e078 <__utf8_mbtowc+0x258>  // b.none
    e034:	3866c848 	ldrb	w8, [x2, w6, sxtw]
    e038:	52800027 	mov	w7, #0x1                   	// #1
    e03c:	0b0700c6 	add	w6, w6, w7
    e040:	17ffffaf 	b	defc <__utf8_mbtowc+0xdc>
    e044:	52800020 	mov	w0, #0x1                   	// #1
    e048:	b9000080 	str	w0, [x4]
    e04c:	f100047f 	cmp	x3, #0x1
    e050:	54000140 	b.eq	e078 <__utf8_mbtowc+0x258>  // b.none
    e054:	3866c848 	ldrb	w8, [x2, w6, sxtw]
    e058:	52800027 	mov	w7, #0x1                   	// #1
    e05c:	0b0700c6 	add	w6, w6, w7
    e060:	17ffffcd 	b	df94 <__utf8_mbtowc+0x174>
    e064:	52800040 	mov	w0, #0x2                   	// #2
    e068:	b9000080 	str	w0, [x4]
    e06c:	f100087f 	cmp	x3, #0x2
    e070:	54fff5a1 	b.ne	df24 <__utf8_mbtowc+0x104>  // b.any
    e074:	d503201f 	nop
    e078:	12800020 	mov	w0, #0xfffffffe            	// #-2
    e07c:	17ffff94 	b	decc <__utf8_mbtowc+0xac>
    e080:	71023d1f 	cmp	w8, #0x8f
    e084:	54fff94c 	b.gt	dfac <__utf8_mbtowc+0x18c>
    e088:	52801141 	mov	w1, #0x8a                  	// #138
    e08c:	12800000 	mov	w0, #0xffffffff            	// #-1
    e090:	b9000121 	str	w1, [x9]
    e094:	17ffff8e 	b	decc <__utf8_mbtowc+0xac>
    e098:	52800040 	mov	w0, #0x2                   	// #2
    e09c:	b9000080 	str	w0, [x4]
    e0a0:	f100087f 	cmp	x3, #0x2
    e0a4:	54fffea0 	b.eq	e078 <__utf8_mbtowc+0x258>  // b.none
    e0a8:	3866c847 	ldrb	w7, [x2, w6, sxtw]
    e0ac:	110004c6 	add	w6, w6, #0x1
    e0b0:	510200e0 	sub	w0, w7, #0x80
    e0b4:	7100fc1f 	cmp	w0, #0x3f
    e0b8:	54fffe88 	b.hi	e088 <__utf8_mbtowc+0x268>  // b.pmore
    e0bc:	52800060 	mov	w0, #0x3                   	// #3
    e0c0:	b9000080 	str	w0, [x4]
    e0c4:	39001887 	strb	w7, [x4, #6]
    e0c8:	f1000c7f 	cmp	x3, #0x3
    e0cc:	54fff8e1 	b.ne	dfe8 <__utf8_mbtowc+0x1c8>  // b.any
    e0d0:	12800020 	mov	w0, #0xfffffffe            	// #-2
    e0d4:	17ffff7e 	b	decc <__utf8_mbtowc+0xac>
	...

000000000000e0e0 <__sjis_mbtowc>:
    e0e0:	d10043ff 	sub	sp, sp, #0x10
    e0e4:	f100003f 	cmp	x1, #0x0
    e0e8:	910033e5 	add	x5, sp, #0xc
    e0ec:	9a8100a1 	csel	x1, x5, x1, eq	// eq = none
    e0f0:	b40004c2 	cbz	x2, e188 <__sjis_mbtowc+0xa8>
    e0f4:	b4000503 	cbz	x3, e194 <__sjis_mbtowc+0xb4>
    e0f8:	aa0003e6 	mov	x6, x0
    e0fc:	b9400080 	ldr	w0, [x4]
    e100:	39400045 	ldrb	w5, [x2]
    e104:	35000320 	cbnz	w0, e168 <__sjis_mbtowc+0x88>
    e108:	510204a7 	sub	w7, w5, #0x81
    e10c:	510380a0 	sub	w0, w5, #0xe0
    e110:	710078ff 	cmp	w7, #0x1e
    e114:	7a4f8800 	ccmp	w0, #0xf, #0x0, hi	// hi = pmore
    e118:	540002c8 	b.hi	e170 <__sjis_mbtowc+0x90>  // b.pmore
    e11c:	52800020 	mov	w0, #0x1                   	// #1
    e120:	b9000080 	str	w0, [x4]
    e124:	39001085 	strb	w5, [x4, #4]
    e128:	f100047f 	cmp	x3, #0x1
    e12c:	54000340 	b.eq	e194 <__sjis_mbtowc+0xb4>  // b.none
    e130:	39400445 	ldrb	w5, [x2, #1]
    e134:	52800040 	mov	w0, #0x2                   	// #2
    e138:	510100a3 	sub	w3, w5, #0x40
    e13c:	510200a2 	sub	w2, w5, #0x80
    e140:	7100f87f 	cmp	w3, #0x3e
    e144:	52800f83 	mov	w3, #0x7c                  	// #124
    e148:	7a438040 	ccmp	w2, w3, #0x0, hi	// hi = pmore
    e14c:	54000288 	b.hi	e19c <__sjis_mbtowc+0xbc>  // b.pmore
    e150:	39401082 	ldrb	w2, [x4, #4]
    e154:	0b0220a2 	add	w2, w5, w2, lsl #8
    e158:	b9000022 	str	w2, [x1]
    e15c:	b900009f 	str	wzr, [x4]
    e160:	910043ff 	add	sp, sp, #0x10
    e164:	d65f03c0 	ret
    e168:	7100041f 	cmp	w0, #0x1
    e16c:	54fffe60 	b.eq	e138 <__sjis_mbtowc+0x58>  // b.none
    e170:	b9000025 	str	w5, [x1]
    e174:	39400040 	ldrb	w0, [x2]
    e178:	7100001f 	cmp	w0, #0x0
    e17c:	1a9f07e0 	cset	w0, ne	// ne = any
    e180:	910043ff 	add	sp, sp, #0x10
    e184:	d65f03c0 	ret
    e188:	52800000 	mov	w0, #0x0                   	// #0
    e18c:	910043ff 	add	sp, sp, #0x10
    e190:	d65f03c0 	ret
    e194:	12800020 	mov	w0, #0xfffffffe            	// #-2
    e198:	17fffffa 	b	e180 <__sjis_mbtowc+0xa0>
    e19c:	52801141 	mov	w1, #0x8a                  	// #138
    e1a0:	12800000 	mov	w0, #0xffffffff            	// #-1
    e1a4:	b90000c1 	str	w1, [x6]
    e1a8:	17fffff6 	b	e180 <__sjis_mbtowc+0xa0>
    e1ac:	00000000 	udf	#0

000000000000e1b0 <__eucjp_mbtowc>:
    e1b0:	d10043ff 	sub	sp, sp, #0x10
    e1b4:	f100003f 	cmp	x1, #0x0
    e1b8:	910033e6 	add	x6, sp, #0xc
    e1bc:	9a8100c1 	csel	x1, x6, x1, eq	// eq = none
    e1c0:	b4000782 	cbz	x2, e2b0 <__eucjp_mbtowc+0x100>
    e1c4:	b40007c3 	cbz	x3, e2bc <__eucjp_mbtowc+0x10c>
    e1c8:	aa0003e5 	mov	x5, x0
    e1cc:	b9400080 	ldr	w0, [x4]
    e1d0:	39400046 	ldrb	w6, [x2]
    e1d4:	35000380 	cbnz	w0, e244 <__eucjp_mbtowc+0x94>
    e1d8:	510284c7 	sub	w7, w6, #0xa1
    e1dc:	510238c0 	sub	w0, w6, #0x8e
    e1e0:	710174ff 	cmp	w7, #0x5d
    e1e4:	7a418800 	ccmp	w0, #0x1, #0x0, hi	// hi = pmore
    e1e8:	54000388 	b.hi	e258 <__eucjp_mbtowc+0xa8>  // b.pmore
    e1ec:	52800020 	mov	w0, #0x1                   	// #1
    e1f0:	b9000080 	str	w0, [x4]
    e1f4:	39001086 	strb	w6, [x4, #4]
    e1f8:	f100047f 	cmp	x3, #0x1
    e1fc:	54000600 	b.eq	e2bc <__eucjp_mbtowc+0x10c>  // b.none
    e200:	39400447 	ldrb	w7, [x2, #1]
    e204:	52800040 	mov	w0, #0x2                   	// #2
    e208:	510284e6 	sub	w6, w7, #0xa1
    e20c:	710174df 	cmp	w6, #0x5d
    e210:	540005a8 	b.hi	e2c4 <__eucjp_mbtowc+0x114>  // b.pmore
    e214:	39401086 	ldrb	w6, [x4, #4]
    e218:	71023cdf 	cmp	w6, #0x8f
    e21c:	54000401 	b.ne	e29c <__eucjp_mbtowc+0xec>  // b.any
    e220:	52800048 	mov	w8, #0x2                   	// #2
    e224:	93407c06 	sxtw	x6, w0
    e228:	b9000088 	str	w8, [x4]
    e22c:	39001487 	strb	w7, [x4, #5]
    e230:	eb0300df 	cmp	x6, x3
    e234:	54000442 	b.cs	e2bc <__eucjp_mbtowc+0x10c>  // b.hs, b.nlast
    e238:	38666847 	ldrb	w7, [x2, x6]
    e23c:	11000400 	add	w0, w0, #0x1
    e240:	1400000d 	b	e274 <__eucjp_mbtowc+0xc4>
    e244:	2a0603e7 	mov	w7, w6
    e248:	7100041f 	cmp	w0, #0x1
    e24c:	54fffde0 	b.eq	e208 <__eucjp_mbtowc+0x58>  // b.none
    e250:	7100081f 	cmp	w0, #0x2
    e254:	540000e0 	b.eq	e270 <__eucjp_mbtowc+0xc0>  // b.none
    e258:	b9000026 	str	w6, [x1]
    e25c:	39400040 	ldrb	w0, [x2]
    e260:	7100001f 	cmp	w0, #0x0
    e264:	1a9f07e0 	cset	w0, ne	// ne = any
    e268:	910043ff 	add	sp, sp, #0x10
    e26c:	d65f03c0 	ret
    e270:	52800020 	mov	w0, #0x1                   	// #1
    e274:	510284e2 	sub	w2, w7, #0xa1
    e278:	7101745f 	cmp	w2, #0x5d
    e27c:	54000248 	b.hi	e2c4 <__eucjp_mbtowc+0x114>  // b.pmore
    e280:	39401482 	ldrb	w2, [x4, #5]
    e284:	120018e7 	and	w7, w7, #0x7f
    e288:	0b0220e2 	add	w2, w7, w2, lsl #8
    e28c:	b9000022 	str	w2, [x1]
    e290:	b900009f 	str	wzr, [x4]
    e294:	910043ff 	add	sp, sp, #0x10
    e298:	d65f03c0 	ret
    e29c:	0b0620e6 	add	w6, w7, w6, lsl #8
    e2a0:	b9000026 	str	w6, [x1]
    e2a4:	b900009f 	str	wzr, [x4]
    e2a8:	910043ff 	add	sp, sp, #0x10
    e2ac:	d65f03c0 	ret
    e2b0:	52800000 	mov	w0, #0x0                   	// #0
    e2b4:	910043ff 	add	sp, sp, #0x10
    e2b8:	d65f03c0 	ret
    e2bc:	12800020 	mov	w0, #0xfffffffe            	// #-2
    e2c0:	17ffffea 	b	e268 <__eucjp_mbtowc+0xb8>
    e2c4:	52801141 	mov	w1, #0x8a                  	// #138
    e2c8:	12800000 	mov	w0, #0xffffffff            	// #-1
    e2cc:	b90000a1 	str	w1, [x5]
    e2d0:	17ffffe6 	b	e268 <__eucjp_mbtowc+0xb8>
	...

000000000000e2e0 <__jis_mbtowc>:
    e2e0:	d10043ff 	sub	sp, sp, #0x10
    e2e4:	f100003f 	cmp	x1, #0x0
    e2e8:	910033e5 	add	x5, sp, #0xc
    e2ec:	9a8100a1 	csel	x1, x5, x1, eq	// eq = none
    e2f0:	b4000cc2 	cbz	x2, e488 <__jis_mbtowc+0x1a8>
    e2f4:	b40008c3 	cbz	x3, e40c <__jis_mbtowc+0x12c>
    e2f8:	39400085 	ldrb	w5, [x4]
    e2fc:	d000000c 	adrp	x12, 10000 <__sfp_handle_exceptions+0x300>
    e300:	d000000b 	adrp	x11, 10000 <__sfp_handle_exceptions+0x300>
    e304:	aa0003ed 	mov	x13, x0
    e308:	9122418c 	add	x12, x12, #0x890
    e30c:	9123816b 	add	x11, x11, #0x8e0
    e310:	aa0203ef 	mov	x15, x2
    e314:	52800009 	mov	w9, #0x0                   	// #0
    e318:	d2800008 	mov	x8, #0x0                   	// #0
    e31c:	38686847 	ldrb	w7, [x2, x8]
    e320:	8b08004e 	add	x14, x2, x8
    e324:	7100a0ff 	cmp	w7, #0x28
    e328:	54000b80 	b.eq	e498 <__jis_mbtowc+0x1b8>  // b.none
    e32c:	54000388 	b.hi	e39c <__jis_mbtowc+0xbc>  // b.pmore
    e330:	52800006 	mov	w6, #0x0                   	// #0
    e334:	71006cff 	cmp	w7, #0x1b
    e338:	540000c0 	b.eq	e350 <__jis_mbtowc+0x70>  // b.none
    e33c:	52800026 	mov	w6, #0x1                   	// #1
    e340:	710090ff 	cmp	w7, #0x24
    e344:	54000060 	b.eq	e350 <__jis_mbtowc+0x70>  // b.none
    e348:	528000c6 	mov	w6, #0x6                   	// #6
    e34c:	350003a7 	cbnz	w7, e3c0 <__jis_mbtowc+0xe0>
    e350:	d37d1ca0 	ubfiz	x0, x5, #3, #8
    e354:	8b250005 	add	x5, x0, w5, uxtb
    e358:	8b050180 	add	x0, x12, x5
    e35c:	8b050165 	add	x5, x11, x5
    e360:	3866c80a 	ldrb	w10, [x0, w6, sxtw]
    e364:	3866c8a5 	ldrb	w5, [x5, w6, sxtw]
    e368:	71000d5f 	cmp	w10, #0x3
    e36c:	54000420 	b.eq	e3f0 <__jis_mbtowc+0x110>  // b.none
    e370:	54000528 	b.hi	e414 <__jis_mbtowc+0x134>  // b.pmore
    e374:	7100055f 	cmp	w10, #0x1
    e378:	54000600 	b.eq	e438 <__jis_mbtowc+0x158>  // b.none
    e37c:	7100095f 	cmp	w10, #0x2
    e380:	54000720 	b.eq	e464 <__jis_mbtowc+0x184>  // b.none
    e384:	b900009f 	str	wzr, [x4]
    e388:	11000520 	add	w0, w9, #0x1
    e38c:	394001e2 	ldrb	w2, [x15]
    e390:	b9000022 	str	w2, [x1]
    e394:	910043ff 	add	sp, sp, #0x10
    e398:	d65f03c0 	ret
    e39c:	52800086 	mov	w6, #0x4                   	// #4
    e3a0:	710108ff 	cmp	w7, #0x42
    e3a4:	54fffd60 	b.eq	e350 <__jis_mbtowc+0x70>  // b.none
    e3a8:	528000a6 	mov	w6, #0x5                   	// #5
    e3ac:	710128ff 	cmp	w7, #0x4a
    e3b0:	54fffd00 	b.eq	e350 <__jis_mbtowc+0x70>  // b.none
    e3b4:	52800066 	mov	w6, #0x3                   	// #3
    e3b8:	710100ff 	cmp	w7, #0x40
    e3bc:	54fffca0 	b.eq	e350 <__jis_mbtowc+0x70>  // b.none
    e3c0:	510084e0 	sub	w0, w7, #0x21
    e3c4:	7101741f 	cmp	w0, #0x5d
    e3c8:	d37d1ca0 	ubfiz	x0, x5, #3, #8
    e3cc:	8b250005 	add	x5, x0, w5, uxtb
    e3d0:	1a9f97e6 	cset	w6, hi	// hi = pmore
    e3d4:	11001cc6 	add	w6, w6, #0x7
    e3d8:	8b050180 	add	x0, x12, x5
    e3dc:	8b050165 	add	x5, x11, x5
    e3e0:	3866c80a 	ldrb	w10, [x0, w6, sxtw]
    e3e4:	3866c8a5 	ldrb	w5, [x5, w6, sxtw]
    e3e8:	71000d5f 	cmp	w10, #0x3
    e3ec:	54fffc21 	b.ne	e370 <__jis_mbtowc+0x90>  // b.any
    e3f0:	91000508 	add	x8, x8, #0x1
    e3f4:	8b08004f 	add	x15, x2, x8
    e3f8:	11000528 	add	w8, w9, #0x1
    e3fc:	aa0803e9 	mov	x9, x8
    e400:	eb03011f 	cmp	x8, x3
    e404:	54fff8c3 	b.cc	e31c <__jis_mbtowc+0x3c>  // b.lo, b.ul, b.last
    e408:	b9000085 	str	w5, [x4]
    e40c:	12800020 	mov	w0, #0xfffffffe            	// #-2
    e410:	17ffffe1 	b	e394 <__jis_mbtowc+0xb4>
    e414:	7100115f 	cmp	w10, #0x4
    e418:	54ffff00 	b.eq	e3f8 <__jis_mbtowc+0x118>  // b.none
    e41c:	7100155f 	cmp	w10, #0x5
    e420:	54000181 	b.ne	e450 <__jis_mbtowc+0x170>  // b.any
    e424:	b900009f 	str	wzr, [x4]
    e428:	52800000 	mov	w0, #0x0                   	// #0
    e42c:	b900003f 	str	wzr, [x1]
    e430:	910043ff 	add	sp, sp, #0x10
    e434:	d65f03c0 	ret
    e438:	11000528 	add	w8, w9, #0x1
    e43c:	39001087 	strb	w7, [x4, #4]
    e440:	aa0803e9 	mov	x9, x8
    e444:	eb03011f 	cmp	x8, x3
    e448:	54fff6a3 	b.cc	e31c <__jis_mbtowc+0x3c>  // b.lo, b.ul, b.last
    e44c:	17ffffef 	b	e408 <__jis_mbtowc+0x128>
    e450:	52801141 	mov	w1, #0x8a                  	// #138
    e454:	b90001a1 	str	w1, [x13]
    e458:	12800000 	mov	w0, #0xffffffff            	// #-1
    e45c:	910043ff 	add	sp, sp, #0x10
    e460:	d65f03c0 	ret
    e464:	52800020 	mov	w0, #0x1                   	// #1
    e468:	b9000080 	str	w0, [x4]
    e46c:	39401082 	ldrb	w2, [x4, #4]
    e470:	0b000120 	add	w0, w9, w0
    e474:	394001c3 	ldrb	w3, [x14]
    e478:	0b022062 	add	w2, w3, w2, lsl #8
    e47c:	b9000022 	str	w2, [x1]
    e480:	910043ff 	add	sp, sp, #0x10
    e484:	d65f03c0 	ret
    e488:	b900009f 	str	wzr, [x4]
    e48c:	52800020 	mov	w0, #0x1                   	// #1
    e490:	910043ff 	add	sp, sp, #0x10
    e494:	d65f03c0 	ret
    e498:	52800046 	mov	w6, #0x2                   	// #2
    e49c:	17ffffad 	b	e350 <__jis_mbtowc+0x70>

000000000000e4a0 <_kill_r>:
    e4a0:	a9be7bfd 	stp	x29, x30, [sp, #-32]!
    e4a4:	910003fd 	mov	x29, sp
    e4a8:	a90153f3 	stp	x19, x20, [sp, #16]
    e4ac:	d0001f94 	adrp	x20, 400000 <__sf+0x10>
    e4b0:	aa0003f3 	mov	x19, x0
    e4b4:	b9029e9f 	str	wzr, [x20, #668]
    e4b8:	2a0103e0 	mov	w0, w1
    e4bc:	2a0203e1 	mov	w1, w2
    e4c0:	97ffc968 	bl	a60 <_kill>
    e4c4:	3100041f 	cmn	w0, #0x1
    e4c8:	54000080 	b.eq	e4d8 <_kill_r+0x38>  // b.none
    e4cc:	a94153f3 	ldp	x19, x20, [sp, #16]
    e4d0:	a8c27bfd 	ldp	x29, x30, [sp], #32
    e4d4:	d65f03c0 	ret
    e4d8:	b9429e81 	ldr	w1, [x20, #668]
    e4dc:	34ffff81 	cbz	w1, e4cc <_kill_r+0x2c>
    e4e0:	b9000261 	str	w1, [x19]
    e4e4:	a94153f3 	ldp	x19, x20, [sp, #16]
    e4e8:	a8c27bfd 	ldp	x29, x30, [sp], #32
    e4ec:	d65f03c0 	ret

000000000000e4f0 <_getpid_r>:
    e4f0:	17ffc958 	b	a50 <_getpid>
	...

000000000000e500 <_Balloc>:
    e500:	a9be7bfd 	stp	x29, x30, [sp, #-32]!
    e504:	910003fd 	mov	x29, sp
    e508:	f9403402 	ldr	x2, [x0, #104]
    e50c:	a90153f3 	stp	x19, x20, [sp, #16]
    e510:	aa0003f3 	mov	x19, x0
    e514:	2a0103f4 	mov	w20, w1
    e518:	b4000142 	cbz	x2, e540 <_Balloc+0x40>
    e51c:	93407e81 	sxtw	x1, w20
    e520:	f8617840 	ldr	x0, [x2, x1, lsl #3]
    e524:	b40001e0 	cbz	x0, e560 <_Balloc+0x60>
    e528:	f9400003 	ldr	x3, [x0]
    e52c:	f8217843 	str	x3, [x2, x1, lsl #3]
    e530:	f900081f 	str	xzr, [x0, #16]
    e534:	a94153f3 	ldp	x19, x20, [sp, #16]
    e538:	a8c27bfd 	ldp	x29, x30, [sp], #32
    e53c:	d65f03c0 	ret
    e540:	d2800822 	mov	x2, #0x41                  	// #65
    e544:	d2800101 	mov	x1, #0x8                   	// #8
    e548:	940003fe 	bl	f540 <_calloc_r>
    e54c:	f9003660 	str	x0, [x19, #104]
    e550:	aa0003e2 	mov	x2, x0
    e554:	b5fffe40 	cbnz	x0, e51c <_Balloc+0x1c>
    e558:	d2800000 	mov	x0, #0x0                   	// #0
    e55c:	17fffff6 	b	e534 <_Balloc+0x34>
    e560:	52800021 	mov	w1, #0x1                   	// #1
    e564:	aa1303e0 	mov	x0, x19
    e568:	1ad42033 	lsl	w19, w1, w20
    e56c:	d2800021 	mov	x1, #0x1                   	// #1
    e570:	93407e62 	sxtw	x2, w19
    e574:	91001c42 	add	x2, x2, #0x7
    e578:	d37ef442 	lsl	x2, x2, #2
    e57c:	940003f1 	bl	f540 <_calloc_r>
    e580:	b4fffec0 	cbz	x0, e558 <_Balloc+0x58>
    e584:	29014c14 	stp	w20, w19, [x0, #8]
    e588:	17ffffea 	b	e530 <_Balloc+0x30>
    e58c:	00000000 	udf	#0

000000000000e590 <_Bfree>:
    e590:	b40000c1 	cbz	x1, e5a8 <_Bfree+0x18>
    e594:	f9403400 	ldr	x0, [x0, #104]
    e598:	b9800822 	ldrsw	x2, [x1, #8]
    e59c:	f8627803 	ldr	x3, [x0, x2, lsl #3]
    e5a0:	f9000023 	str	x3, [x1]
    e5a4:	f8227801 	str	x1, [x0, x2, lsl #3]
    e5a8:	d65f03c0 	ret
    e5ac:	00000000 	udf	#0

000000000000e5b0 <__multadd>:
    e5b0:	a9bc7bfd 	stp	x29, x30, [sp, #-64]!
    e5b4:	91006027 	add	x7, x1, #0x18
    e5b8:	d2800005 	mov	x5, #0x0                   	// #0
    e5bc:	910003fd 	mov	x29, sp
    e5c0:	a90153f3 	stp	x19, x20, [sp, #16]
    e5c4:	2a0303f3 	mov	w19, w3
    e5c8:	b9401434 	ldr	w20, [x1, #20]
    e5cc:	a9025bf5 	stp	x21, x22, [sp, #32]
    e5d0:	aa0103f5 	mov	x21, x1
    e5d4:	aa0003f6 	mov	x22, x0
    e5d8:	b86578e4 	ldr	w4, [x7, x5, lsl #2]
    e5dc:	12003c83 	and	w3, w4, #0xffff
    e5e0:	53107c84 	lsr	w4, w4, #16
    e5e4:	1b024c63 	madd	w3, w3, w2, w19
    e5e8:	12003c66 	and	w6, w3, #0xffff
    e5ec:	53107c63 	lsr	w3, w3, #16
    e5f0:	1b020c83 	madd	w3, w4, w2, w3
    e5f4:	0b0340c4 	add	w4, w6, w3, lsl #16
    e5f8:	b82578e4 	str	w4, [x7, x5, lsl #2]
    e5fc:	910004a5 	add	x5, x5, #0x1
    e600:	53107c73 	lsr	w19, w3, #16
    e604:	6b05029f 	cmp	w20, w5
    e608:	54fffe8c 	b.gt	e5d8 <__multadd+0x28>
    e60c:	34000113 	cbz	w19, e62c <__multadd+0x7c>
    e610:	b9400ea0 	ldr	w0, [x21, #12]
    e614:	6b14001f 	cmp	w0, w20
    e618:	5400014d 	b.le	e640 <__multadd+0x90>
    e61c:	8b34caa0 	add	x0, x21, w20, sxtw #2
    e620:	11000694 	add	w20, w20, #0x1
    e624:	b9001813 	str	w19, [x0, #24]
    e628:	b90016b4 	str	w20, [x21, #20]
    e62c:	a94153f3 	ldp	x19, x20, [sp, #16]
    e630:	aa1503e0 	mov	x0, x21
    e634:	a9425bf5 	ldp	x21, x22, [sp, #32]
    e638:	a8c47bfd 	ldp	x29, x30, [sp], #64
    e63c:	d65f03c0 	ret
    e640:	b9400aa1 	ldr	w1, [x21, #8]
    e644:	aa1603e0 	mov	x0, x22
    e648:	f9001bf7 	str	x23, [sp, #48]
    e64c:	11000421 	add	w1, w1, #0x1
    e650:	97ffffac 	bl	e500 <_Balloc>
    e654:	aa0003f7 	mov	x23, x0
    e658:	b4000260 	cbz	x0, e6a4 <__multadd+0xf4>
    e65c:	b98016a2 	ldrsw	x2, [x21, #20]
    e660:	910042a1 	add	x1, x21, #0x10
    e664:	91004000 	add	x0, x0, #0x10
    e668:	91000842 	add	x2, x2, #0x2
    e66c:	d37ef442 	lsl	x2, x2, #2
    e670:	97ffd724 	bl	4300 <memcpy>
    e674:	f94036c0 	ldr	x0, [x22, #104]
    e678:	b9800aa1 	ldrsw	x1, [x21, #8]
    e67c:	f8617802 	ldr	x2, [x0, x1, lsl #3]
    e680:	f90002a2 	str	x2, [x21]
    e684:	f8217815 	str	x21, [x0, x1, lsl #3]
    e688:	aa1703f5 	mov	x21, x23
    e68c:	8b34caa0 	add	x0, x21, w20, sxtw #2
    e690:	11000694 	add	w20, w20, #0x1
    e694:	f9401bf7 	ldr	x23, [sp, #48]
    e698:	b9001813 	str	w19, [x0, #24]
    e69c:	b90016b4 	str	w20, [x21, #20]
    e6a0:	17ffffe3 	b	e62c <__multadd+0x7c>
    e6a4:	d0000003 	adrp	x3, 10000 <__sfp_handle_exceptions+0x300>
    e6a8:	d0000000 	adrp	x0, 10000 <__sfp_handle_exceptions+0x300>
    e6ac:	91060063 	add	x3, x3, #0x180
    e6b0:	910e2000 	add	x0, x0, #0x388
    e6b4:	d2800002 	mov	x2, #0x0                   	// #0
    e6b8:	52801741 	mov	w1, #0xba                  	// #186
    e6bc:	97ffd4b9 	bl	39a0 <__assert_func>

000000000000e6c0 <__s2b>:
    e6c0:	a9bc7bfd 	stp	x29, x30, [sp, #-64]!
    e6c4:	5291c725 	mov	w5, #0x8e39                	// #36409
    e6c8:	72a71c65 	movk	w5, #0x38e3, lsl #16
    e6cc:	910003fd 	mov	x29, sp
    e6d0:	a9025bf5 	stp	x21, x22, [sp, #32]
    e6d4:	2a0303f5 	mov	w21, w3
    e6d8:	11002063 	add	w3, w3, #0x8
    e6dc:	a90153f3 	stp	x19, x20, [sp, #16]
    e6e0:	2a0203f6 	mov	w22, w2
    e6e4:	aa0003f4 	mov	x20, x0
    e6e8:	9b257c65 	smull	x5, w3, w5
    e6ec:	a90363f7 	stp	x23, x24, [sp, #48]
    e6f0:	aa0103f3 	mov	x19, x1
    e6f4:	2a0403f7 	mov	w23, w4
    e6f8:	9361fca5 	asr	x5, x5, #33
    e6fc:	4b837ca2 	sub	w2, w5, w3, asr #31
    e700:	710026bf 	cmp	w21, #0x9
    e704:	5400064d 	b.le	e7cc <__s2b+0x10c>
    e708:	52800020 	mov	w0, #0x1                   	// #1
    e70c:	52800001 	mov	w1, #0x0                   	// #0
    e710:	531f7800 	lsl	w0, w0, #1
    e714:	11000421 	add	w1, w1, #0x1
    e718:	6b00005f 	cmp	w2, w0
    e71c:	54ffffac 	b.gt	e710 <__s2b+0x50>
    e720:	aa1403e0 	mov	x0, x20
    e724:	97ffff77 	bl	e500 <_Balloc>
    e728:	aa0003e1 	mov	x1, x0
    e72c:	b4000540 	cbz	x0, e7d4 <__s2b+0x114>
    e730:	52800020 	mov	w0, #0x1                   	// #1
    e734:	2902dc20 	stp	w0, w23, [x1, #20]
    e738:	710026df 	cmp	w22, #0x9
    e73c:	540002ac 	b.gt	e790 <__s2b+0xd0>
    e740:	91002a73 	add	x19, x19, #0xa
    e744:	52800136 	mov	w22, #0x9                   	// #9
    e748:	6b1602bf 	cmp	w21, w22
    e74c:	5400016d 	b.le	e778 <__s2b+0xb8>
    e750:	4b1602b5 	sub	w21, w21, w22
    e754:	8b150275 	add	x21, x19, x21
    e758:	38401663 	ldrb	w3, [x19], #1
    e75c:	aa1403e0 	mov	x0, x20
    e760:	52800142 	mov	w2, #0xa                   	// #10
    e764:	5100c063 	sub	w3, w3, #0x30
    e768:	97ffff92 	bl	e5b0 <__multadd>
    e76c:	aa0003e1 	mov	x1, x0
    e770:	eb15027f 	cmp	x19, x21
    e774:	54ffff21 	b.ne	e758 <__s2b+0x98>  // b.any
    e778:	a94153f3 	ldp	x19, x20, [sp, #16]
    e77c:	aa0103e0 	mov	x0, x1
    e780:	a9425bf5 	ldp	x21, x22, [sp, #32]
    e784:	a94363f7 	ldp	x23, x24, [sp, #48]
    e788:	a8c47bfd 	ldp	x29, x30, [sp], #64
    e78c:	d65f03c0 	ret
    e790:	91002678 	add	x24, x19, #0x9
    e794:	8b364273 	add	x19, x19, w22, uxtw
    e798:	aa1803f7 	mov	x23, x24
    e79c:	d503201f 	nop
    e7a0:	384016e3 	ldrb	w3, [x23], #1
    e7a4:	aa1403e0 	mov	x0, x20
    e7a8:	52800142 	mov	w2, #0xa                   	// #10
    e7ac:	5100c063 	sub	w3, w3, #0x30
    e7b0:	97ffff80 	bl	e5b0 <__multadd>
    e7b4:	aa0003e1 	mov	x1, x0
    e7b8:	eb1302ff 	cmp	x23, x19
    e7bc:	54ffff21 	b.ne	e7a0 <__s2b+0xe0>  // b.any
    e7c0:	510022d3 	sub	w19, w22, #0x8
    e7c4:	8b130313 	add	x19, x24, x19
    e7c8:	17ffffe0 	b	e748 <__s2b+0x88>
    e7cc:	52800001 	mov	w1, #0x0                   	// #0
    e7d0:	17ffffd4 	b	e720 <__s2b+0x60>
    e7d4:	d0000003 	adrp	x3, 10000 <__sfp_handle_exceptions+0x300>
    e7d8:	d0000000 	adrp	x0, 10000 <__sfp_handle_exceptions+0x300>
    e7dc:	91060063 	add	x3, x3, #0x180
    e7e0:	910e2000 	add	x0, x0, #0x388
    e7e4:	d2800002 	mov	x2, #0x0                   	// #0
    e7e8:	52801a61 	mov	w1, #0xd3                  	// #211
    e7ec:	97ffd46d 	bl	39a0 <__assert_func>

000000000000e7f0 <__hi0bits>:
    e7f0:	2a0003e1 	mov	w1, w0
    e7f4:	529fffe2 	mov	w2, #0xffff                	// #65535
    e7f8:	52800000 	mov	w0, #0x0                   	// #0
    e7fc:	6b02003f 	cmp	w1, w2
    e800:	54000068 	b.hi	e80c <__hi0bits+0x1c>  // b.pmore
    e804:	53103c21 	lsl	w1, w1, #16
    e808:	52800200 	mov	w0, #0x10                  	// #16
    e80c:	12bfe002 	mov	w2, #0xffffff              	// #16777215
    e810:	6b02003f 	cmp	w1, w2
    e814:	54000068 	b.hi	e820 <__hi0bits+0x30>  // b.pmore
    e818:	11002000 	add	w0, w0, #0x8
    e81c:	53185c21 	lsl	w1, w1, #8
    e820:	12be0002 	mov	w2, #0xfffffff             	// #268435455
    e824:	6b02003f 	cmp	w1, w2
    e828:	54000068 	b.hi	e834 <__hi0bits+0x44>  // b.pmore
    e82c:	11001000 	add	w0, w0, #0x4
    e830:	531c6c21 	lsl	w1, w1, #4
    e834:	12b80002 	mov	w2, #0x3fffffff            	// #1073741823
    e838:	6b02003f 	cmp	w1, w2
    e83c:	54000089 	b.ls	e84c <__hi0bits+0x5c>  // b.plast
    e840:	2a2103e1 	mvn	w1, w1
    e844:	0b417c00 	add	w0, w0, w1, lsr #31
    e848:	d65f03c0 	ret
    e84c:	531e7422 	lsl	w2, w1, #2
    e850:	37e800c1 	tbnz	w1, #29, e868 <__hi0bits+0x78>
    e854:	f262005f 	tst	x2, #0x40000000
    e858:	11000c00 	add	w0, w0, #0x3
    e85c:	52800401 	mov	w1, #0x20                  	// #32
    e860:	1a811000 	csel	w0, w0, w1, ne	// ne = any
    e864:	d65f03c0 	ret
    e868:	11000800 	add	w0, w0, #0x2
    e86c:	d65f03c0 	ret

000000000000e870 <__lo0bits>:
    e870:	aa0003e2 	mov	x2, x0
    e874:	52800000 	mov	w0, #0x0                   	// #0
    e878:	b9400041 	ldr	w1, [x2]
    e87c:	f240083f 	tst	x1, #0x7
    e880:	540000e0 	b.eq	e89c <__lo0bits+0x2c>  // b.none
    e884:	370000a1 	tbnz	w1, #0, e898 <__lo0bits+0x28>
    e888:	360803a1 	tbz	w1, #1, e8fc <__lo0bits+0x8c>
    e88c:	53017c21 	lsr	w1, w1, #1
    e890:	52800020 	mov	w0, #0x1                   	// #1
    e894:	b9000041 	str	w1, [x2]
    e898:	d65f03c0 	ret
    e89c:	72003c3f 	tst	w1, #0xffff
    e8a0:	54000061 	b.ne	e8ac <__lo0bits+0x3c>  // b.any
    e8a4:	53107c21 	lsr	w1, w1, #16
    e8a8:	52800200 	mov	w0, #0x10                  	// #16
    e8ac:	72001c3f 	tst	w1, #0xff
    e8b0:	54000061 	b.ne	e8bc <__lo0bits+0x4c>  // b.any
    e8b4:	11002000 	add	w0, w0, #0x8
    e8b8:	53087c21 	lsr	w1, w1, #8
    e8bc:	f2400c3f 	tst	x1, #0xf
    e8c0:	54000061 	b.ne	e8cc <__lo0bits+0x5c>  // b.any
    e8c4:	11001000 	add	w0, w0, #0x4
    e8c8:	53047c21 	lsr	w1, w1, #4
    e8cc:	f240043f 	tst	x1, #0x3
    e8d0:	54000061 	b.ne	e8dc <__lo0bits+0x6c>  // b.any
    e8d4:	11000800 	add	w0, w0, #0x2
    e8d8:	53027c21 	lsr	w1, w1, #2
    e8dc:	37000081 	tbnz	w1, #0, e8ec <__lo0bits+0x7c>
    e8e0:	11000400 	add	w0, w0, #0x1
    e8e4:	53017c21 	lsr	w1, w1, #1
    e8e8:	34000061 	cbz	w1, e8f4 <__lo0bits+0x84>
    e8ec:	b9000041 	str	w1, [x2]
    e8f0:	d65f03c0 	ret
    e8f4:	52800400 	mov	w0, #0x20                  	// #32
    e8f8:	d65f03c0 	ret
    e8fc:	53027c21 	lsr	w1, w1, #2
    e900:	52800040 	mov	w0, #0x2                   	// #2
    e904:	b9000041 	str	w1, [x2]
    e908:	d65f03c0 	ret
    e90c:	00000000 	udf	#0

000000000000e910 <__i2b>:
    e910:	a9be7bfd 	stp	x29, x30, [sp, #-32]!
    e914:	910003fd 	mov	x29, sp
    e918:	f9403402 	ldr	x2, [x0, #104]
    e91c:	a90153f3 	stp	x19, x20, [sp, #16]
    e920:	aa0003f3 	mov	x19, x0
    e924:	2a0103f4 	mov	w20, w1
    e928:	b4000182 	cbz	x2, e958 <__i2b+0x48>
    e92c:	f9400440 	ldr	x0, [x2, #8]
    e930:	b40002e0 	cbz	x0, e98c <__i2b+0x7c>
    e934:	f9400001 	ldr	x1, [x0]
    e938:	f9000441 	str	x1, [x2, #8]
    e93c:	d0000001 	adrp	x1, 10000 <__sfp_handle_exceptions+0x300>
    e940:	b9001814 	str	w20, [x0, #24]
    e944:	a94153f3 	ldp	x19, x20, [sp, #16]
    e948:	fd431020 	ldr	d0, [x1, #1568]
    e94c:	fd000800 	str	d0, [x0, #16]
    e950:	a8c27bfd 	ldp	x29, x30, [sp], #32
    e954:	d65f03c0 	ret
    e958:	d2800822 	mov	x2, #0x41                  	// #65
    e95c:	d2800101 	mov	x1, #0x8                   	// #8
    e960:	940002f8 	bl	f540 <_calloc_r>
    e964:	f9003660 	str	x0, [x19, #104]
    e968:	aa0003e2 	mov	x2, x0
    e96c:	b5fffe00 	cbnz	x0, e92c <__i2b+0x1c>
    e970:	d0000003 	adrp	x3, 10000 <__sfp_handle_exceptions+0x300>
    e974:	d0000000 	adrp	x0, 10000 <__sfp_handle_exceptions+0x300>
    e978:	91060063 	add	x3, x3, #0x180
    e97c:	910e2000 	add	x0, x0, #0x388
    e980:	d2800002 	mov	x2, #0x0                   	// #0
    e984:	528028a1 	mov	w1, #0x145                 	// #325
    e988:	97ffd406 	bl	39a0 <__assert_func>
    e98c:	aa1303e0 	mov	x0, x19
    e990:	d2800482 	mov	x2, #0x24                  	// #36
    e994:	d2800021 	mov	x1, #0x1                   	// #1
    e998:	940002ea 	bl	f540 <_calloc_r>
    e99c:	b4fffea0 	cbz	x0, e970 <__i2b+0x60>
    e9a0:	d0000001 	adrp	x1, 10000 <__sfp_handle_exceptions+0x300>
    e9a4:	b9001814 	str	w20, [x0, #24]
    e9a8:	a94153f3 	ldp	x19, x20, [sp, #16]
    e9ac:	fd430c20 	ldr	d0, [x1, #1560]
    e9b0:	d0000001 	adrp	x1, 10000 <__sfp_handle_exceptions+0x300>
    e9b4:	fd000400 	str	d0, [x0, #8]
    e9b8:	fd431020 	ldr	d0, [x1, #1568]
    e9bc:	fd000800 	str	d0, [x0, #16]
    e9c0:	a8c27bfd 	ldp	x29, x30, [sp], #32
    e9c4:	d65f03c0 	ret
	...

000000000000e9d0 <__multiply>:
    e9d0:	a9bc7bfd 	stp	x29, x30, [sp, #-64]!
    e9d4:	910003fd 	mov	x29, sp
    e9d8:	a9025bf5 	stp	x21, x22, [sp, #32]
    e9dc:	aa0103f5 	mov	x21, x1
    e9e0:	b9401436 	ldr	w22, [x1, #20]
    e9e4:	f9001bf7 	str	x23, [sp, #48]
    e9e8:	b9401457 	ldr	w23, [x2, #20]
    e9ec:	a90153f3 	stp	x19, x20, [sp, #16]
    e9f0:	aa0203f4 	mov	x20, x2
    e9f4:	6b1702df 	cmp	w22, w23
    e9f8:	540000eb 	b.lt	ea14 <__multiply+0x44>  // b.tstop
    e9fc:	2a1703e2 	mov	w2, w23
    ea00:	aa1403e1 	mov	x1, x20
    ea04:	2a1603f7 	mov	w23, w22
    ea08:	aa1503f4 	mov	x20, x21
    ea0c:	2a0203f6 	mov	w22, w2
    ea10:	aa0103f5 	mov	x21, x1
    ea14:	29410a81 	ldp	w1, w2, [x20, #8]
    ea18:	0b1602f3 	add	w19, w23, w22
    ea1c:	6b13005f 	cmp	w2, w19
    ea20:	1a81a421 	cinc	w1, w1, lt	// lt = tstop
    ea24:	97fffeb7 	bl	e500 <_Balloc>
    ea28:	b4000b80 	cbz	x0, eb98 <__multiply+0x1c8>
    ea2c:	91006007 	add	x7, x0, #0x18
    ea30:	8b33c8e8 	add	x8, x7, w19, sxtw #2
    ea34:	aa0703e3 	mov	x3, x7
    ea38:	eb0800ff 	cmp	x7, x8
    ea3c:	54000082 	b.cs	ea4c <__multiply+0x7c>  // b.hs, b.nlast
    ea40:	b800447f 	str	wzr, [x3], #4
    ea44:	eb03011f 	cmp	x8, x3
    ea48:	54ffffc8 	b.hi	ea40 <__multiply+0x70>  // b.pmore
    ea4c:	910062a6 	add	x6, x21, #0x18
    ea50:	9100628b 	add	x11, x20, #0x18
    ea54:	8b36c8c9 	add	x9, x6, w22, sxtw #2
    ea58:	8b37c965 	add	x5, x11, w23, sxtw #2
    ea5c:	eb0900df 	cmp	x6, x9
    ea60:	54000822 	b.cs	eb64 <__multiply+0x194>  // b.hs, b.nlast
    ea64:	cb1400aa 	sub	x10, x5, x20
    ea68:	91006694 	add	x20, x20, #0x19
    ea6c:	d100654a 	sub	x10, x10, #0x19
    ea70:	d2800081 	mov	x1, #0x4                   	// #4
    ea74:	927ef54a 	and	x10, x10, #0xfffffffffffffffc
    ea78:	eb1400bf 	cmp	x5, x20
    ea7c:	8b01014a 	add	x10, x10, x1
    ea80:	9a81214a 	csel	x10, x10, x1, cs	// cs = hs, nlast
    ea84:	14000007 	b	eaa0 <__multiply+0xd0>
    ea88:	53107c63 	lsr	w3, w3, #16
    ea8c:	350003c3 	cbnz	w3, eb04 <__multiply+0x134>
    ea90:	910010c6 	add	x6, x6, #0x4
    ea94:	910010e7 	add	x7, x7, #0x4
    ea98:	eb06013f 	cmp	x9, x6
    ea9c:	54000649 	b.ls	eb64 <__multiply+0x194>  // b.plast
    eaa0:	b94000c3 	ldr	w3, [x6]
    eaa4:	72003c6d 	ands	w13, w3, #0xffff
    eaa8:	54ffff00 	b.eq	ea88 <__multiply+0xb8>  // b.none
    eaac:	aa0703ec 	mov	x12, x7
    eab0:	aa0b03e4 	mov	x4, x11
    eab4:	5280000e 	mov	w14, #0x0                   	// #0
    eab8:	b8404481 	ldr	w1, [x4], #4
    eabc:	b9400183 	ldr	w3, [x12]
    eac0:	12003c22 	and	w2, w1, #0xffff
    eac4:	12003c6f 	and	w15, w3, #0xffff
    eac8:	53107c21 	lsr	w1, w1, #16
    eacc:	53107c63 	lsr	w3, w3, #16
    ead0:	1b0d3c42 	madd	w2, w2, w13, w15
    ead4:	1b0d0c21 	madd	w1, w1, w13, w3
    ead8:	0b0e0042 	add	w2, w2, w14
    eadc:	0b424021 	add	w1, w1, w2, lsr #16
    eae0:	33103c22 	bfi	w2, w1, #16, #16
    eae4:	b8004582 	str	w2, [x12], #4
    eae8:	53107c2e 	lsr	w14, w1, #16
    eaec:	eb0400bf 	cmp	x5, x4
    eaf0:	54fffe48 	b.hi	eab8 <__multiply+0xe8>  // b.pmore
    eaf4:	b82a68ee 	str	w14, [x7, x10]
    eaf8:	b94000c3 	ldr	w3, [x6]
    eafc:	53107c63 	lsr	w3, w3, #16
    eb00:	34fffc83 	cbz	w3, ea90 <__multiply+0xc0>
    eb04:	b94000e1 	ldr	w1, [x7]
    eb08:	aa0703ed 	mov	x13, x7
    eb0c:	aa0b03e4 	mov	x4, x11
    eb10:	5280000e 	mov	w14, #0x0                   	// #0
    eb14:	2a0103ec 	mov	w12, w1
    eb18:	79400082 	ldrh	w2, [x4]
    eb1c:	1b033842 	madd	w2, w2, w3, w14
    eb20:	0b4c4042 	add	w2, w2, w12, lsr #16
    eb24:	33103c41 	bfi	w1, w2, #16, #16
    eb28:	b80045a1 	str	w1, [x13], #4
    eb2c:	b8404481 	ldr	w1, [x4], #4
    eb30:	b94001ac 	ldr	w12, [x13]
    eb34:	53107c21 	lsr	w1, w1, #16
    eb38:	12003d8e 	and	w14, w12, #0xffff
    eb3c:	1b033821 	madd	w1, w1, w3, w14
    eb40:	0b424021 	add	w1, w1, w2, lsr #16
    eb44:	53107c2e 	lsr	w14, w1, #16
    eb48:	eb0400bf 	cmp	x5, x4
    eb4c:	54fffe68 	b.hi	eb18 <__multiply+0x148>  // b.pmore
    eb50:	910010c6 	add	x6, x6, #0x4
    eb54:	b82a68e1 	str	w1, [x7, x10]
    eb58:	910010e7 	add	x7, x7, #0x4
    eb5c:	eb06013f 	cmp	x9, x6
    eb60:	54fffa08 	b.hi	eaa0 <__multiply+0xd0>  // b.pmore
    eb64:	7100027f 	cmp	w19, #0x0
    eb68:	5400008c 	b.gt	eb78 <__multiply+0x1a8>
    eb6c:	14000005 	b	eb80 <__multiply+0x1b0>
    eb70:	71000673 	subs	w19, w19, #0x1
    eb74:	54000060 	b.eq	eb80 <__multiply+0x1b0>  // b.none
    eb78:	b85fcd01 	ldr	w1, [x8, #-4]!
    eb7c:	34ffffa1 	cbz	w1, eb70 <__multiply+0x1a0>
    eb80:	a9425bf5 	ldp	x21, x22, [sp, #32]
    eb84:	f9401bf7 	ldr	x23, [sp, #48]
    eb88:	b9001413 	str	w19, [x0, #20]
    eb8c:	a94153f3 	ldp	x19, x20, [sp, #16]
    eb90:	a8c47bfd 	ldp	x29, x30, [sp], #64
    eb94:	d65f03c0 	ret
    eb98:	d0000003 	adrp	x3, 10000 <__sfp_handle_exceptions+0x300>
    eb9c:	d0000000 	adrp	x0, 10000 <__sfp_handle_exceptions+0x300>
    eba0:	91060063 	add	x3, x3, #0x180
    eba4:	910e2000 	add	x0, x0, #0x388
    eba8:	d2800002 	mov	x2, #0x0                   	// #0
    ebac:	52802c41 	mov	w1, #0x162                 	// #354
    ebb0:	97ffd37c 	bl	39a0 <__assert_func>
	...

000000000000ebc0 <__pow5mult>:
    ebc0:	a9bd7bfd 	stp	x29, x30, [sp, #-48]!
    ebc4:	910003fd 	mov	x29, sp
    ebc8:	a90153f3 	stp	x19, x20, [sp, #16]
    ebcc:	2a0203f3 	mov	w19, w2
    ebd0:	72000442 	ands	w2, w2, #0x3
    ebd4:	a9025bf5 	stp	x21, x22, [sp, #32]
    ebd8:	aa0003f6 	mov	x22, x0
    ebdc:	aa0103f5 	mov	x21, x1
    ebe0:	540004c1 	b.ne	ec78 <__pow5mult+0xb8>  // b.any
    ebe4:	13027e73 	asr	w19, w19, #2
    ebe8:	340002f3 	cbz	w19, ec44 <__pow5mult+0x84>
    ebec:	f94032d4 	ldr	x20, [x22, #96]
    ebf0:	b4000554 	cbz	x20, ec98 <__pow5mult+0xd8>
    ebf4:	370000f3 	tbnz	w19, #0, ec10 <__pow5mult+0x50>
    ebf8:	13017e73 	asr	w19, w19, #1
    ebfc:	34000253 	cbz	w19, ec44 <__pow5mult+0x84>
    ec00:	f9400280 	ldr	x0, [x20]
    ec04:	b40002a0 	cbz	x0, ec58 <__pow5mult+0x98>
    ec08:	aa0003f4 	mov	x20, x0
    ec0c:	3607ff73 	tbz	w19, #0, ebf8 <__pow5mult+0x38>
    ec10:	aa1403e2 	mov	x2, x20
    ec14:	aa1503e1 	mov	x1, x21
    ec18:	aa1603e0 	mov	x0, x22
    ec1c:	97ffff6d 	bl	e9d0 <__multiply>
    ec20:	b40000d5 	cbz	x21, ec38 <__pow5mult+0x78>
    ec24:	f94036c1 	ldr	x1, [x22, #104]
    ec28:	b9800aa2 	ldrsw	x2, [x21, #8]
    ec2c:	f8627823 	ldr	x3, [x1, x2, lsl #3]
    ec30:	f90002a3 	str	x3, [x21]
    ec34:	f8227835 	str	x21, [x1, x2, lsl #3]
    ec38:	aa0003f5 	mov	x21, x0
    ec3c:	13017e73 	asr	w19, w19, #1
    ec40:	35fffe13 	cbnz	w19, ec00 <__pow5mult+0x40>
    ec44:	a94153f3 	ldp	x19, x20, [sp, #16]
    ec48:	aa1503e0 	mov	x0, x21
    ec4c:	a9425bf5 	ldp	x21, x22, [sp, #32]
    ec50:	a8c37bfd 	ldp	x29, x30, [sp], #48
    ec54:	d65f03c0 	ret
    ec58:	aa1403e2 	mov	x2, x20
    ec5c:	aa1403e1 	mov	x1, x20
    ec60:	aa1603e0 	mov	x0, x22
    ec64:	97ffff5b 	bl	e9d0 <__multiply>
    ec68:	f9000280 	str	x0, [x20]
    ec6c:	aa0003f4 	mov	x20, x0
    ec70:	f900001f 	str	xzr, [x0]
    ec74:	17ffffe6 	b	ec0c <__pow5mult+0x4c>
    ec78:	51000442 	sub	w2, w2, #0x1
    ec7c:	d0000004 	adrp	x4, 10000 <__sfp_handle_exceptions+0x300>
    ec80:	9124a084 	add	x4, x4, #0x928
    ec84:	52800003 	mov	w3, #0x0                   	// #0
    ec88:	b862d882 	ldr	w2, [x4, w2, sxtw #2]
    ec8c:	97fffe49 	bl	e5b0 <__multadd>
    ec90:	aa0003f5 	mov	x21, x0
    ec94:	17ffffd4 	b	ebe4 <__pow5mult+0x24>
    ec98:	aa1603e0 	mov	x0, x22
    ec9c:	52800021 	mov	w1, #0x1                   	// #1
    eca0:	97fffe18 	bl	e500 <_Balloc>
    eca4:	aa0003f4 	mov	x20, x0
    eca8:	b40000e0 	cbz	x0, ecc4 <__pow5mult+0x104>
    ecac:	d2800020 	mov	x0, #0x1                   	// #1
    ecb0:	f2c04e20 	movk	x0, #0x271, lsl #32
    ecb4:	f8014280 	stur	x0, [x20, #20]
    ecb8:	f90032d4 	str	x20, [x22, #96]
    ecbc:	f900029f 	str	xzr, [x20]
    ecc0:	17ffffcd 	b	ebf4 <__pow5mult+0x34>
    ecc4:	d0000003 	adrp	x3, 10000 <__sfp_handle_exceptions+0x300>
    ecc8:	d0000000 	adrp	x0, 10000 <__sfp_handle_exceptions+0x300>
    eccc:	91060063 	add	x3, x3, #0x180
    ecd0:	910e2000 	add	x0, x0, #0x388
    ecd4:	d2800002 	mov	x2, #0x0                   	// #0
    ecd8:	528028a1 	mov	w1, #0x145                 	// #325
    ecdc:	97ffd331 	bl	39a0 <__assert_func>

000000000000ece0 <__lshift>:
    ece0:	a9bc7bfd 	stp	x29, x30, [sp, #-64]!
    ece4:	910003fd 	mov	x29, sp
    ece8:	a90363f7 	stp	x23, x24, [sp, #48]
    ecec:	13057c58 	asr	w24, w2, #5
    ecf0:	b9401437 	ldr	w23, [x1, #20]
    ecf4:	b9400c23 	ldr	w3, [x1, #12]
    ecf8:	0b170317 	add	w23, w24, w23
    ecfc:	a90153f3 	stp	x19, x20, [sp, #16]
    ed00:	aa0103f4 	mov	x20, x1
    ed04:	a9025bf5 	stp	x21, x22, [sp, #32]
    ed08:	110006f5 	add	w21, w23, #0x1
    ed0c:	b9400821 	ldr	w1, [x1, #8]
    ed10:	2a0203f3 	mov	w19, w2
    ed14:	aa0003f6 	mov	x22, x0
    ed18:	6b0302bf 	cmp	w21, w3
    ed1c:	540000ad 	b.le	ed30 <__lshift+0x50>
    ed20:	531f7863 	lsl	w3, w3, #1
    ed24:	11000421 	add	w1, w1, #0x1
    ed28:	6b0302bf 	cmp	w21, w3
    ed2c:	54ffffac 	b.gt	ed20 <__lshift+0x40>
    ed30:	aa1603e0 	mov	x0, x22
    ed34:	97fffdf3 	bl	e500 <_Balloc>
    ed38:	b40007a0 	cbz	x0, ee2c <__lshift+0x14c>
    ed3c:	91006005 	add	x5, x0, #0x18
    ed40:	7100031f 	cmp	w24, #0x0
    ed44:	5400012d 	b.le	ed68 <__lshift+0x88>
    ed48:	11001b04 	add	w4, w24, #0x6
    ed4c:	aa0503e3 	mov	x3, x5
    ed50:	8b24c804 	add	x4, x0, w4, sxtw #2
    ed54:	d503201f 	nop
    ed58:	b800447f 	str	wzr, [x3], #4
    ed5c:	eb04007f 	cmp	x3, x4
    ed60:	54ffffc1 	b.ne	ed58 <__lshift+0x78>  // b.any
    ed64:	8b3848a5 	add	x5, x5, w24, uxtw #2
    ed68:	b9801686 	ldrsw	x6, [x20, #20]
    ed6c:	91006283 	add	x3, x20, #0x18
    ed70:	72001267 	ands	w7, w19, #0x1f
    ed74:	8b060866 	add	x6, x3, x6, lsl #2
    ed78:	54000480 	b.eq	ee08 <__lshift+0x128>  // b.none
    ed7c:	52800408 	mov	w8, #0x20                  	// #32
    ed80:	aa0503e1 	mov	x1, x5
    ed84:	4b070108 	sub	w8, w8, w7
    ed88:	52800004 	mov	w4, #0x0                   	// #0
    ed8c:	d503201f 	nop
    ed90:	b9400062 	ldr	w2, [x3]
    ed94:	1ac72042 	lsl	w2, w2, w7
    ed98:	2a040042 	orr	w2, w2, w4
    ed9c:	b8004422 	str	w2, [x1], #4
    eda0:	b8404464 	ldr	w4, [x3], #4
    eda4:	1ac82484 	lsr	w4, w4, w8
    eda8:	eb0300df 	cmp	x6, x3
    edac:	54ffff28 	b.hi	ed90 <__lshift+0xb0>  // b.pmore
    edb0:	cb1400c1 	sub	x1, x6, x20
    edb4:	91006682 	add	x2, x20, #0x19
    edb8:	d1006421 	sub	x1, x1, #0x19
    edbc:	eb0200df 	cmp	x6, x2
    edc0:	927ef421 	and	x1, x1, #0xfffffffffffffffc
    edc4:	d2800082 	mov	x2, #0x4                   	// #4
    edc8:	8b020021 	add	x1, x1, x2
    edcc:	9a822021 	csel	x1, x1, x2, cs	// cs = hs, nlast
    edd0:	b82168a4 	str	w4, [x5, x1]
    edd4:	35000044 	cbnz	w4, eddc <__lshift+0xfc>
    edd8:	2a1703f5 	mov	w21, w23
    eddc:	f94036c1 	ldr	x1, [x22, #104]
    ede0:	b9800a82 	ldrsw	x2, [x20, #8]
    ede4:	a94363f7 	ldp	x23, x24, [sp, #48]
    ede8:	f8627823 	ldr	x3, [x1, x2, lsl #3]
    edec:	b9001415 	str	w21, [x0, #20]
    edf0:	a9425bf5 	ldp	x21, x22, [sp, #32]
    edf4:	f9000283 	str	x3, [x20]
    edf8:	f8227834 	str	x20, [x1, x2, lsl #3]
    edfc:	a94153f3 	ldp	x19, x20, [sp, #16]
    ee00:	a8c47bfd 	ldp	x29, x30, [sp], #64
    ee04:	d65f03c0 	ret
    ee08:	b8404461 	ldr	w1, [x3], #4
    ee0c:	b80044a1 	str	w1, [x5], #4
    ee10:	eb0300df 	cmp	x6, x3
    ee14:	54fffe29 	b.ls	edd8 <__lshift+0xf8>  // b.plast
    ee18:	b8404461 	ldr	w1, [x3], #4
    ee1c:	b80044a1 	str	w1, [x5], #4
    ee20:	eb0300df 	cmp	x6, x3
    ee24:	54ffff28 	b.hi	ee08 <__lshift+0x128>  // b.pmore
    ee28:	17ffffec 	b	edd8 <__lshift+0xf8>
    ee2c:	d0000003 	adrp	x3, 10000 <__sfp_handle_exceptions+0x300>
    ee30:	d0000000 	adrp	x0, 10000 <__sfp_handle_exceptions+0x300>
    ee34:	91060063 	add	x3, x3, #0x180
    ee38:	910e2000 	add	x0, x0, #0x388
    ee3c:	d2800002 	mov	x2, #0x0                   	// #0
    ee40:	52803bc1 	mov	w1, #0x1de                 	// #478
    ee44:	97ffd2d7 	bl	39a0 <__assert_func>
	...

000000000000ee50 <__mcmp>:
    ee50:	b9401422 	ldr	w2, [x1, #20]
    ee54:	aa0003e5 	mov	x5, x0
    ee58:	b9401400 	ldr	w0, [x0, #20]
    ee5c:	6b020000 	subs	w0, w0, w2
    ee60:	540001e1 	b.ne	ee9c <__mcmp+0x4c>  // b.any
    ee64:	937e7c43 	sbfiz	x3, x2, #2, #32
    ee68:	910060a5 	add	x5, x5, #0x18
    ee6c:	91006021 	add	x1, x1, #0x18
    ee70:	8b0300a2 	add	x2, x5, x3
    ee74:	8b030021 	add	x1, x1, x3
    ee78:	14000003 	b	ee84 <__mcmp+0x34>
    ee7c:	eb0200bf 	cmp	x5, x2
    ee80:	540000e2 	b.cs	ee9c <__mcmp+0x4c>  // b.hs, b.nlast
    ee84:	b85fcc44 	ldr	w4, [x2, #-4]!
    ee88:	b85fcc23 	ldr	w3, [x1, #-4]!
    ee8c:	6b03009f 	cmp	w4, w3
    ee90:	54ffff60 	b.eq	ee7c <__mcmp+0x2c>  // b.none
    ee94:	12800000 	mov	w0, #0xffffffff            	// #-1
    ee98:	1a9f3400 	csinc	w0, w0, wzr, cc	// cc = lo, ul, last
    ee9c:	d65f03c0 	ret

000000000000eea0 <__mdiff>:
    eea0:	a9bd7bfd 	stp	x29, x30, [sp, #-48]!
    eea4:	910003fd 	mov	x29, sp
    eea8:	a90153f3 	stp	x19, x20, [sp, #16]
    eeac:	aa0103f3 	mov	x19, x1
    eeb0:	aa0203f4 	mov	x20, x2
    eeb4:	b9401421 	ldr	w1, [x1, #20]
    eeb8:	b9401442 	ldr	w2, [x2, #20]
    eebc:	f90013f5 	str	x21, [sp, #32]
    eec0:	6b020021 	subs	w1, w1, w2
    eec4:	35000241 	cbnz	w1, ef0c <__mdiff+0x6c>
    eec8:	937e7c42 	sbfiz	x2, x2, #2, #32
    eecc:	91006261 	add	x1, x19, #0x18
    eed0:	91006284 	add	x4, x20, #0x18
    eed4:	8b020023 	add	x3, x1, x2
    eed8:	8b020084 	add	x4, x4, x2
    eedc:	14000003 	b	eee8 <__mdiff+0x48>
    eee0:	eb03003f 	cmp	x1, x3
    eee4:	54000a62 	b.cs	f030 <__mdiff+0x190>  // b.hs, b.nlast
    eee8:	b85fcc66 	ldr	w6, [x3, #-4]!
    eeec:	b85fcc85 	ldr	w5, [x4, #-4]!
    eef0:	6b0500df 	cmp	w6, w5
    eef4:	54ffff60 	b.eq	eee0 <__mdiff+0x40>  // b.none
    eef8:	aa1403e1 	mov	x1, x20
    eefc:	1a9f27f5 	cset	w21, cc	// cc = lo, ul, last
    ef00:	9a933294 	csel	x20, x20, x19, cc	// cc = lo, ul, last
    ef04:	9a813273 	csel	x19, x19, x1, cc	// cc = lo, ul, last
    ef08:	14000005 	b	ef1c <__mdiff+0x7c>
    ef0c:	aa1403e1 	mov	x1, x20
    ef10:	1a9f57f5 	cset	w21, mi	// mi = first
    ef14:	9a934294 	csel	x20, x20, x19, mi	// mi = first
    ef18:	9a814273 	csel	x19, x19, x1, mi	// mi = first
    ef1c:	b9400a81 	ldr	w1, [x20, #8]
    ef20:	97fffd78 	bl	e500 <_Balloc>
    ef24:	b4000b00 	cbz	x0, f084 <__mdiff+0x1e4>
    ef28:	b9801668 	ldrsw	x8, [x19, #20]
    ef2c:	91006289 	add	x9, x20, #0x18
    ef30:	b9401687 	ldr	w7, [x20, #20]
    ef34:	91006262 	add	x2, x19, #0x18
    ef38:	9100600b 	add	x11, x0, #0x18
    ef3c:	d2800305 	mov	x5, #0x18                  	// #24
    ef40:	8b080848 	add	x8, x2, x8, lsl #2
    ef44:	52800001 	mov	w1, #0x0                   	// #0
    ef48:	8b27c92a 	add	x10, x9, w7, sxtw #2
    ef4c:	b9001015 	str	w21, [x0, #16]
    ef50:	b8656a86 	ldr	w6, [x20, x5]
    ef54:	b8656a64 	ldr	w4, [x19, x5]
    ef58:	12003cc3 	and	w3, w6, #0xffff
    ef5c:	53107cc6 	lsr	w6, w6, #16
    ef60:	4b242063 	sub	w3, w3, w4, uxth
    ef64:	4b4440c4 	sub	w4, w6, w4, lsr #16
    ef68:	0b010063 	add	w3, w3, w1
    ef6c:	0b834084 	add	w4, w4, w3, asr #16
    ef70:	33103c83 	bfi	w3, w4, #16, #16
    ef74:	b8256803 	str	w3, [x0, x5]
    ef78:	910010a5 	add	x5, x5, #0x4
    ef7c:	13107c81 	asr	w1, w4, #16
    ef80:	8b050264 	add	x4, x19, x5
    ef84:	eb04011f 	cmp	x8, x4
    ef88:	54fffe48 	b.hi	ef50 <__mdiff+0xb0>  // b.pmore
    ef8c:	cb130104 	sub	x4, x8, x19
    ef90:	91006662 	add	x2, x19, #0x19
    ef94:	d1006484 	sub	x4, x4, #0x19
    ef98:	eb02011f 	cmp	x8, x2
    ef9c:	1a9f37e6 	cset	w6, cs	// cs = hs, nlast
    efa0:	d2800088 	mov	x8, #0x4                   	// #4
    efa4:	d342fc82 	lsr	x2, x4, #2
    efa8:	710000df 	cmp	w6, #0x0
    efac:	91000445 	add	x5, x2, #0x1
    efb0:	d37ef4a5 	lsl	x5, x5, #2
    efb4:	9a8810a5 	csel	x5, x5, x8, ne	// ne = any
    efb8:	8b050128 	add	x8, x9, x5
    efbc:	8b050165 	add	x5, x11, x5
    efc0:	eb08015f 	cmp	x10, x8
    efc4:	54000489 	b.ls	f054 <__mdiff+0x1b4>  // b.plast
    efc8:	d100054a 	sub	x10, x10, #0x1
    efcc:	d2800004 	mov	x4, #0x0                   	// #0
    efd0:	cb08014a 	sub	x10, x10, x8
    efd4:	d342fd49 	lsr	x9, x10, #2
    efd8:	b8647902 	ldr	w2, [x8, x4, lsl #2]
    efdc:	eb04013f 	cmp	x9, x4
    efe0:	0b010043 	add	w3, w2, w1
    efe4:	0b222021 	add	w1, w1, w2, uxth
    efe8:	53107c42 	lsr	w2, w2, #16
    efec:	0b814041 	add	w1, w2, w1, asr #16
    eff0:	33103c23 	bfi	w3, w1, #16, #16
    eff4:	b82478a3 	str	w3, [x5, x4, lsl #2]
    eff8:	13107c21 	asr	w1, w1, #16
    effc:	91000484 	add	x4, x4, #0x1
    f000:	54fffec1 	b.ne	efd8 <__mdiff+0x138>  // b.any
    f004:	927ef54a 	and	x10, x10, #0xfffffffffffffffc
    f008:	8b0a00a1 	add	x1, x5, x10
    f00c:	35000083 	cbnz	w3, f01c <__mdiff+0x17c>
    f010:	b85fcc22 	ldr	w2, [x1, #-4]!
    f014:	510004e7 	sub	w7, w7, #0x1
    f018:	34ffffc2 	cbz	w2, f010 <__mdiff+0x170>
    f01c:	b9001407 	str	w7, [x0, #20]
    f020:	a94153f3 	ldp	x19, x20, [sp, #16]
    f024:	f94013f5 	ldr	x21, [sp, #32]
    f028:	a8c37bfd 	ldp	x29, x30, [sp], #48
    f02c:	d65f03c0 	ret
    f030:	52800001 	mov	w1, #0x0                   	// #0
    f034:	97fffd33 	bl	e500 <_Balloc>
    f038:	b4000180 	cbz	x0, f068 <__mdiff+0x1c8>
    f03c:	d2800021 	mov	x1, #0x1                   	// #1
    f040:	f8014001 	stur	x1, [x0, #20]
    f044:	a94153f3 	ldp	x19, x20, [sp, #16]
    f048:	f94013f5 	ldr	x21, [sp, #32]
    f04c:	a8c37bfd 	ldp	x29, x30, [sp], #48
    f050:	d65f03c0 	ret
    f054:	d37ef442 	lsl	x2, x2, #2
    f058:	710000df 	cmp	w6, #0x0
    f05c:	9a9f1042 	csel	x2, x2, xzr, ne	// ne = any
    f060:	8b020161 	add	x1, x11, x2
    f064:	17ffffea 	b	f00c <__mdiff+0x16c>
    f068:	b0000003 	adrp	x3, 10000 <__sfp_handle_exceptions+0x300>
    f06c:	b0000000 	adrp	x0, 10000 <__sfp_handle_exceptions+0x300>
    f070:	91060063 	add	x3, x3, #0x180
    f074:	910e2000 	add	x0, x0, #0x388
    f078:	d2800002 	mov	x2, #0x0                   	// #0
    f07c:	528046e1 	mov	w1, #0x237                 	// #567
    f080:	97ffd248 	bl	39a0 <__assert_func>
    f084:	b0000003 	adrp	x3, 10000 <__sfp_handle_exceptions+0x300>
    f088:	b0000000 	adrp	x0, 10000 <__sfp_handle_exceptions+0x300>
    f08c:	91060063 	add	x3, x3, #0x180
    f090:	910e2000 	add	x0, x0, #0x388
    f094:	d2800002 	mov	x2, #0x0                   	// #0
    f098:	528048a1 	mov	w1, #0x245                 	// #581
    f09c:	97ffd241 	bl	39a0 <__assert_func>

000000000000f0a0 <__ulp>:
    f0a0:	9e660000 	fmov	x0, d0
    f0a4:	52bf9801 	mov	w1, #0xfcc00000            	// #-54525952
    f0a8:	d360fc00 	lsr	x0, x0, #32
    f0ac:	120c2800 	and	w0, w0, #0x7ff00000
    f0b0:	0b010000 	add	w0, w0, w1
    f0b4:	52800001 	mov	w1, #0x0                   	// #0
    f0b8:	7100001f 	cmp	w0, #0x0
    f0bc:	540000ad 	b.le	f0d0 <__ulp+0x30>
    f0c0:	2a0103e1 	mov	w1, w1
    f0c4:	aa008020 	orr	x0, x1, x0, lsl #32
    f0c8:	9e670000 	fmov	d0, x0
    f0cc:	d65f03c0 	ret
    f0d0:	4b0003e0 	neg	w0, w0
    f0d4:	13147c00 	asr	w0, w0, #20
    f0d8:	71004c1f 	cmp	w0, #0x13
    f0dc:	5400010c 	b.gt	f0fc <__ulp+0x5c>
    f0e0:	52a00102 	mov	w2, #0x80000               	// #524288
    f0e4:	52800001 	mov	w1, #0x0                   	// #0
    f0e8:	1ac02840 	asr	w0, w2, w0
    f0ec:	2a0103e1 	mov	w1, w1
    f0f0:	aa008020 	orr	x0, x1, x0, lsl #32
    f0f4:	9e670000 	fmov	d0, x0
    f0f8:	d65f03c0 	ret
    f0fc:	51005002 	sub	w2, w0, #0x14
    f100:	52b00001 	mov	w1, #0x80000000            	// #-2147483648
    f104:	71007c5f 	cmp	w2, #0x1f
    f108:	52800000 	mov	w0, #0x0                   	// #0
    f10c:	1ac22421 	lsr	w1, w1, w2
    f110:	1a9fb421 	csinc	w1, w1, wzr, lt	// lt = tstop
    f114:	2a0103e1 	mov	w1, w1
    f118:	aa008020 	orr	x0, x1, x0, lsl #32
    f11c:	9e670000 	fmov	d0, x0
    f120:	d65f03c0 	ret
	...

000000000000f130 <__b2d>:
    f130:	a9bf7bfd 	stp	x29, x30, [sp, #-16]!
    f134:	91006006 	add	x6, x0, #0x18
    f138:	aa0103e5 	mov	x5, x1
    f13c:	910003fd 	mov	x29, sp
    f140:	b9801404 	ldrsw	x4, [x0, #20]
    f144:	8b0408c4 	add	x4, x6, x4, lsl #2
    f148:	d1001087 	sub	x7, x4, #0x4
    f14c:	b85fc083 	ldur	w3, [x4, #-4]
    f150:	2a0303e0 	mov	w0, w3
    f154:	97fffda7 	bl	e7f0 <__hi0bits>
    f158:	52800401 	mov	w1, #0x20                  	// #32
    f15c:	4b000022 	sub	w2, w1, w0
    f160:	b90000a2 	str	w2, [x5]
    f164:	7100281f 	cmp	w0, #0xa
    f168:	5400056d 	b.le	f214 <__b2d+0xe4>
    f16c:	51002c05 	sub	w5, w0, #0xb
    f170:	eb0700df 	cmp	x6, x7
    f174:	540002a2 	b.cs	f1c8 <__b2d+0x98>  // b.hs, b.nlast
    f178:	b85f8080 	ldur	w0, [x4, #-8]
    f17c:	340003e5 	cbz	w5, f1f8 <__b2d+0xc8>
    f180:	4b050022 	sub	w2, w1, w5
    f184:	1ac52063 	lsl	w3, w3, w5
    f188:	d2800001 	mov	x1, #0x0                   	// #0
    f18c:	d1002087 	sub	x7, x4, #0x8
    f190:	1ac22408 	lsr	w8, w0, w2
    f194:	2a080063 	orr	w3, w3, w8
    f198:	320c2463 	orr	w3, w3, #0x3ff00000
    f19c:	1ac52000 	lsl	w0, w0, w5
    f1a0:	b3607c61 	bfi	x1, x3, #32, #32
    f1a4:	eb0700df 	cmp	x6, x7
    f1a8:	540002e2 	b.cs	f204 <__b2d+0xd4>  // b.hs, b.nlast
    f1ac:	b85f4083 	ldur	w3, [x4, #-12]
    f1b0:	a8c17bfd 	ldp	x29, x30, [sp], #16
    f1b4:	1ac22462 	lsr	w2, w3, w2
    f1b8:	2a020000 	orr	w0, w0, w2
    f1bc:	b3407c01 	bfxil	x1, x0, #0, #32
    f1c0:	9e670020 	fmov	d0, x1
    f1c4:	d65f03c0 	ret
    f1c8:	71002c1f 	cmp	w0, #0xb
    f1cc:	54000140 	b.eq	f1f4 <__b2d+0xc4>  // b.none
    f1d0:	1ac52063 	lsl	w3, w3, w5
    f1d4:	320c2463 	orr	w3, w3, #0x3ff00000
    f1d8:	d2800001 	mov	x1, #0x0                   	// #0
    f1dc:	52800000 	mov	w0, #0x0                   	// #0
    f1e0:	b3607c61 	bfi	x1, x3, #32, #32
    f1e4:	a8c17bfd 	ldp	x29, x30, [sp], #16
    f1e8:	b3407c01 	bfxil	x1, x0, #0, #32
    f1ec:	9e670020 	fmov	d0, x1
    f1f0:	d65f03c0 	ret
    f1f4:	52800000 	mov	w0, #0x0                   	// #0
    f1f8:	320c2463 	orr	w3, w3, #0x3ff00000
    f1fc:	d2800001 	mov	x1, #0x0                   	// #0
    f200:	b3607c61 	bfi	x1, x3, #32, #32
    f204:	b3407c01 	bfxil	x1, x0, #0, #32
    f208:	9e670020 	fmov	d0, x1
    f20c:	a8c17bfd 	ldp	x29, x30, [sp], #16
    f210:	d65f03c0 	ret
    f214:	52800165 	mov	w5, #0xb                   	// #11
    f218:	4b0000a5 	sub	w5, w5, w0
    f21c:	d2800001 	mov	x1, #0x0                   	// #0
    f220:	52800002 	mov	w2, #0x0                   	// #0
    f224:	1ac52468 	lsr	w8, w3, w5
    f228:	320c2508 	orr	w8, w8, #0x3ff00000
    f22c:	b3607d01 	bfi	x1, x8, #32, #32
    f230:	eb0700df 	cmp	x6, x7
    f234:	54000062 	b.cs	f240 <__b2d+0x110>  // b.hs, b.nlast
    f238:	b85f8082 	ldur	w2, [x4, #-8]
    f23c:	1ac52442 	lsr	w2, w2, w5
    f240:	11005400 	add	w0, w0, #0x15
    f244:	a8c17bfd 	ldp	x29, x30, [sp], #16
    f248:	1ac02063 	lsl	w3, w3, w0
    f24c:	2a020060 	orr	w0, w3, w2
    f250:	b3407c01 	bfxil	x1, x0, #0, #32
    f254:	9e670020 	fmov	d0, x1
    f258:	d65f03c0 	ret
    f25c:	00000000 	udf	#0

000000000000f260 <__d2b>:
    f260:	a9bc7bfd 	stp	x29, x30, [sp, #-64]!
    f264:	910003fd 	mov	x29, sp
    f268:	fd0013e8 	str	d8, [sp, #32]
    f26c:	1e604008 	fmov	d8, d0
    f270:	a90153f3 	stp	x19, x20, [sp, #16]
    f274:	aa0103f4 	mov	x20, x1
    f278:	aa0203f3 	mov	x19, x2
    f27c:	52800021 	mov	w1, #0x1                   	// #1
    f280:	97fffca0 	bl	e500 <_Balloc>
    f284:	b40007e0 	cbz	x0, f380 <__d2b+0x120>
    f288:	9e660103 	fmov	x3, d8
    f28c:	aa0003e4 	mov	x4, x0
    f290:	d374f865 	ubfx	x5, x3, #52, #11
    f294:	d360cc60 	ubfx	x0, x3, #32, #20
    f298:	320c0001 	orr	w1, w0, #0x100000
    f29c:	710000bf 	cmp	w5, #0x0
    f2a0:	1a801020 	csel	w0, w1, w0, ne	// ne = any
    f2a4:	b9003fe0 	str	w0, [sp, #60]
    f2a8:	35000283 	cbnz	w3, f2f8 <__d2b+0x98>
    f2ac:	9100f3e0 	add	x0, sp, #0x3c
    f2b0:	97fffd70 	bl	e870 <__lo0bits>
    f2b4:	b9403fe1 	ldr	w1, [sp, #60]
    f2b8:	52800023 	mov	w3, #0x1                   	// #1
    f2bc:	b9001483 	str	w3, [x4, #20]
    f2c0:	11008000 	add	w0, w0, #0x20
    f2c4:	b9001881 	str	w1, [x4, #24]
    f2c8:	340003a5 	cbz	w5, f33c <__d2b+0xdc>
    f2cc:	5110cca5 	sub	w5, w5, #0x433
    f2d0:	fd4013e8 	ldr	d8, [sp, #32]
    f2d4:	0b0000a5 	add	w5, w5, w0
    f2d8:	b9000285 	str	w5, [x20]
    f2dc:	528006a3 	mov	w3, #0x35                  	// #53
    f2e0:	4b000063 	sub	w3, w3, w0
    f2e4:	b9000263 	str	w3, [x19]
    f2e8:	aa0403e0 	mov	x0, x4
    f2ec:	a94153f3 	ldp	x19, x20, [sp, #16]
    f2f0:	a8c47bfd 	ldp	x29, x30, [sp], #64
    f2f4:	d65f03c0 	ret
    f2f8:	9100e3e0 	add	x0, sp, #0x38
    f2fc:	bd003be8 	str	s8, [sp, #56]
    f300:	97fffd5c 	bl	e870 <__lo0bits>
    f304:	b9403fe1 	ldr	w1, [sp, #60]
    f308:	34000380 	cbz	w0, f378 <__d2b+0x118>
    f30c:	b9403be3 	ldr	w3, [sp, #56]
    f310:	4b0003e2 	neg	w2, w0
    f314:	1ac22022 	lsl	w2, w1, w2
    f318:	2a030042 	orr	w2, w2, w3
    f31c:	1ac02421 	lsr	w1, w1, w0
    f320:	b9003fe1 	str	w1, [sp, #60]
    f324:	7100003f 	cmp	w1, #0x0
    f328:	29030482 	stp	w2, w1, [x4, #24]
    f32c:	1a9f07e3 	cset	w3, ne	// ne = any
    f330:	11000463 	add	w3, w3, #0x1
    f334:	b9001483 	str	w3, [x4, #20]
    f338:	35fffca5 	cbnz	w5, f2cc <__d2b+0x6c>
    f33c:	92800061 	mov	x1, #0xfffffffffffffffc    	// #-4
    f340:	5110c800 	sub	w0, w0, #0x432
    f344:	8b23c821 	add	x1, x1, w3, sxtw #2
    f348:	b9000280 	str	w0, [x20]
    f34c:	8b010080 	add	x0, x4, x1
    f350:	531b6863 	lsl	w3, w3, #5
    f354:	b9401800 	ldr	w0, [x0, #24]
    f358:	97fffd26 	bl	e7f0 <__hi0bits>
    f35c:	fd4013e8 	ldr	d8, [sp, #32]
    f360:	4b000063 	sub	w3, w3, w0
    f364:	b9000263 	str	w3, [x19]
    f368:	a94153f3 	ldp	x19, x20, [sp, #16]
    f36c:	aa0403e0 	mov	x0, x4
    f370:	a8c47bfd 	ldp	x29, x30, [sp], #64
    f374:	d65f03c0 	ret
    f378:	b9403be2 	ldr	w2, [sp, #56]
    f37c:	17ffffea 	b	f324 <__d2b+0xc4>
    f380:	b0000003 	adrp	x3, 10000 <__sfp_handle_exceptions+0x300>
    f384:	b0000000 	adrp	x0, 10000 <__sfp_handle_exceptions+0x300>
    f388:	91060063 	add	x3, x3, #0x180
    f38c:	910e2000 	add	x0, x0, #0x388
    f390:	d2800002 	mov	x2, #0x0                   	// #0
    f394:	528061e1 	mov	w1, #0x30f                 	// #783
    f398:	97ffd182 	bl	39a0 <__assert_func>
    f39c:	00000000 	udf	#0

000000000000f3a0 <__ratio>:
    f3a0:	a9be7bfd 	stp	x29, x30, [sp, #-32]!
    f3a4:	aa0103e9 	mov	x9, x1
    f3a8:	aa0003ea 	mov	x10, x0
    f3ac:	910003fd 	mov	x29, sp
    f3b0:	910063e1 	add	x1, sp, #0x18
    f3b4:	97ffff5f 	bl	f130 <__b2d>
    f3b8:	910073e1 	add	x1, sp, #0x1c
    f3bc:	aa0903e0 	mov	x0, x9
    f3c0:	1e604001 	fmov	d1, d0
    f3c4:	9e66000b 	fmov	x11, d0
    f3c8:	97ffff5a 	bl	f130 <__b2d>
    f3cc:	b9401523 	ldr	w3, [x9, #20]
    f3d0:	b9401540 	ldr	w0, [x10, #20]
    f3d4:	29430be1 	ldp	w1, w2, [sp, #24]
    f3d8:	4b030000 	sub	w0, w0, w3
    f3dc:	4b020021 	sub	w1, w1, w2
    f3e0:	0b001420 	add	w0, w1, w0, lsl #5
    f3e4:	7100001f 	cmp	w0, #0x0
    f3e8:	5400010d 	b.le	f408 <__ratio+0x68>
    f3ec:	d360fd61 	lsr	x1, x11, #32
    f3f0:	0b005020 	add	w0, w1, w0, lsl #20
    f3f4:	a8c27bfd 	ldp	x29, x30, [sp], #32
    f3f8:	b3607c0b 	bfi	x11, x0, #32, #32
    f3fc:	9e670161 	fmov	d1, x11
    f400:	1e601820 	fdiv	d0, d1, d0
    f404:	d65f03c0 	ret
    f408:	9e660001 	fmov	x1, d0
    f40c:	a8c27bfd 	ldp	x29, x30, [sp], #32
    f410:	d360fc22 	lsr	x2, x1, #32
    f414:	4b005040 	sub	w0, w2, w0, lsl #20
    f418:	b3607c01 	bfi	x1, x0, #32, #32
    f41c:	9e670020 	fmov	d0, x1
    f420:	1e601820 	fdiv	d0, d1, d0
    f424:	d65f03c0 	ret
	...

000000000000f430 <_mprec_log10>:
    f430:	1e6e1000 	fmov	d0, #1.000000000000000000e+00
    f434:	1e649001 	fmov	d1, #1.000000000000000000e+01
    f438:	71005c1f 	cmp	w0, #0x17
    f43c:	540000ad 	b.le	f450 <_mprec_log10+0x20>
    f440:	1e610800 	fmul	d0, d0, d1
    f444:	71000400 	subs	w0, w0, #0x1
    f448:	54ffffc1 	b.ne	f440 <_mprec_log10+0x10>  // b.any
    f44c:	d65f03c0 	ret
    f450:	b0000001 	adrp	x1, 10000 <__sfp_handle_exceptions+0x300>
    f454:	91268021 	add	x1, x1, #0x9a0
    f458:	fc60d820 	ldr	d0, [x1, w0, sxtw #3]
    f45c:	d65f03c0 	ret

000000000000f460 <__copybits>:
    f460:	51000421 	sub	w1, w1, #0x1
    f464:	91006046 	add	x6, x2, #0x18
    f468:	13057c24 	asr	w4, w1, #5
    f46c:	b9801441 	ldrsw	x1, [x2, #20]
    f470:	11000484 	add	w4, w4, #0x1
    f474:	8b0108c1 	add	x1, x6, x1, lsl #2
    f478:	8b24c804 	add	x4, x0, w4, sxtw #2
    f47c:	eb0100df 	cmp	x6, x1
    f480:	540001e2 	b.cs	f4bc <__copybits+0x5c>  // b.hs, b.nlast
    f484:	cb020023 	sub	x3, x1, x2
    f488:	d2800001 	mov	x1, #0x0                   	// #0
    f48c:	d1006463 	sub	x3, x3, #0x19
    f490:	d342fc63 	lsr	x3, x3, #2
    f494:	91000467 	add	x7, x3, #0x1
    f498:	b86178c5 	ldr	w5, [x6, x1, lsl #2]
    f49c:	eb03003f 	cmp	x1, x3
    f4a0:	b8217805 	str	w5, [x0, x1, lsl #2]
    f4a4:	91000421 	add	x1, x1, #0x1
    f4a8:	54ffff81 	b.ne	f498 <__copybits+0x38>  // b.any
    f4ac:	8b070800 	add	x0, x0, x7, lsl #2
    f4b0:	eb00009f 	cmp	x4, x0
    f4b4:	54000089 	b.ls	f4c4 <__copybits+0x64>  // b.plast
    f4b8:	b800441f 	str	wzr, [x0], #4
    f4bc:	eb00009f 	cmp	x4, x0
    f4c0:	54ffffc8 	b.hi	f4b8 <__copybits+0x58>  // b.pmore
    f4c4:	d65f03c0 	ret
	...

000000000000f4d0 <__any_on>:
    f4d0:	91006003 	add	x3, x0, #0x18
    f4d4:	b9401400 	ldr	w0, [x0, #20]
    f4d8:	13057c22 	asr	w2, w1, #5
    f4dc:	6b02001f 	cmp	w0, w2
    f4e0:	5400012a 	b.ge	f504 <__any_on+0x34>  // b.tcont
    f4e4:	8b20c862 	add	x2, x3, w0, sxtw #2
    f4e8:	14000003 	b	f4f4 <__any_on+0x24>
    f4ec:	b85fcc40 	ldr	w0, [x2, #-4]!
    f4f0:	35000220 	cbnz	w0, f534 <__any_on+0x64>
    f4f4:	eb03005f 	cmp	x2, x3
    f4f8:	54ffffa8 	b.hi	f4ec <__any_on+0x1c>  // b.pmore
    f4fc:	52800000 	mov	w0, #0x0                   	// #0
    f500:	d65f03c0 	ret
    f504:	93407c40 	sxtw	x0, w2
    f508:	8b22c862 	add	x2, x3, w2, sxtw #2
    f50c:	54ffff4d 	b.le	f4f4 <__any_on+0x24>
    f510:	72001021 	ands	w1, w1, #0x1f
    f514:	54ffff00 	b.eq	f4f4 <__any_on+0x24>  // b.none
    f518:	b8607865 	ldr	w5, [x3, x0, lsl #2]
    f51c:	52800020 	mov	w0, #0x1                   	// #1
    f520:	1ac124a4 	lsr	w4, w5, w1
    f524:	1ac12081 	lsl	w1, w4, w1
    f528:	6b0100bf 	cmp	w5, w1
    f52c:	54fffe40 	b.eq	f4f4 <__any_on+0x24>  // b.none
    f530:	d65f03c0 	ret
    f534:	52800020 	mov	w0, #0x1                   	// #1
    f538:	d65f03c0 	ret
    f53c:	00000000 	udf	#0

000000000000f540 <_calloc_r>:
    f540:	a9be7bfd 	stp	x29, x30, [sp, #-32]!
    f544:	9bc27c23 	umulh	x3, x1, x2
    f548:	9b027c21 	mul	x1, x1, x2
    f54c:	910003fd 	mov	x29, sp
    f550:	f9000bf3 	str	x19, [sp, #16]
    f554:	b5000463 	cbnz	x3, f5e0 <_calloc_r+0xa0>
    f558:	97ffcf12 	bl	31a0 <_malloc_r>
    f55c:	aa0003f3 	mov	x19, x0
    f560:	b4000460 	cbz	x0, f5ec <_calloc_r+0xac>
    f564:	f85f8002 	ldur	x2, [x0, #-8]
    f568:	927ef442 	and	x2, x2, #0xfffffffffffffffc
    f56c:	d1002042 	sub	x2, x2, #0x8
    f570:	f101205f 	cmp	x2, #0x48
    f574:	540001c8 	b.hi	f5ac <_calloc_r+0x6c>  // b.pmore
    f578:	f1009c5f 	cmp	x2, #0x27
    f57c:	540000c9 	b.ls	f594 <_calloc_r+0x54>  // b.plast
    f580:	4f000400 	movi	v0.4s, #0x0
    f584:	91004000 	add	x0, x0, #0x10
    f588:	3c9f0000 	stur	q0, [x0, #-16]
    f58c:	f100dc5f 	cmp	x2, #0x37
    f590:	540001a8 	b.hi	f5c4 <_calloc_r+0x84>  // b.pmore
    f594:	a9007c1f 	stp	xzr, xzr, [x0]
    f598:	f900081f 	str	xzr, [x0, #16]
    f59c:	aa1303e0 	mov	x0, x19
    f5a0:	f9400bf3 	ldr	x19, [sp, #16]
    f5a4:	a8c27bfd 	ldp	x29, x30, [sp], #32
    f5a8:	d65f03c0 	ret
    f5ac:	52800001 	mov	w1, #0x0                   	// #0
    f5b0:	97ffd8a4 	bl	5840 <memset>
    f5b4:	aa1303e0 	mov	x0, x19
    f5b8:	f9400bf3 	ldr	x19, [sp, #16]
    f5bc:	a8c27bfd 	ldp	x29, x30, [sp], #32
    f5c0:	d65f03c0 	ret
    f5c4:	3d800660 	str	q0, [x19, #16]
    f5c8:	91008260 	add	x0, x19, #0x20
    f5cc:	f101205f 	cmp	x2, #0x48
    f5d0:	54fffe21 	b.ne	f594 <_calloc_r+0x54>  // b.any
    f5d4:	9100c260 	add	x0, x19, #0x30
    f5d8:	3d800a60 	str	q0, [x19, #32]
    f5dc:	17ffffee 	b	f594 <_calloc_r+0x54>
    f5e0:	97ffd124 	bl	3a70 <__errno>
    f5e4:	52800181 	mov	w1, #0xc                   	// #12
    f5e8:	b9000001 	str	w1, [x0]
    f5ec:	d2800013 	mov	x19, #0x0                   	// #0
    f5f0:	aa1303e0 	mov	x0, x19
    f5f4:	f9400bf3 	ldr	x19, [sp, #16]
    f5f8:	a8c27bfd 	ldp	x29, x30, [sp], #32
    f5fc:	d65f03c0 	ret

000000000000f600 <_wcsnrtombs_l>:
    f600:	a9b87bfd 	stp	x29, x30, [sp, #-128]!
    f604:	f10000bf 	cmp	x5, #0x0
    f608:	910003fd 	mov	x29, sp
    f60c:	a90153f3 	stp	x19, x20, [sp, #16]
    f610:	aa0003f4 	mov	x20, x0
    f614:	91051000 	add	x0, x0, #0x144
    f618:	a9025bf5 	stp	x21, x22, [sp, #32]
    f61c:	aa0203f6 	mov	x22, x2
    f620:	aa0103f5 	mov	x21, x1
    f624:	a90363f7 	stp	x23, x24, [sp, #48]
    f628:	aa0603f7 	mov	x23, x6
    f62c:	a9046bf9 	stp	x25, x26, [sp, #64]
    f630:	9a850019 	csel	x25, x0, x5, eq	// eq = none
    f634:	a90573fb 	stp	x27, x28, [sp, #80]
    f638:	f940005c 	ldr	x28, [x2]
    f63c:	b4000901 	cbz	x1, f75c <_wcsnrtombs_l+0x15c>
    f640:	aa0403f3 	mov	x19, x4
    f644:	b4000a84 	cbz	x4, f794 <_wcsnrtombs_l+0x194>
    f648:	d100047a 	sub	x26, x3, #0x1
    f64c:	b4000a43 	cbz	x3, f794 <_wcsnrtombs_l+0x194>
    f650:	d280001b 	mov	x27, #0x0                   	// #0
    f654:	f90037f5 	str	x21, [sp, #104]
    f658:	1400000a 	b	f680 <_wcsnrtombs_l+0x80>
    f65c:	b50003f5 	cbnz	x21, f6d8 <_wcsnrtombs_l+0xd8>
    f660:	b8404780 	ldr	w0, [x28], #4
    f664:	34000640 	cbz	w0, f72c <_wcsnrtombs_l+0x12c>
    f668:	eb13009f 	cmp	x4, x19
    f66c:	54000982 	b.cs	f79c <_wcsnrtombs_l+0x19c>  // b.hs, b.nlast
    f670:	d100075a 	sub	x26, x26, #0x1
    f674:	aa0403fb 	mov	x27, x4
    f678:	b100075f 	cmn	x26, #0x1
    f67c:	540001e0 	b.eq	f6b8 <_wcsnrtombs_l+0xb8>  // b.none
    f680:	f94072e4 	ldr	x4, [x23, #224]
    f684:	aa1903e3 	mov	x3, x25
    f688:	b9400382 	ldr	w2, [x28]
    f68c:	9101c3e1 	add	x1, sp, #0x70
    f690:	f9400338 	ldr	x24, [x25]
    f694:	aa1403e0 	mov	x0, x20
    f698:	d63f0080 	blr	x4
    f69c:	3100041f 	cmn	w0, #0x1
    f6a0:	54000620 	b.eq	f764 <_wcsnrtombs_l+0x164>  // b.none
    f6a4:	93407c01 	sxtw	x1, w0
    f6a8:	8b1b0024 	add	x4, x1, x27
    f6ac:	eb13009f 	cmp	x4, x19
    f6b0:	54fffd69 	b.ls	f65c <_wcsnrtombs_l+0x5c>  // b.plast
    f6b4:	f9000338 	str	x24, [x25]
    f6b8:	a94153f3 	ldp	x19, x20, [sp, #16]
    f6bc:	aa1b03e0 	mov	x0, x27
    f6c0:	a9425bf5 	ldp	x21, x22, [sp, #32]
    f6c4:	a94363f7 	ldp	x23, x24, [sp, #48]
    f6c8:	a9446bf9 	ldp	x25, x26, [sp, #64]
    f6cc:	a94573fb 	ldp	x27, x28, [sp, #80]
    f6d0:	a8c87bfd 	ldp	x29, x30, [sp], #128
    f6d4:	d65f03c0 	ret
    f6d8:	7100001f 	cmp	w0, #0x0
    f6dc:	540001ed 	b.le	f718 <_wcsnrtombs_l+0x118>
    f6e0:	f94037e2 	ldr	x2, [sp, #104]
    f6e4:	d2800027 	mov	x7, #0x1                   	// #1
    f6e8:	d1000443 	sub	x3, x2, #0x1
    f6ec:	d503201f 	nop
    f6f0:	9101c3e2 	add	x2, sp, #0x70
    f6f4:	eb07003f 	cmp	x1, x7
    f6f8:	8b070042 	add	x2, x2, x7
    f6fc:	385ff042 	ldurb	w2, [x2, #-1]
    f700:	38276862 	strb	w2, [x3, x7]
    f704:	910004e7 	add	x7, x7, #0x1
    f708:	54ffff41 	b.ne	f6f0 <_wcsnrtombs_l+0xf0>  // b.any
    f70c:	f94037e1 	ldr	x1, [sp, #104]
    f710:	8b204020 	add	x0, x1, w0, uxtw
    f714:	f90037e0 	str	x0, [sp, #104]
    f718:	f94002c0 	ldr	x0, [x22]
    f71c:	91001000 	add	x0, x0, #0x4
    f720:	f90002c0 	str	x0, [x22]
    f724:	b8404780 	ldr	w0, [x28], #4
    f728:	35fffa00 	cbnz	w0, f668 <_wcsnrtombs_l+0x68>
    f72c:	b4000055 	cbz	x21, f734 <_wcsnrtombs_l+0x134>
    f730:	f90002df 	str	xzr, [x22]
    f734:	b900033f 	str	wzr, [x25]
    f738:	d100049b 	sub	x27, x4, #0x1
    f73c:	a94153f3 	ldp	x19, x20, [sp, #16]
    f740:	aa1b03e0 	mov	x0, x27
    f744:	a9425bf5 	ldp	x21, x22, [sp, #32]
    f748:	a94363f7 	ldp	x23, x24, [sp, #48]
    f74c:	a9446bf9 	ldp	x25, x26, [sp, #64]
    f750:	a94573fb 	ldp	x27, x28, [sp, #80]
    f754:	a8c87bfd 	ldp	x29, x30, [sp], #128
    f758:	d65f03c0 	ret
    f75c:	92800013 	mov	x19, #0xffffffffffffffff    	// #-1
    f760:	17ffffba 	b	f648 <_wcsnrtombs_l+0x48>
    f764:	52801140 	mov	w0, #0x8a                  	// #138
    f768:	b9000280 	str	w0, [x20]
    f76c:	b900033f 	str	wzr, [x25]
    f770:	9280001b 	mov	x27, #0xffffffffffffffff    	// #-1
    f774:	a94153f3 	ldp	x19, x20, [sp, #16]
    f778:	aa1b03e0 	mov	x0, x27
    f77c:	a9425bf5 	ldp	x21, x22, [sp, #32]
    f780:	a94363f7 	ldp	x23, x24, [sp, #48]
    f784:	a9446bf9 	ldp	x25, x26, [sp, #64]
    f788:	a94573fb 	ldp	x27, x28, [sp, #80]
    f78c:	a8c87bfd 	ldp	x29, x30, [sp], #128
    f790:	d65f03c0 	ret
    f794:	d280001b 	mov	x27, #0x0                   	// #0
    f798:	17ffffc8 	b	f6b8 <_wcsnrtombs_l+0xb8>
    f79c:	aa0403fb 	mov	x27, x4
    f7a0:	17ffffc6 	b	f6b8 <_wcsnrtombs_l+0xb8>
	...

000000000000f7b0 <_wcsnrtombs_r>:
    f7b0:	d0000000 	adrp	x0, 11000 <__malloc_av_+0x360>
    f7b4:	d0000006 	adrp	x6, 11000 <__malloc_av_+0x360>
    f7b8:	911c80c6 	add	x6, x6, #0x720
    f7bc:	f9425800 	ldr	x0, [x0, #1200]
    f7c0:	17ffff90 	b	f600 <_wcsnrtombs_l>
	...

000000000000f7d0 <wcsnrtombs>:
    f7d0:	d0000006 	adrp	x6, 11000 <__malloc_av_+0x360>
    f7d4:	aa0003e8 	mov	x8, x0
    f7d8:	aa0103e7 	mov	x7, x1
    f7dc:	aa0203e5 	mov	x5, x2
    f7e0:	f94258c0 	ldr	x0, [x6, #1200]
    f7e4:	aa0303e6 	mov	x6, x3
    f7e8:	aa0803e1 	mov	x1, x8
    f7ec:	aa0503e3 	mov	x3, x5
    f7f0:	aa0703e2 	mov	x2, x7
    f7f4:	aa0403e5 	mov	x5, x4
    f7f8:	aa0603e4 	mov	x4, x6
    f7fc:	d0000006 	adrp	x6, 11000 <__malloc_av_+0x360>
    f800:	911c80c6 	add	x6, x6, #0x720
    f804:	17ffff7f 	b	f600 <_wcsnrtombs_l>
	...

000000000000f810 <strcasecmp>:
    f810:	b0000006 	adrp	x6, 10000 <__sfp_handle_exceptions+0x300>
    f814:	aa0003e8 	mov	x8, x0
    f818:	9129c4c6 	add	x6, x6, #0xa71
    f81c:	d2800003 	mov	x3, #0x0                   	// #0
    f820:	38636902 	ldrb	w2, [x8, x3]
    f824:	38636820 	ldrb	w0, [x1, x3]
    f828:	11008047 	add	w7, w2, #0x20
    f82c:	386248c5 	ldrb	w5, [x6, w2, uxtw]
    f830:	386048c4 	ldrb	w4, [x6, w0, uxtw]
    f834:	120004a5 	and	w5, w5, #0x3
    f838:	710004bf 	cmp	w5, #0x1
    f83c:	12000484 	and	w4, w4, #0x3
    f840:	1a8200e2 	csel	w2, w7, w2, eq	// eq = none
    f844:	7100049f 	cmp	w4, #0x1
    f848:	540000c0 	b.eq	f860 <strcasecmp+0x50>  // b.none
    f84c:	6b000042 	subs	w2, w2, w0
    f850:	54000121 	b.ne	f874 <strcasecmp+0x64>  // b.any
    f854:	91000463 	add	x3, x3, #0x1
    f858:	35fffe40 	cbnz	w0, f820 <strcasecmp+0x10>
    f85c:	d65f03c0 	ret
    f860:	11008000 	add	w0, w0, #0x20
    f864:	91000463 	add	x3, x3, #0x1
    f868:	6b000040 	subs	w0, w2, w0
    f86c:	54fffda0 	b.eq	f820 <strcasecmp+0x10>  // b.none
    f870:	d65f03c0 	ret
    f874:	2a0203e0 	mov	w0, w2
    f878:	d65f03c0 	ret
    f87c:	00000000 	udf	#0

000000000000f880 <strcat>:
    f880:	a9be7bfd 	stp	x29, x30, [sp, #-32]!
    f884:	910003fd 	mov	x29, sp
    f888:	f9000bf3 	str	x19, [sp, #16]
    f88c:	aa0003f3 	mov	x19, x0
    f890:	f240081f 	tst	x0, #0x7
    f894:	540001c1 	b.ne	f8cc <strcat+0x4c>  // b.any
    f898:	f9400002 	ldr	x2, [x0]
    f89c:	b207dbe4 	mov	x4, #0xfefefefefefefefe    	// #-72340172838076674
    f8a0:	f29fdfe4 	movk	x4, #0xfeff
    f8a4:	8b040043 	add	x3, x2, x4
    f8a8:	8a220062 	bic	x2, x3, x2
    f8ac:	f201c05f 	tst	x2, #0x8080808080808080
    f8b0:	540000e1 	b.ne	f8cc <strcat+0x4c>  // b.any
    f8b4:	d503201f 	nop
    f8b8:	f8408c02 	ldr	x2, [x0, #8]!
    f8bc:	8b040043 	add	x3, x2, x4
    f8c0:	8a220062 	bic	x2, x3, x2
    f8c4:	f201c05f 	tst	x2, #0x8080808080808080
    f8c8:	54ffff80 	b.eq	f8b8 <strcat+0x38>  // b.none
    f8cc:	39400002 	ldrb	w2, [x0]
    f8d0:	34000082 	cbz	w2, f8e0 <strcat+0x60>
    f8d4:	d503201f 	nop
    f8d8:	38401c02 	ldrb	w2, [x0, #1]!
    f8dc:	35ffffe2 	cbnz	w2, f8d8 <strcat+0x58>
    f8e0:	97ffcd48 	bl	2e00 <strcpy>
    f8e4:	aa1303e0 	mov	x0, x19
    f8e8:	f9400bf3 	ldr	x19, [sp, #16]
    f8ec:	a8c27bfd 	ldp	x29, x30, [sp], #32
    f8f0:	d65f03c0 	ret
	...

000000000000f900 <__set_ctype>:
    f900:	b0000001 	adrp	x1, 10000 <__sfp_handle_exceptions+0x300>
    f904:	9129c021 	add	x1, x1, #0xa70
    f908:	f9007c01 	str	x1, [x0, #248]
    f90c:	d65f03c0 	ret

000000000000f910 <__env_lock>:
    f910:	b0001f80 	adrp	x0, 400000 <__sf+0x10>
    f914:	9109e000 	add	x0, x0, #0x278
    f918:	17ffd21e 	b	4190 <__retarget_lock_acquire_recursive>
    f91c:	00000000 	udf	#0

000000000000f920 <__env_unlock>:
    f920:	b0001f80 	adrp	x0, 400000 <__sf+0x10>
    f924:	9109e000 	add	x0, x0, #0x278
    f928:	17ffd22a 	b	41d0 <__retarget_lock_release_recursive>
    f92c:	00000000 	udf	#0

000000000000f930 <__trunctfdf2>:
    f930:	a9be7bfd 	stp	x29, x30, [sp, #-32]!
    f934:	9e660002 	fmov	x2, d0
    f938:	9eae0003 	fmov	x3, v0.d[1]
    f93c:	910003fd 	mov	x29, sp
    f940:	f9000bf3 	str	x19, [sp, #16]
    f944:	d53b4404 	mrs	x4, fpcr
    f948:	aa0303e0 	mov	x0, x3
    f94c:	d37ffc61 	lsr	x1, x3, #63
    f950:	d370f863 	ubfx	x3, x3, #48, #15
    f954:	aa0103e5 	mov	x5, x1
    f958:	d37dbc00 	ubfiz	x0, x0, #3, #48
    f95c:	91000467 	add	x7, x3, #0x1
    f960:	12001c26 	and	w6, w1, #0xff
    f964:	aa0103e8 	mov	x8, x1
    f968:	aa42f400 	orr	x0, x0, x2, lsr #61
    f96c:	d37df041 	lsl	x1, x2, #3
    f970:	f27f34ff 	tst	x7, #0x7ffe
    f974:	54000920 	b.eq	fa98 <__trunctfdf2+0x168>  // b.none
    f978:	92877fe7 	mov	x7, #0xffffffffffffc400    	// #-15360
    f97c:	8b070063 	add	x3, x3, x7
    f980:	f11ff87f 	cmp	x3, #0x7fe
    f984:	540002ed 	b.le	f9e0 <__trunctfdf2+0xb0>
    f988:	f26a0484 	ands	x4, x4, #0xc00000
    f98c:	540007c0 	b.eq	fa84 <__trunctfdf2+0x154>  // b.none
    f990:	f150009f 	cmp	x4, #0x400, lsl #12
    f994:	54001520 	b.eq	fc38 <__trunctfdf2+0x308>  // b.none
    f998:	f160009f 	cmp	x4, #0x800, lsl #12
    f99c:	1a9f17e0 	cset	w0, eq	// eq = none
    f9a0:	6a0000df 	tst	w6, w0
    f9a4:	54000701 	b.ne	fa84 <__trunctfdf2+0x154>  // b.any
    f9a8:	f150009f 	cmp	x4, #0x400, lsl #12
    f9ac:	540015c0 	b.eq	fc64 <__trunctfdf2+0x334>  // b.none
    f9b0:	f160009f 	cmp	x4, #0x800, lsl #12
    f9b4:	1a9f17e0 	cset	w0, eq	// eq = none
    f9b8:	6a0000df 	tst	w6, w0
    f9bc:	54000641 	b.ne	fa84 <__trunctfdf2+0x154>  // b.any
    f9c0:	92f00213 	mov	x19, #0x7fefffffffffffff    	// #9218868437227405311
    f9c4:	52800280 	mov	w0, #0x14                  	// #20
    f9c8:	aa05fe73 	orr	x19, x19, x5, lsl #63
    f9cc:	940000cd 	bl	fd00 <__sfp_handle_exceptions>
    f9d0:	9e670260 	fmov	d0, x19
    f9d4:	f9400bf3 	ldr	x19, [sp, #16]
    f9d8:	a8c27bfd 	ldp	x29, x30, [sp], #32
    f9dc:	d65f03c0 	ret
    f9e0:	f100007f 	cmp	x3, #0x0
    f9e4:	54000aad 	b.le	fb38 <__trunctfdf2+0x208>
    f9e8:	eb021fff 	cmp	xzr, x2, lsl #7
    f9ec:	52800002 	mov	w2, #0x0                   	// #0
    f9f0:	9a9f07e7 	cset	x7, ne	// ne = any
    f9f4:	aa41f0e1 	orr	x1, x7, x1, lsr #60
    f9f8:	aa001021 	orr	x1, x1, x0, lsl #4
    f9fc:	f100003f 	cmp	x1, #0x0
    fa00:	1a9f07e0 	cset	w0, ne	// ne = any
    fa04:	0a000040 	and	w0, w2, w0
    fa08:	f240083f 	tst	x1, #0x7
    fa0c:	540015c0 	b.eq	fcc4 <__trunctfdf2+0x394>  // b.none
    fa10:	926a0484 	and	x4, x4, #0xc00000
    fa14:	f150009f 	cmp	x4, #0x400, lsl #12
    fa18:	54000240 	b.eq	fa60 <__trunctfdf2+0x130>  // b.none
    fa1c:	f160009f 	cmp	x4, #0x800, lsl #12
    fa20:	54000d00 	b.eq	fbc0 <__trunctfdf2+0x290>  // b.none
    fa24:	b5000c84 	cbnz	x4, fbb4 <__trunctfdf2+0x284>
    fa28:	92400c22 	and	x2, x1, #0xf
    fa2c:	f100105f 	cmp	x2, #0x4
    fa30:	54000aa1 	b.ne	fb84 <__trunctfdf2+0x254>  // b.any
    fa34:	d343d821 	ubfx	x1, x1, #3, #52
    fa38:	12002863 	and	w3, w3, #0x7ff
    fa3c:	d2800002 	mov	x2, #0x0                   	// #0
    fa40:	34001260 	cbz	w0, fc8c <__trunctfdf2+0x35c>
    fa44:	b340cc22 	bfxil	x2, x1, #0, #52
    fa48:	52800300 	mov	w0, #0x18                  	// #24
    fa4c:	b34c2862 	bfi	x2, x3, #52, #11
    fa50:	b34100c2 	bfi	x2, x6, #63, #1
    fa54:	aa0203f3 	mov	x19, x2
    fa58:	940000aa 	bl	fd00 <__sfp_handle_exceptions>
    fa5c:	17ffffdd 	b	f9d0 <__trunctfdf2+0xa0>
    fa60:	b5000bc5 	cbnz	x5, fbd8 <__trunctfdf2+0x2a8>
    fa64:	91002021 	add	x1, x1, #0x8
    fa68:	92490022 	and	x2, x1, #0x80000000000000
    fa6c:	35000920 	cbnz	w0, fb90 <__trunctfdf2+0x260>
    fa70:	b4000b62 	cbz	x2, fbdc <__trunctfdf2+0x2ac>
    fa74:	91000462 	add	x2, x3, #0x1
    fa78:	f11ff87f 	cmp	x3, #0x7fe
    fa7c:	54001161 	b.ne	fca8 <__trunctfdf2+0x378>  // b.any
    fa80:	b5fff944 	cbnz	x4, f9a8 <__trunctfdf2+0x78>
    fa84:	d34100b3 	lsl	x19, x5, #63
    fa88:	52800280 	mov	w0, #0x14                  	// #20
    fa8c:	b24c2a73 	orr	x19, x19, #0x7ff0000000000000
    fa90:	9400009c 	bl	fd00 <__sfp_handle_exceptions>
    fa94:	17ffffcf 	b	f9d0 <__trunctfdf2+0xa0>
    fa98:	aa010002 	orr	x2, x0, x1
    fa9c:	b5000203 	cbnz	x3, fadc <__trunctfdf2+0x1ac>
    faa0:	d34100b3 	lsl	x19, x5, #63
    faa4:	b4fff962 	cbz	x2, f9d0 <__trunctfdf2+0xa0>
    faa8:	926a0484 	and	x4, x4, #0xc00000
    faac:	f150009f 	cmp	x4, #0x400, lsl #12
    fab0:	54000ce0 	b.eq	fc4c <__trunctfdf2+0x31c>  // b.none
    fab4:	f160009f 	cmp	x4, #0x800, lsl #12
    fab8:	54000b60 	b.eq	fc24 <__trunctfdf2+0x2f4>  // b.none
    fabc:	f100009f 	cmp	x4, #0x0
    fac0:	d28000a0 	mov	x0, #0x5                   	// #5
    fac4:	9a9f0401 	csinc	x1, x0, xzr, eq	// eq = none
    fac8:	d2800008 	mov	x8, #0x0                   	// #0
    facc:	d343d821 	ubfx	x1, x1, #3, #52
    fad0:	12002908 	and	w8, w8, #0x7ff
    fad4:	52800300 	mov	w0, #0x18                  	// #24
    fad8:	14000033 	b	fba4 <__trunctfdf2+0x274>
    fadc:	b4000222 	cbz	x2, fb20 <__trunctfdf2+0x1f0>
    fae0:	d28fffe2 	mov	x2, #0x7fff                	// #32767
    fae4:	93c1f001 	extr	x1, x0, x1, #60
    fae8:	d372fc00 	lsr	x0, x0, #50
    faec:	eb02007f 	cmp	x3, x2
    faf0:	d343fc21 	lsr	x1, x1, #3
    faf4:	52000000 	eor	w0, w0, #0x1
    faf8:	b24d0021 	orr	x1, x1, #0x8000000000000
    fafc:	1a9f0000 	csel	w0, w0, wzr, eq	// eq = none
    fb00:	5280fff3 	mov	w19, #0x7ff                 	// #2047
    fb04:	aa13d033 	orr	x19, x1, x19, lsl #52
    fb08:	aa05fe73 	orr	x19, x19, x5, lsl #63
    fb0c:	35fff600 	cbnz	w0, f9cc <__trunctfdf2+0x9c>
    fb10:	9e670260 	fmov	d0, x19
    fb14:	f9400bf3 	ldr	x19, [sp, #16]
    fb18:	a8c27bfd 	ldp	x29, x30, [sp], #32
    fb1c:	d65f03c0 	ret
    fb20:	d34100b3 	lsl	x19, x5, #63
    fb24:	b24c2a73 	orr	x19, x19, #0x7ff0000000000000
    fb28:	9e670260 	fmov	d0, x19
    fb2c:	f9400bf3 	ldr	x19, [sp, #16]
    fb30:	a8c27bfd 	ldp	x29, x30, [sp], #32
    fb34:	d65f03c0 	ret
    fb38:	b100d07f 	cmn	x3, #0x34
    fb3c:	54fffb6b 	b.lt	faa8 <__trunctfdf2+0x178>  // b.tstop
    fb40:	d28007a7 	mov	x7, #0x3d                  	// #61
    fb44:	cb0300e8 	sub	x8, x7, x3
    fb48:	b24d0000 	orr	x0, x0, #0x8000000000000
    fb4c:	f100fd1f 	cmp	x8, #0x3f
    fb50:	540004ec 	b.gt	fbec <__trunctfdf2+0x2bc>
    fb54:	11000c68 	add	w8, w3, #0x3
    fb58:	4b0300e7 	sub	w7, w7, w3
    fb5c:	52800022 	mov	w2, #0x1                   	// #1
    fb60:	d2800003 	mov	x3, #0x0                   	// #0
    fb64:	9ac82029 	lsl	x9, x1, x8
    fb68:	f100013f 	cmp	x9, #0x0
    fb6c:	9a9f07e9 	cset	x9, ne	// ne = any
    fb70:	9ac72421 	lsr	x1, x1, x7
    fb74:	aa090021 	orr	x1, x1, x9
    fb78:	9ac82000 	lsl	x0, x0, x8
    fb7c:	aa010001 	orr	x1, x0, x1
    fb80:	17ffff9f 	b	f9fc <__trunctfdf2+0xcc>
    fb84:	91001021 	add	x1, x1, #0x4
    fb88:	92490022 	and	x2, x1, #0x80000000000000
    fb8c:	34fff720 	cbz	w0, fa70 <__trunctfdf2+0x140>
    fb90:	b4000142 	cbz	x2, fbb8 <__trunctfdf2+0x288>
    fb94:	91000468 	add	x8, x3, #0x1
    fb98:	d2800001 	mov	x1, #0x0                   	// #0
    fb9c:	12002908 	and	w8, w8, #0x7ff
    fba0:	52800300 	mov	w0, #0x18                  	// #24
    fba4:	aa08d028 	orr	x8, x1, x8, lsl #52
    fba8:	aa05fd13 	orr	x19, x8, x5, lsl #63
    fbac:	94000055 	bl	fd00 <__sfp_handle_exceptions>
    fbb0:	17ffff88 	b	f9d0 <__trunctfdf2+0xa0>
    fbb4:	34000140 	cbz	w0, fbdc <__trunctfdf2+0x2ac>
    fbb8:	aa0303e8 	mov	x8, x3
    fbbc:	17ffffc4 	b	facc <__trunctfdf2+0x19c>
    fbc0:	b5fff525 	cbnz	x5, fa64 <__trunctfdf2+0x134>
    fbc4:	340000c0 	cbz	w0, fbdc <__trunctfdf2+0x2ac>
    fbc8:	aa0303e8 	mov	x8, x3
    fbcc:	aa0803e3 	mov	x3, x8
    fbd0:	aa0303e8 	mov	x8, x3
    fbd4:	17ffffbe 	b	facc <__trunctfdf2+0x19c>
    fbd8:	35ffff00 	cbnz	w0, fbb8 <__trunctfdf2+0x288>
    fbdc:	d343d821 	ubfx	x1, x1, #3, #52
    fbe0:	12002868 	and	w8, w3, #0x7ff
    fbe4:	52800200 	mov	w0, #0x10                  	// #16
    fbe8:	17ffffef 	b	fba4 <__trunctfdf2+0x274>
    fbec:	11010c62 	add	w2, w3, #0x43
    fbf0:	f101011f 	cmp	x8, #0x40
    fbf4:	12800047 	mov	w7, #0xfffffffd            	// #-3
    fbf8:	4b0300e3 	sub	w3, w7, w3
    fbfc:	9ac22002 	lsl	x2, x0, x2
    fc00:	aa020022 	orr	x2, x1, x2
    fc04:	9a811041 	csel	x1, x2, x1, ne	// ne = any
    fc08:	9ac32400 	lsr	x0, x0, x3
    fc0c:	f100003f 	cmp	x1, #0x0
    fc10:	52800022 	mov	w2, #0x1                   	// #1
    fc14:	9a9f07e1 	cset	x1, ne	// ne = any
    fc18:	d2800003 	mov	x3, #0x0                   	// #0
    fc1c:	aa000021 	orr	x1, x1, x0
    fc20:	17ffff77 	b	f9fc <__trunctfdf2+0xcc>
    fc24:	d2800021 	mov	x1, #0x1                   	// #1
    fc28:	b4fffd25 	cbz	x5, fbcc <__trunctfdf2+0x29c>
    fc2c:	d2800008 	mov	x8, #0x0                   	// #0
    fc30:	d2800121 	mov	x1, #0x9                   	// #9
    fc34:	17ffffa6 	b	facc <__trunctfdf2+0x19c>
    fc38:	b5000165 	cbnz	x5, fc64 <__trunctfdf2+0x334>
    fc3c:	d2effe13 	mov	x19, #0x7ff0000000000000    	// #9218868437227405312
    fc40:	52800280 	mov	w0, #0x14                  	// #20
    fc44:	9400002f 	bl	fd00 <__sfp_handle_exceptions>
    fc48:	17ffff62 	b	f9d0 <__trunctfdf2+0xa0>
    fc4c:	d2800121 	mov	x1, #0x9                   	// #9
    fc50:	b4fff3e5 	cbz	x5, facc <__trunctfdf2+0x19c>
    fc54:	d2800003 	mov	x3, #0x0                   	// #0
    fc58:	d2800021 	mov	x1, #0x1                   	// #1
    fc5c:	aa0303e8 	mov	x8, x3
    fc60:	17ffff9b 	b	facc <__trunctfdf2+0x19c>
    fc64:	f10000bf 	cmp	x5, #0x0
    fc68:	92e00200 	mov	x0, #0xffefffffffffffff    	// #-4503599627370497
    fc6c:	d2effe01 	mov	x1, #0x7ff0000000000000    	// #9218868437227405312
    fc70:	9e670000 	fmov	d0, x0
    fc74:	9e670021 	fmov	d1, x1
    fc78:	52800280 	mov	w0, #0x14                  	// #20
    fc7c:	1e611c00 	fcsel	d0, d0, d1, ne	// ne = any
    fc80:	9e660013 	fmov	x19, d0
    fc84:	9400001f 	bl	fd00 <__sfp_handle_exceptions>
    fc88:	17ffff52 	b	f9d0 <__trunctfdf2+0xa0>
    fc8c:	b340cc22 	bfxil	x2, x1, #0, #52
    fc90:	52800200 	mov	w0, #0x10                  	// #16
    fc94:	b34c2862 	bfi	x2, x3, #52, #11
    fc98:	b34100c2 	bfi	x2, x6, #63, #1
    fc9c:	aa0203f3 	mov	x19, x2
    fca0:	94000018 	bl	fd00 <__sfp_handle_exceptions>
    fca4:	17ffff4b 	b	f9d0 <__trunctfdf2+0xa0>
    fca8:	92fc0203 	mov	x3, #0x1fefffffffffffff    	// #2301339409586323455
    fcac:	52800200 	mov	w0, #0x10                  	// #16
    fcb0:	8a410c61 	and	x1, x3, x1, lsr #3
    fcb4:	aa02d022 	orr	x2, x1, x2, lsl #52
    fcb8:	aa05fc53 	orr	x19, x2, x5, lsl #63
    fcbc:	94000011 	bl	fd00 <__sfp_handle_exceptions>
    fcc0:	17ffff44 	b	f9d0 <__trunctfdf2+0xa0>
    fcc4:	d343d821 	ubfx	x1, x1, #3, #52
    fcc8:	12002873 	and	w19, w3, #0x7ff
    fccc:	350000e0 	cbnz	w0, fce8 <__trunctfdf2+0x3b8>
    fcd0:	d2800002 	mov	x2, #0x0                   	// #0
    fcd4:	b340cc22 	bfxil	x2, x1, #0, #52
    fcd8:	b34c2a62 	bfi	x2, x19, #52, #11
    fcdc:	b34100c2 	bfi	x2, x6, #63, #1
    fce0:	aa0203f3 	mov	x19, x2
    fce4:	17ffff3b 	b	f9d0 <__trunctfdf2+0xa0>
    fce8:	530b2c80 	ubfx	w0, w4, #11, #1
    fcec:	531d7000 	lsl	w0, w0, #3
    fcf0:	17ffff85 	b	fb04 <__trunctfdf2+0x1d4>
	...

000000000000fd00 <__sfp_handle_exceptions>:
    fd00:	36000080 	tbz	w0, #0, fd10 <__sfp_handle_exceptions+0x10>
    fd04:	0f000401 	movi	v1.2s, #0x0
    fd08:	1e211820 	fdiv	s0, s1, s1
    fd0c:	d53b4421 	mrs	x1, fpsr
    fd10:	360800a0 	tbz	w0, #1, fd24 <__sfp_handle_exceptions+0x24>
    fd14:	1e2e1001 	fmov	s1, #1.000000000000000000e+00
    fd18:	0f000402 	movi	v2.2s, #0x0
    fd1c:	1e221820 	fdiv	s0, s1, s2
    fd20:	d53b4421 	mrs	x1, fpsr
    fd24:	36100100 	tbz	w0, #2, fd44 <__sfp_handle_exceptions+0x44>
    fd28:	5298b5c2 	mov	w2, #0xc5ae                	// #50606
    fd2c:	12b01001 	mov	w1, #0x7f7fffff            	// #2139095039
    fd30:	72ae93a2 	movk	w2, #0x749d, lsl #16
    fd34:	1e270021 	fmov	s1, w1
    fd38:	1e270042 	fmov	s2, w2
    fd3c:	1e222820 	fadd	s0, s1, s2
    fd40:	d53b4421 	mrs	x1, fpsr
    fd44:	36180080 	tbz	w0, #3, fd54 <__sfp_handle_exceptions+0x54>
    fd48:	0f044401 	movi	v1.2s, #0x80, lsl #16
    fd4c:	1e210820 	fmul	s0, s1, s1
    fd50:	d53b4421 	mrs	x1, fpsr
    fd54:	362000c0 	tbz	w0, #4, fd6c <__sfp_handle_exceptions+0x6c>
    fd58:	12b01000 	mov	w0, #0x7f7fffff            	// #2139095039
    fd5c:	1e2e1002 	fmov	s2, #1.000000000000000000e+00
    fd60:	1e270001 	fmov	s1, w0
    fd64:	1e223820 	fsub	s0, s1, s2
    fd68:	d53b4420 	mrs	x0, fpsr
    fd6c:	d65f03c0 	ret
